, TxHash, BlockHeight, TimesStamp, From, To, Value
0, 0, 0, 1576967128, 0x7458e554e5d51c3391a3b3720d5be40cca4b08a3, 0x00b1480259b3c9f9b0cb9b62bafac3c10c0d08bd, 2000.0000000000002
0, 0, 0, 1576967141, 0x83053c32b7819f420dcfed2d218335fe430fe3b5, 0x00b1480259b3c9f9b0cb9b62bafac3c10c0d08bd, 0.0
0, 0, 0, 1576967178, 0x00b1480259b3c9f9b0cb9b62bafac3c10c0d08bd, 0x79f7a9c8a6170f95ff8532415c59599232537f67, 500.00031500000006
0, 0, 0, 1576967368, 0xc42c011e4707d10cc9665de0ac7849e1afe0c118, 0x00b1480259b3c9f9b0cb9b62bafac3c10c0d08bd, 1999.9979210000001
0, 0, 0, 1576967524, 0x00b1480259b3c9f9b0cb9b62bafac3c10c0d08bd, 0xa761f99518c0238a4b066029143301c62deb0dc0, 3499.9969970000006
