, TxHash, BlockHeight, TimesStamp, From, To, Value
0, 0, 0, 1575464404, 0x6d44cc55dfd2dd0da5009c8973bbbf62b9afafb4, 0x0158cdd1ba234c9311e42890d00397b7478b5699, 499.9991600000001
0, 0, 0, 1575464428, 0x0158cdd1ba234c9311e42890d00397b7478b5699, 0x632f47d0b28ee1e794b65d94c313de696083660c, 499.99874
0, 0, 0, 1575465631, 0x83053c32b7819f420dcfed2d218335fe430fe3b5, 0x0158cdd1ba234c9311e42890d00397b7478b5699, 0.0
