, TxHash, BlockHeight, TimesStamp, From, To, Value
0, 0, 0, 1575714562, 0x59ea60ab5c7640a3018dc8b7fef9e5d0f182f4a6, 0x020608c33f6145a10938a8faccaf2ee9d3cef1db, 50.000420000000005
0, 0, 0, 1575714599, 0x020608c33f6145a10938a8faccaf2ee9d3cef1db, 0xab1facf1c14585c1918506a4f36a8707df77e555, 50.00000000000001
0, 0, 0, 1575714671, 0x83053c32b7819f420dcfed2d218335fe430fe3b5, 0x020608c33f6145a10938a8faccaf2ee9d3cef1db, 0.0
