, TxHash, BlockHeight, TimesStamp, From, To, Value
0, 0, 0, 1575704559, 0x52c2e3a608f7e6f32a829b017788c24309dd33ce, 0x026eb6836b00413fc4ef7c4f09735ed81c91cd0b, 20.000924
0, 0, 0, 1575704569, 0x026eb6836b00413fc4ef7c4f09735ed81c91cd0b, 0x63e164562465b0f180719c12e293772c416a6334, 20.000462000000002
0, 0, 0, 1575704602, 0x83053c32b7819f420dcfed2d218335fe430fe3b5, 0x026eb6836b00413fc4ef7c4f09735ed81c91cd0b, 0.0
