, TxHash, BlockHeight, TimesStamp, From, To, Value
0, 0, 0, 1575661181, 0xfa45dedf71cd3cee1fe6be2539c8fb92fba80080, 0x02bede6c2bf2e6285b1fec0b53bd02046af5e13a, 30.000273000000004
0, 0, 0, 1575661233, 0x02bede6c2bf2e6285b1fec0b53bd02046af5e13a, 0xa89509bebfd26c3651bb2c8a3571323bf6abed95, 30.000000000000004
0, 0, 0, 1575661493, 0x83053c32b7819f420dcfed2d218335fe430fe3b5, 0x02bede6c2bf2e6285b1fec0b53bd02046af5e13a, 0.0
