, TxHash, BlockHeight, TimesStamp, From, To, Value
0, 0, 0, 1576566402, 0x52833db2353cb8e1fe099c57b52e5cc10fc1da85, 0x03ca479de5e6e0b9688b5af488c197ec7b0b128a, 524.3656060748581
0, 0, 0, 1576566449, 0x83053c32b7819f420dcfed2d218335fe430fe3b5, 0x03ca479de5e6e0b9688b5af488c197ec7b0b128a, 0.0
0, 0, 0, 1576566449, 0x03ca479de5e6e0b9688b5af488c197ec7b0b128a, 0xff315e16e2110ea8ac00502f568e357cdfdb9f47, 524.3653330748581
