, TxHash, BlockHeight, TimesStamp, From, To, Value
0, 0, 0, 1575681958, 0xef1d25731b30386a07be9c86eafc4d9dfcd54462, 0x03e6450845d9ba11b3aae8e1050fce3ac52f804d, 30.000315
0, 0, 0, 1575681965, 0x03e6450845d9ba11b3aae8e1050fce3ac52f804d, 0xab1facf1c14585c1918506a4f36a8707df77e555, 30.000000000000004
0, 0, 0, 1575682030, 0x83053c32b7819f420dcfed2d218335fe430fe3b5, 0x03e6450845d9ba11b3aae8e1050fce3ac52f804d, 0.0
