, TxHash, BlockHeight, TimesStamp, From, To, Value
0, 0, 0, 1575639487, 0x541f5c20e1504bf749ea65328fb4fdda5cc3e6b9, 0x040e0a2758304201db21fae8ae4e64a6bd3048fd, 12.000882
0, 0, 0, 1575639512, 0x040e0a2758304201db21fae8ae4e64a6bd3048fd, 0x53f9fd3b5448d08e9982518feb21b6022015da98, 12.000441
0, 0, 0, 1575640004, 0x83053c32b7819f420dcfed2d218335fe430fe3b5, 0x040e0a2758304201db21fae8ae4e64a6bd3048fd, 0.0
