, TxHash, BlockHeight, TimesStamp, From, To, Value
0, 0, 0, 1575720906, 0x52c2e3a608f7e6f32a829b017788c24309dd33ce, 0x0413af82c5a26d44fb48216bc4f44f6ad07ab1e0, 1.00156
0, 0, 0, 1575720948, 0x0413af82c5a26d44fb48216bc4f44f6ad07ab1e0, 0x2fd721ed588faa8c773256f740fd1d1cb65e01d3, 1.00078
0, 0, 0, 1575720976, 0x83053c32b7819f420dcfed2d218335fe430fe3b5, 0x0413af82c5a26d44fb48216bc4f44f6ad07ab1e0, 0.0
