, TxHash, BlockHeight, TimesStamp, From, To, Value
0, 0, 0, 1575676288, 0x541f5c20e1504bf749ea65328fb4fdda5cc3e6b9, 0x04e89fb1369598569a77a82f15bcaa7f16922193, 30.000714000000002
0, 0, 0, 1575676370, 0x04e89fb1369598569a77a82f15bcaa7f16922193, 0x4030f958b87ee193660e91524de3f03a149b3ded, 30.000357
0, 0, 0, 1575676374, 0x83053c32b7819f420dcfed2d218335fe430fe3b5, 0x04e89fb1369598569a77a82f15bcaa7f16922193, 0.0
