, TxHash, BlockHeight, TimesStamp, From, To, Value
0, 0, 0, 1575724655, 0x52c2e3a608f7e6f32a829b017788c24309dd33ce, 0x0519ee9603839d69ec47fe26bdc934c1e3fa80fb, 10.000504000000001
0, 0, 0, 1575724688, 0x83053c32b7819f420dcfed2d218335fe430fe3b5, 0x0519ee9603839d69ec47fe26bdc934c1e3fa80fb, 0.0
0, 0, 0, 1575724688, 0x0519ee9603839d69ec47fe26bdc934c1e3fa80fb, 0x6aa90b07685e01717c8c2b0d486f024f3996583f, 10.000252000000001
