, TxHash, BlockHeight, TimesStamp, From, To, Value
0, 0, 0, 1576729256, 0xd54feefce2b6ffc4421ea719aae30da6b1350a75, 0x05f619fd83f11e7cd3198563120bef40e38232f0, 499.99865600000004
0, 0, 0, 1576729278, 0x83053c32b7819f420dcfed2d218335fe430fe3b5, 0x05f619fd83f11e7cd3198563120bef40e38232f0, 0.0
0, 0, 0, 1576729278, 0x05f619fd83f11e7cd3198563120bef40e38232f0, 0x8b14a420b5052de54e4e3baa70a661b850d49088, 100.00000000000001
0, 0, 0, 1576729447, 0x05f619fd83f11e7cd3198563120bef40e38232f0, 0x63c77731d2b8bb5f7543ef841291c3db4946ec7e, 100.00000000000001
0, 0, 0, 1576729478, 0x05f619fd83f11e7cd3198563120bef40e38232f0, 0x88bb92c74bfc942370cf3b8ba87815365c523e1f, 100.00000000000001
0, 0, 0, 1576729598, 0x05f619fd83f11e7cd3198563120bef40e38232f0, 0xa028c34fad53b6311b76f3f1f36e052004018226, 100.00000000000001
0, 0, 0, 1576729660, 0x05f619fd83f11e7cd3198563120bef40e38232f0, 0x3d3def2a072d34f82ed72bda0151a518ba8496c1, 99.99655600000001
