, TxHash, BlockHeight, TimesStamp, From, To, Value
0, 0, 0, 1575684701, 0x09e2d29cc752d4599912ef19bfac9280aaccc1a4, 0x05e5882625efa915f99c7a9be589672ac8601c0f, 12.981444958128181
0, 0, 0, 1575684739, 0x83053c32b7819f420dcfed2d218335fe430fe3b5, 0x05e5882625efa915f99c7a9be589672ac8601c0f, 0.0
0, 0, 0, 1575684739, 0x05e5882625efa915f99c7a9be589672ac8601c0f, 0x805fdbd651a061f2e701525c1a71d9f959d73779, 12.98112995812818
