, TxHash, BlockHeight, TimesStamp, From, To, Value
0, 0, 0, 1575634280, 0x541f5c20e1504bf749ea65328fb4fdda5cc3e6b9, 0x05867e2800fb6e876777100492bcc0fd2fd4bc6c, 10.000924000000001
0, 0, 0, 1575634293, 0x83053c32b7819f420dcfed2d218335fe430fe3b5, 0x05867e2800fb6e876777100492bcc0fd2fd4bc6c, 0.0
0, 0, 0, 1575634293, 0x05867e2800fb6e876777100492bcc0fd2fd4bc6c, 0xf969766d9025e8db7c620d4acedc3a21a930db14, 10.000462
