, TxHash, BlockHeight, TimesStamp, From, To, Value
0, 0, 0, 1575665257, 0x541f5c20e1504bf749ea65328fb4fdda5cc3e6b9, 0x05ca38ccebc123b7752a0bf9f79a4d092e1caf85, 40.000840000000004
0, 0, 0, 1575665269, 0x05ca38ccebc123b7752a0bf9f79a4d092e1caf85, 0x029ba62ae4f2255070b7be0ec73682f505b6f3ef, 40.000420000000005
0, 0, 0, 1575665399, 0x83053c32b7819f420dcfed2d218335fe430fe3b5, 0x05ca38ccebc123b7752a0bf9f79a4d092e1caf85, 0.0
