, TxHash, BlockHeight, TimesStamp, From, To, Value
0, 0, 0, 1574940566, 0xf4678169b1eb0c141fd99942ac02191145fefe3f, 0x0651ccbcf0dadcea7b6696024c94a235eb2921c6, 1000.0000000000001
0, 0, 0, 1574940676, 0xf4678169b1eb0c141fd99942ac02191145fefe3f, 0x0651ccbcf0dadcea7b6696024c94a235eb2921c6, 10000.0
0, 0, 0, 1574940676, 0x39925dd94671970b23220cbd5b1e8ed5dd521f15, 0x0651ccbcf0dadcea7b6696024c94a235eb2921c6, 0.0001
0, 0, 0, 1575015198, 0x4b89836e6b7749bb97b576339060436186f96ab4, 0x0651ccbcf0dadcea7b6696024c94a235eb2921c6, 0.001
0, 0, 0, 1575465771, 0x83053c32b7819f420dcfed2d218335fe430fe3b5, 0x0651ccbcf0dadcea7b6696024c94a235eb2921c6, 0.0
0, 0, 0, 1576227202, 0x0651ccbcf0dadcea7b6696024c94a235eb2921c6, 0x630cf30ee39403cd677ea1fb564b219867b6e568, 5005.0
0, 0, 0, 1576227424, 0x0651ccbcf0dadcea7b6696024c94a235eb2921c6, 0xc2baa6b8dfb3ca561619a9f9518e1f9652103d63, 5005.0
0, 0, 0, 1577608254, 0x51a2176a38db9e5ebdecadd2b6142d13f2382c86, 0x0651ccbcf0dadcea7b6696024c94a235eb2921c6, 0.001
0, 0, 0, 1578153783, 0xc2baa6b8dfb3ca561619a9f9518e1f9652103d63, 0x0651ccbcf0dadcea7b6696024c94a235eb2921c6, 9.985085000000002
0, 0, 0, 1578153932, 0x0651ccbcf0dadcea7b6696024c94a235eb2921c6, 0xf4678169b1eb0c141fd99942ac02191145fefe3f, 999.9860930000001
