, TxHash, BlockHeight, TimesStamp, From, To, Value
0, 0, 0, 1576340351, 0x2d108740a7839bc0d62cb61cce2205a32a56fd38, 0x0632d347f754c8d5e5a7cca635fb178b8e42cb9e, 2000.0000000000002
0, 0, 0, 1576340402, 0x83053c32b7819f420dcfed2d218335fe430fe3b5, 0x0632d347f754c8d5e5a7cca635fb178b8e42cb9e, 0.0
0, 0, 0, 1576474093, 0x0632d347f754c8d5e5a7cca635fb178b8e42cb9e, 0x4a39507dcd957e580a0e546c9635e5b91c717920, 0.01
0, 0, 0, 1576479223, 0x0632d347f754c8d5e5a7cca635fb178b8e42cb9e, 0x4a39507dcd957e580a0e546c9635e5b91c717920, 375.82000000000005
0, 0, 0, 1576548013, 0x0632d347f754c8d5e5a7cca635fb178b8e42cb9e, 0x4a39507dcd957e580a0e546c9635e5b91c717920, 846.0000000000001
0, 0, 0, 1576559166, 0x0632d347f754c8d5e5a7cca635fb178b8e42cb9e, 0x0ac8499cbb751bad6dd20be04397cc023f1a2457, 3.0
0, 0, 0, 1576559764, 0x0632d347f754c8d5e5a7cca635fb178b8e42cb9e, 0x71f3045d129c858bf4483be8f2e7c403e375aef5, 0.1
0, 0, 0, 1576559814, 0x0632d347f754c8d5e5a7cca635fb178b8e42cb9e, 0x96cc2f7e416d1356875193683d538fb81bc80663, 0.1
0, 0, 0, 1576573441, 0x0632d347f754c8d5e5a7cca635fb178b8e42cb9e, 0x6d7dfd3d017f6a9cd16781d536289b542ced912e, 300.0
0, 0, 0, 1576630857, 0x0632d347f754c8d5e5a7cca635fb178b8e42cb9e, 0x96cc2f7e416d1356875193683d538fb81bc80663, 474.96812610600006
