, TxHash, BlockHeight, TimesStamp, From, To, Value
0, 0, 0, 1575717957, 0x5b609729bde65c134c6d12966b7c2d15f732c994, 0x069274eb7732a2f9f71af27af37d882127fdfd29, 50.000462000000006
0, 0, 0, 1575717973, 0x069274eb7732a2f9f71af27af37d882127fdfd29, 0xab1facf1c14585c1918506a4f36a8707df77e555, 50.00000000000001
0, 0, 0, 1575718056, 0x83053c32b7819f420dcfed2d218335fe430fe3b5, 0x069274eb7732a2f9f71af27af37d882127fdfd29, 0.0
