, TxHash, BlockHeight, TimesStamp, From, To, Value
0, 0, 0, 1576912066, 0x17560d0b04f481f359e2ffe0b292b6ee40db8029, 0x070913b94548331bb167c8cf208c3b53c9822f67, 1500.000546
0, 0, 0, 1576912100, 0x83053c32b7819f420dcfed2d218335fe430fe3b5, 0x070913b94548331bb167c8cf208c3b53c9822f67, 0.0
0, 0, 0, 1576912100, 0x070913b94548331bb167c8cf208c3b53c9822f67, 0x2e2fa84148cce8c45d21e0a091dc6863e55eb483, 1500.0002730000003
