, TxHash, BlockHeight, TimesStamp, From, To, Value
0, 0, 0, 1577088111, 0xc702a0f8278973cf80491d2c060dc1835489578d, 0x07be287f8756092fd4f58b7d967d356d89f71665, 500.00048300000003
0, 0, 0, 1577088133, 0x83053c32b7819f420dcfed2d218335fe430fe3b5, 0x07be287f8756092fd4f58b7d967d356d89f71665, 0.0
0, 0, 0, 1577088133, 0x07be287f8756092fd4f58b7d967d356d89f71665, 0x84f4bcc4e841afdfde7899662f8bbd7d6a71c112, 500.00000000000006
