, TxHash, BlockHeight, TimesStamp, From, To, Value
0, 0, 0, 1576733129, 0xa337427674e364df3f531e83251ea20a78b9a1b9, 0x07fe041c2c2f0971d143dfc6b1eec748200c5657, 7257.551590041127
0, 0, 0, 1576733154, 0x83053c32b7819f420dcfed2d218335fe430fe3b5, 0x07fe041c2c2f0971d143dfc6b1eec748200c5657, 0.0
0, 0, 0, 1576735683, 0x07fe041c2c2f0971d143dfc6b1eec748200c5657, 0x4e711847917e22837d1499577f94a736fdc9e671, 7257.551382141128
