, TxHash, BlockHeight, TimesStamp, From, To, Value
0, 0, 0, 1575615685, 0xcd476307999272fe506233672f77b89d6002a2d5, 0x07cee4c3da9630218cbed1732455d94247fe5bda, 2.0
0, 0, 0, 1575615724, 0x83053c32b7819f420dcfed2d218335fe430fe3b5, 0x07cee4c3da9630218cbed1732455d94247fe5bda, 0.0
0, 0, 0, 1575615865, 0x07cee4c3da9630218cbed1732455d94247fe5bda, 0x073903b967e40ff9f1190df3adad3929a5d3903f, 1.9995800000000001
0, 0, 0, 1575616590, 0xcd476307999272fe506233672f77b89d6002a2d5, 0x07cee4c3da9630218cbed1732455d94247fe5bda, 2.0
0, 0, 0, 1575616781, 0x07cee4c3da9630218cbed1732455d94247fe5bda, 0x073903b967e40ff9f1190df3adad3929a5d3903f, 1.9995800000000001
0, 0, 0, 1575617409, 0xcd476307999272fe506233672f77b89d6002a2d5, 0x07cee4c3da9630218cbed1732455d94247fe5bda, 5.0
0, 0, 0, 1575617507, 0x07cee4c3da9630218cbed1732455d94247fe5bda, 0x073903b967e40ff9f1190df3adad3929a5d3903f, 4.999580000000001
0, 0, 0, 1575618438, 0x7f6482e5019b6fc3359c345e64a373bdb931a2b7, 0x07cee4c3da9630218cbed1732455d94247fe5bda, 10.578482000000001
0, 0, 0, 1575618661, 0x07cee4c3da9630218cbed1732455d94247fe5bda, 0x073903b967e40ff9f1190df3adad3929a5d3903f, 10.578062000000001
0, 0, 0, 1575622040, 0xd82f058db7db814b5f29b6358bb11c5ec085fa62, 0x07cee4c3da9630218cbed1732455d94247fe5bda, 11.684531000000002
0, 0, 0, 1575622157, 0x07cee4c3da9630218cbed1732455d94247fe5bda, 0x073903b967e40ff9f1190df3adad3929a5d3903f, 11.684111000000001
0, 0, 0, 1575623399, 0x5dc40d7396c64d9271d6094d046840a1c797fbee, 0x07cee4c3da9630218cbed1732455d94247fe5bda, 10.0
0, 0, 0, 1575623614, 0x07cee4c3da9630218cbed1732455d94247fe5bda, 0x073903b967e40ff9f1190df3adad3929a5d3903f, 9.99958
0, 0, 0, 1575624971, 0xdbb168fd6547888e14030a5836dc44a4974b7bde, 0x07cee4c3da9630218cbed1732455d94247fe5bda, 10.0
0, 0, 0, 1575625119, 0x07cee4c3da9630218cbed1732455d94247fe5bda, 0x073903b967e40ff9f1190df3adad3929a5d3903f, 9.99958
