, TxHash, BlockHeight, TimesStamp, From, To, Value
0, 0, 0, 1575632717, 0x541f5c20e1504bf749ea65328fb4fdda5cc3e6b9, 0x080f949d294b3b55a60d75c1f9f4dfbe66c4b843, 15.000966000000002
0, 0, 0, 1575632724, 0x080f949d294b3b55a60d75c1f9f4dfbe66c4b843, 0x1d63b553deabba22187c82e94cf2add525808213, 15.000483000000001
0, 0, 0, 1575632784, 0x83053c32b7819f420dcfed2d218335fe430fe3b5, 0x080f949d294b3b55a60d75c1f9f4dfbe66c4b843, 0.0
