, TxHash, BlockHeight, TimesStamp, From, To, Value
0, 0, 0, 1578197308, 0x65b04162003977873cb18e54ecef805186a559b6, 0x093e846e793c795be7213dd2fa4a14c9ccb0546b, 100.00048300000002
0, 0, 0, 1578197346, 0x83053c32b7819f420dcfed2d218335fe430fe3b5, 0x093e846e793c795be7213dd2fa4a14c9ccb0546b, 0.0
0, 0, 0, 1578197350, 0x093e846e793c795be7213dd2fa4a14c9ccb0546b, 0xd40885c8d582a2b8d7c5e3627d6f116dc37772dc, 100.00000000000001
