, TxHash, BlockHeight, TimesStamp, From, To, Value
0, 0, 0, 1575638281, 0x541f5c20e1504bf749ea65328fb4fdda5cc3e6b9, 0x09d40e547f7fc2340c21ea38a16462207639e633, 15.000630000000001
0, 0, 0, 1575638339, 0x83053c32b7819f420dcfed2d218335fe430fe3b5, 0x09d40e547f7fc2340c21ea38a16462207639e633, 0.0
0, 0, 0, 1575641348, 0x09d40e547f7fc2340c21ea38a16462207639e633, 0x55e5c96ca86b3bbd33e29c756c0785616fff6559, 15.000210000000001
