, TxHash, BlockHeight, TimesStamp, From, To, Value
0, 0, 0, 1575684669, 0x541f5c20e1504bf749ea65328fb4fdda5cc3e6b9, 0x09e2d29cc752d4599912ef19bfac9280aaccc1a4, 12.98175995812818
0, 0, 0, 1575684701, 0x09e2d29cc752d4599912ef19bfac9280aaccc1a4, 0x05e5882625efa915f99c7a9be589672ac8601c0f, 12.981444958128181
0, 0, 0, 1575684739, 0x83053c32b7819f420dcfed2d218335fe430fe3b5, 0x09e2d29cc752d4599912ef19bfac9280aaccc1a4, 0.0
