, TxHash, BlockHeight, TimesStamp, From, To, Value
0, 0, 0, 1576992919, 0xcae097f61c9cb27a2552123a615ccdb2d12e67d7, 0x0ae7db4096e9d17fc88afd42775448503cc74c83, 500.00027300000005
0, 0, 0, 1576992999, 0x0ae7db4096e9d17fc88afd42775448503cc74c83, 0x37bcb8fa56a8becfc093dbef200aae058adea59e, 500.00000000000006
0, 0, 0, 1576995485, 0x83053c32b7819f420dcfed2d218335fe430fe3b5, 0x0ae7db4096e9d17fc88afd42775448503cc74c83, 0.0
