, TxHash, BlockHeight, TimesStamp, From, To, Value
0, 0, 0, 1575718875, 0xb7696fbfd25198fcc1378a7aea0e946971a7c014, 0x0a97c12253ff6714375d4c62da8e8c9fbabd99a6, 50.000252
0, 0, 0, 1575718895, 0x0a97c12253ff6714375d4c62da8e8c9fbabd99a6, 0xab1facf1c14585c1918506a4f36a8707df77e555, 50.00000000000001
0, 0, 0, 1575718986, 0x83053c32b7819f420dcfed2d218335fe430fe3b5, 0x0a97c12253ff6714375d4c62da8e8c9fbabd99a6, 0.0
