, TxHash, BlockHeight, TimesStamp, From, To, Value
0, 0, 0, 1575443199, 0xec305a14191fa627b151f16f59183e7e274d81ed, 0x0a1997046c7b55b06a223ab5b43a1d1d6eee0578, 98.99244
0, 0, 0, 1575443205, 0x0a1997046c7b55b06a223ab5b43a1d1d6eee0578, 0x8f4b2d313c332d4fe6f2c767715c80fb1c43dd3e, 98.99202000000001
0, 0, 0, 1575465691, 0x83053c32b7819f420dcfed2d218335fe430fe3b5, 0x0a1997046c7b55b06a223ab5b43a1d1d6eee0578, 0.0
