, TxHash, BlockHeight, TimesStamp, From, To, Value
0, 0, 0, 1576632325, 0xd04b69d1b837c5cfdab3023080609cf76ac17030, 0x0a0706736038ad0e2a0630cfb5a7ad28a279a7f5, 404.360797074858
0, 0, 0, 1576632342, 0x83053c32b7819f420dcfed2d218335fe430fe3b5, 0x0a0706736038ad0e2a0630cfb5a7ad28a279a7f5, 0.0
0, 0, 0, 1576632342, 0x0a0706736038ad0e2a0630cfb5a7ad28a279a7f5, 0x7635cb2cc6e6edb8db8a92d23eedbcfb534fc793, 404.360356074858
