, TxHash, BlockHeight, TimesStamp, From, To, Value
0, 0, 0, 1576138972, 0xd2b5383854cf2fcdb75bfc5b280defbf5121c1d1, 0x0bd32a75f9e7fac5017d98cb365a6132f02e8faf, 500.00000000000006
0, 0, 0, 1576139041, 0x83053c32b7819f420dcfed2d218335fe430fe3b5, 0x0bd32a75f9e7fac5017d98cb365a6132f02e8faf, 0.0
0, 0, 0, 1576139769, 0x0bd32a75f9e7fac5017d98cb365a6132f02e8faf, 0x44c5d6ac408a1819cbe0b098636c3349f4c6a8c6, 28.183942700000003
0, 0, 0, 1576141446, 0x0bd32a75f9e7fac5017d98cb365a6132f02e8faf, 0x0dff797133259fda6f95b3efcb3ce1aa38f1f87c, 30.399508236200003
0, 0, 0, 1576198602, 0x0bd32a75f9e7fac5017d98cb365a6132f02e8faf, 0xd6d1eb1ca58c45d19716d6540d0a2a8f1b00286e, 28.348134
0, 0, 0, 1576200141, 0x0bd32a75f9e7fac5017d98cb365a6132f02e8faf, 0xbc9138f2308a237e200b4e881facf8403870638f, 10.284592
0, 0, 0, 1576201315, 0x0bd32a75f9e7fac5017d98cb365a6132f02e8faf, 0x5cf9dd1c321213025654a73195394a0b01be9f94, 21.58418584
0, 0, 0, 1576207448, 0x0bd32a75f9e7fac5017d98cb365a6132f02e8faf, 0x8846daf725122c2c55c7122a47f6a594535edf28, 20.131998000000003
0, 0, 0, 1576226041, 0x0bd32a75f9e7fac5017d98cb365a6132f02e8faf, 0x67ffc18ed78ad720c4dcaa799afb8b995542cb0e, 20.0
0, 0, 0, 1576226773, 0x0bd32a75f9e7fac5017d98cb365a6132f02e8faf, 0xc528fa1d39d4f720db953532d820d4dede4c3ff0, 30.000399
0, 0, 0, 1576227379, 0x0bd32a75f9e7fac5017d98cb365a6132f02e8faf, 0xa8743dbf4d78b8ba1ad6c3abdecfce124bfc55d9, 50.000294000000004
0, 0, 0, 1576227941, 0x0bd32a75f9e7fac5017d98cb365a6132f02e8faf, 0xfd2a2f48fe7aa682c190381bc85801ee18e0448b, 50.000357
0, 0, 0, 1576228558, 0x0bd32a75f9e7fac5017d98cb365a6132f02e8faf, 0xcb0516d1cb12124555f1f0012fa24690df33c7ed, 51.00039900000001
0, 0, 0, 1576229199, 0x0bd32a75f9e7fac5017d98cb365a6132f02e8faf, 0xc7bd505a7d2fcb7b859f80c54c8746c23d4e2108, 52.000294000000004
0, 0, 0, 1576229840, 0x0bd32a75f9e7fac5017d98cb365a6132f02e8faf, 0x7b03198ac1139a5cb9f514d6150215fc64627e81, 54.000462000000006
0, 0, 0, 1576230474, 0x0bd32a75f9e7fac5017d98cb365a6132f02e8faf, 0x67ffc18ed78ad720c4dcaa799afb8b995542cb0e, 54.0602052238
