, TxHash, BlockHeight, TimesStamp, From, To, Value
0, 0, 0, 1575647768, 0x541f5c20e1504bf749ea65328fb4fdda5cc3e6b9, 0x0b551286ee29f7dfdff73073ef171c16ffedb8c6, 10.000714
0, 0, 0, 1575647822, 0x0b551286ee29f7dfdff73073ef171c16ffedb8c6, 0xb3517810f1b05d9c1186be067ab63ce740026fe6, 10.000357000000001
0, 0, 0, 1575647974, 0x83053c32b7819f420dcfed2d218335fe430fe3b5, 0x0b551286ee29f7dfdff73073ef171c16ffedb8c6, 0.0
