, TxHash, BlockHeight, TimesStamp, From, To, Value
0, 0, 0, 1576628977, 0xd04b69d1b837c5cfdab3023080609cf76ac17030, 0x0ccbea058cb859f5587a3589dacf250142b82d02, 50.00031500000001
0, 0, 0, 1576629028, 0x83053c32b7819f420dcfed2d218335fe430fe3b5, 0x0ccbea058cb859f5587a3589dacf250142b82d02, 0.0
0, 0, 0, 1576629028, 0x0ccbea058cb859f5587a3589dacf250142b82d02, 0x7635cb2cc6e6edb8db8a92d23eedbcfb534fc793, 50.00000000000001
