, TxHash, BlockHeight, TimesStamp, From, To, Value
0, 0, 0, 1576606765, 0x6ffd3b16c6fb35b5137f525d4857d6529985f392, 0x0cafff02bb1a7ed4e4a351a1767a05428cbc8b1e, 990.0000000000001
0, 0, 0, 1576606774, 0x83053c32b7819f420dcfed2d218335fe430fe3b5, 0x0cafff02bb1a7ed4e4a351a1767a05428cbc8b1e, 0.0
0, 0, 0, 1576629779, 0x0cafff02bb1a7ed4e4a351a1767a05428cbc8b1e, 0xcb78412175f12c28ec8e6663fcaeca38a71c73aa, 989.999769
