, TxHash, BlockHeight, TimesStamp, From, To, Value
0, 0, 0, 1576826971, 0x4e711847917e22837d1499577f94a736fdc9e671, 0x0c4f68abdb5dbfd591a18ea3a98882e1a9b39379, 86.2
0, 0, 0, 1576827032, 0x83053c32b7819f420dcfed2d218335fe430fe3b5, 0x0c4f68abdb5dbfd591a18ea3a98882e1a9b39379, 0.0
0, 0, 0, 1576827102, 0x0c4f68abdb5dbfd591a18ea3a98882e1a9b39379, 0xa180eb27c5864994651ecc1cb913914cd8d37e2c, 86.10000000000001
0, 0, 0, 1576830380, 0x0c4f68abdb5dbfd591a18ea3a98882e1a9b39379, 0x4e711847917e22837d1499577f94a736fdc9e671, 0.099538
