, TxHash, BlockHeight, TimesStamp, From, To, Value
0, 0, 0, 1576994181, 0x410ee2e3752ab080a06ce8297100a6513fe94bc0, 0x0ebc7da0a40ff0736f6118dfa0f0030005330bb7, 499.99850900000007
0, 0, 0, 1576994213, 0x0ebc7da0a40ff0736f6118dfa0f0030005330bb7, 0x37bcb8fa56a8becfc093dbef200aae058adea59e, 499.99817300000007
0, 0, 0, 1576995485, 0x83053c32b7819f420dcfed2d218335fe430fe3b5, 0x0ebc7da0a40ff0736f6118dfa0f0030005330bb7, 0.0
