, TxHash, BlockHeight, TimesStamp, From, To, Value
0, 0, 0, 1575542940, 0x2b6007ef815a557c1b50a808957046f58e0c96c8, 0x0ea57b0efdb039dfa4ff890c325f083922c922a9, 1.000714
0, 0, 0, 1575542992, 0x0ea57b0efdb039dfa4ff890c325f083922c922a9, 0xc3ab16bcdd98caec877e71b64887c8a24a5f2117, 1.0003570000000002
0, 0, 0, 1575543044, 0x83053c32b7819f420dcfed2d218335fe430fe3b5, 0x0ea57b0efdb039dfa4ff890c325f083922c922a9, 0.0
