, TxHash, BlockHeight, TimesStamp, From, To, Value
0, 0, 0, 1576953539, 0x5f73016b556290b7a7ea6e72fa0d808bb9f2ea0e, 0x0e40fd74122a23b960af3dd84084500e83e4d915, 500.000399
0, 0, 0, 1576953540, 0x83053c32b7819f420dcfed2d218335fe430fe3b5, 0x0e40fd74122a23b960af3dd84084500e83e4d915, 0.0
0, 0, 0, 1576953540, 0x0e40fd74122a23b960af3dd84084500e83e4d915, 0x84f4bcc4e841afdfde7899662f8bbd7d6a71c112, 500.00000000000006
