, TxHash, BlockHeight, TimesStamp, From, To, Value
0, 0, 0, 1575876079, 0x52c2e3a608f7e6f32a829b017788c24309dd33ce, 0x0fbf7dd41bf99b6e739ec47d240a8b35c4a10a21, 16.95371
0, 0, 0, 1575876124, 0x0fbf7dd41bf99b6e739ec47d240a8b35c4a10a21, 0xb2a9cc507a503b7f62c53966fa3d72d5335aeff2, 16.953395
0, 0, 0, 1575876253, 0x83053c32b7819f420dcfed2d218335fe430fe3b5, 0x0fbf7dd41bf99b6e739ec47d240a8b35c4a10a21, 0.0
