, TxHash, BlockHeight, TimesStamp, From, To, Value
0, 0, 0, 1575798928, 0x65470c1fc687b57e908efd694b8cefd36a91ad17, 0x108f680731c464b5ae330e54abfd3ec3d03965da, 9.9998824
0, 0, 0, 1575798928, 0xe7f83b41c3d0b7da4f448c05795c5b356a34937f, 0x108f680731c464b5ae330e54abfd3ec3d03965da, 9.9998824
0, 0, 0, 1575798928, 0x628e47d73675ae07eaf817ead436a734bde3bf39, 0x108f680731c464b5ae330e54abfd3ec3d03965da, 9.9998824
0, 0, 0, 1575798928, 0xaea713d1aa60b95ff89ab510fe39a66a86b2eb3e, 0x108f680731c464b5ae330e54abfd3ec3d03965da, 9.9998824
0, 0, 0, 1575798928, 0x6bb98da2e0f962d4ddaf012fa26b8c4b4aece529, 0x108f680731c464b5ae330e54abfd3ec3d03965da, 9.066073049730548
0, 0, 0, 1575798944, 0x83053c32b7819f420dcfed2d218335fe430fe3b5, 0x108f680731c464b5ae330e54abfd3ec3d03965da, 0.0
0, 0, 0, 1575799188, 0x108f680731c464b5ae330e54abfd3ec3d03965da, 0x6bfe970bced2d894553ca53b2017f9f71bbe8daf, 7.3100000000000005
0, 0, 0, 1575799476, 0x108f680731c464b5ae330e54abfd3ec3d03965da, 0x315205c0748a8ae75a2f3082024ed3c68aa516ed, 5.3500000000000005
0, 0, 0, 1575856303, 0x108f680731c464b5ae330e54abfd3ec3d03965da, 0xc5e7fb4d58a914a202aa75b489a6f4c974e38a49, 1.0869
0, 0, 0, 1575873583, 0x108f680731c464b5ae330e54abfd3ec3d03965da, 0xe65567736f86ec61484fc2b60717f66beb615fe5, 2.5908
0, 0, 0, 1575967204, 0x108f680731c464b5ae330e54abfd3ec3d03965da, 0xf0281e1bed22091b11308cc7a35435ceaf39c844, 0.5875
0, 0, 0, 1575967317, 0x108f680731c464b5ae330e54abfd3ec3d03965da, 0x05465c4e2cb04b588bfeee785c74d3ba596178bf, 1.4699000000000002
0, 0, 0, 1576022013, 0x108f680731c464b5ae330e54abfd3ec3d03965da, 0x01eeebb255bfd24ca53eccdaf7706b44ebf8c8dc, 2.049
0, 0, 0, 1576022175, 0x108f680731c464b5ae330e54abfd3ec3d03965da, 0xaa96871d4e9e6b4cb24f8f725480ea7776b28b7e, 2.0492000000000004
0, 0, 0, 1576198255, 0x108f680731c464b5ae330e54abfd3ec3d03965da, 0x9d177961545df2df86ae3bd1d16d408d202e01b2, 4.9941
0, 0, 0, 1576205611, 0x108f680731c464b5ae330e54abfd3ec3d03965da, 0xb59b0fd5a2d5e85d4a9cc2252edd62ab770a7ada, 10.122900000000001
0, 0, 0, 1576207349, 0x108f680731c464b5ae330e54abfd3ec3d03965da, 0x2ec576cea5678bc829b5abe01ae6137b46fe368e, 5.0705
0, 0, 0, 1576493178, 0x108f680731c464b5ae330e54abfd3ec3d03965da, 0x7eaa83ece06e47b018c0f8484495dc2982693fdc, 5.157100000000001
