, TxHash, BlockHeight, TimesStamp, From, To, Value
0, 0, 0, 1575663576, 0x541f5c20e1504bf749ea65328fb4fdda5cc3e6b9, 0x106408aa98e95169901c0222ed5023bcdadb14ba, 20.000714000000002
0, 0, 0, 1575663588, 0x106408aa98e95169901c0222ed5023bcdadb14ba, 0x1a179984af4ae0ce20cb5d96793c371e7a905667, 20.000357
0, 0, 0, 1575663628, 0x83053c32b7819f420dcfed2d218335fe430fe3b5, 0x106408aa98e95169901c0222ed5023bcdadb14ba, 0.0
