, TxHash, BlockHeight, TimesStamp, From, To, Value
0, 0, 0, 1578675649, 0x757cc4111a6df5f48803b607e9c170c8a1cc51b1, 0x111f76006af0306fe02d8ed5b306f34d8f64798a, 7707.992367054
0, 0, 0, 1578675662, 0x83053c32b7819f420dcfed2d218335fe430fe3b5, 0x111f76006af0306fe02d8ed5b306f34d8f64798a, 0.0
0, 0, 0, 1578675662, 0x111f76006af0306fe02d8ed5b306f34d8f64798a, 0xf1d63d9a3b8983bace9be110ce3542f6039bd405, 7707.991968054001
