, TxHash, BlockHeight, TimesStamp, From, To, Value
0, 0, 0, 1575365747, 0xf4678169b1eb0c141fd99942ac02191145fefe3f, 0x1195a388ad15e792b0c8d1c4d0c81827cb3d9682, 1001.0000000000001
0, 0, 0, 1575365818, 0xf4678169b1eb0c141fd99942ac02191145fefe3f, 0x1195a388ad15e792b0c8d1c4d0c81827cb3d9682, 10000.0
0, 0, 0, 1575465691, 0x83053c32b7819f420dcfed2d218335fe430fe3b5, 0x1195a388ad15e792b0c8d1c4d0c81827cb3d9682, 0.0
0, 0, 0, 1576481169, 0x1195a388ad15e792b0c8d1c4d0c81827cb3d9682, 0x054cd0c54aaaf3adbab18dbfcf6fcc6a4978ab38, 5005.0
0, 0, 0, 1577607791, 0x51a2176a38db9e5ebdecadd2b6142d13f2382c86, 0x1195a388ad15e792b0c8d1c4d0c81827cb3d9682, 0.001
0, 0, 0, 1577617196, 0xd1bfd64896ff02e8e33123ed1575d7d1efa6cb42, 0x1195a388ad15e792b0c8d1c4d0c81827cb3d9682, 0.001
0, 0, 0, 1577673382, 0xd1bfd64896ff02e8e33123ed1575d7d1efa6cb42, 0x1195a388ad15e792b0c8d1c4d0c81827cb3d9682, 0.001
0, 0, 0, 1577864497, 0xd1bfd64896ff02e8e33123ed1575d7d1efa6cb42, 0x1195a388ad15e792b0c8d1c4d0c81827cb3d9682, 0.001
0, 0, 0, 1577961218, 0xd1bfd64896ff02e8e33123ed1575d7d1efa6cb42, 0x1195a388ad15e792b0c8d1c4d0c81827cb3d9682, 0.001
0, 0, 0, 1578062660, 0xd1bfd64896ff02e8e33123ed1575d7d1efa6cb42, 0x1195a388ad15e792b0c8d1c4d0c81827cb3d9682, 0.0001
0, 0, 0, 1578149095, 0xd1bfd64896ff02e8e33123ed1575d7d1efa6cb42, 0x1195a388ad15e792b0c8d1c4d0c81827cb3d9682, 0.0001
0, 0, 0, 1578154584, 0x1195a388ad15e792b0c8d1c4d0c81827cb3d9682, 0x934e1ba940c28969f4902786fa2d540b618715db, 201.00000000000003
0, 0, 0, 1578154825, 0x1195a388ad15e792b0c8d1c4d0c81827cb3d9682, 0x934e1ba940c28969f4902786fa2d540b618715db, 201.00000000000003
0, 0, 0, 1578155180, 0x1195a388ad15e792b0c8d1c4d0c81827cb3d9682, 0x934e1ba940c28969f4902786fa2d540b618715db, 5000.0
0, 0, 0, 1578155472, 0x054cd0c54aaaf3adbab18dbfcf6fcc6a4978ab38, 0x1195a388ad15e792b0c8d1c4d0c81827cb3d9682, 4.999160000000001
0, 0, 0, 1578232269, 0xf4678169b1eb0c141fd99942ac02191145fefe3f, 0x1195a388ad15e792b0c8d1c4d0c81827cb3d9682, 5000.0
0, 0, 0, 1578232412, 0x1195a388ad15e792b0c8d1c4d0c81827cb3d9682, 0x934e1ba940c28969f4902786fa2d540b618715db, 5000.0
0, 0, 0, 1578318056, 0x1195a388ad15e792b0c8d1c4d0c81827cb3d9682, 0xf4678169b1eb0c141fd99942ac02191145fefe3f, 599.001798
