, TxHash, BlockHeight, TimesStamp, From, To, Value
0, 0, 0, 1575366190, 0x2b61f5e26260ef2fbe4cf3f6df5bc46dc491e788, 0x12397eed368f06cd91029d561f04e3392c1e8da4, 5.0
0, 0, 0, 1575366509, 0x2b61f5e26260ef2fbe4cf3f6df5bc46dc491e788, 0x12397eed368f06cd91029d561f04e3392c1e8da4, 5.0
0, 0, 0, 1575367608, 0x12397eed368f06cd91029d561f04e3392c1e8da4, 0x5038570bd2b758236fc879ecd3f16e04d0c66063, 4.906349508129394
0, 0, 0, 1575456032, 0x12397eed368f06cd91029d561f04e3392c1e8da4, 0x5949571fa1708951727c3108874d89e191aa5789, 0.008440263465944469
0, 0, 0, 1575465691, 0x83053c32b7819f420dcfed2d218335fe430fe3b5, 0x12397eed368f06cd91029d561f04e3392c1e8da4, 0.0
0, 0, 0, 1575493760, 0x12397eed368f06cd91029d561f04e3392c1e8da4, 0x49e631eb1ce0767868930a897842cca281316739, 0.013561615862125901
0, 0, 0, 1575497413, 0x12397eed368f06cd91029d561f04e3392c1e8da4, 0x9ac0101035386de23a206cafe53439cd45a85447, 0.012505462121877699
0, 0, 0, 1575497689, 0x12397eed368f06cd91029d561f04e3392c1e8da4, 0x9eb84e872e9beec6d7d959891c5f303358459192, 0.012494181254866414
0, 0, 0, 1575497991, 0x12397eed368f06cd91029d561f04e3392c1e8da4, 0x2dceab7de0835b277a6e1d436cd9658594e3407a, 0.03265764773161413
0, 0, 0, 1575498782, 0x12397eed368f06cd91029d561f04e3392c1e8da4, 0x95c90780cbdf0131f4acf8810564eaa155276f5b, 0.012425081629717264
0, 0, 0, 1597335014, 0x12397eed368f06cd91029d561f04e3392c1e8da4, 0xa76fc40e15db51a1824c80f248c1f3238c44e809, 4.995812659804692
