, TxHash, BlockHeight, TimesStamp, From, To, Value
0, 0, 0, 1578148516, 0xa317dab3553e987c79d098c6fcccf0f002f6e163, 0x123561b3de67cd4e107733ffa73d690c600d08a8, 3000.00279668
0, 0, 0, 1578148592, 0x123561b3de67cd4e107733ffa73d690c600d08a8, 0x542724a5d04516cd1b14ee9a6f348c40cf8efd16, 3000.00235568
0, 0, 0, 1578148629, 0x83053c32b7819f420dcfed2d218335fe430fe3b5, 0x123561b3de67cd4e107733ffa73d690c600d08a8, 0.0
