, TxHash, BlockHeight, TimesStamp, From, To, Value
0, 0, 0, 1575445025, 0x2b61f5e26260ef2fbe4cf3f6df5bc46dc491e788, 0x1389a4874bafc1fe45a84244c9dea963251a9d5b, 15.000000000000002
0, 0, 0, 1575465691, 0x83053c32b7819f420dcfed2d218335fe430fe3b5, 0x1389a4874bafc1fe45a84244c9dea963251a9d5b, 0.0
0, 0, 0, 1580338459, 0x1389a4874bafc1fe45a84244c9dea963251a9d5b, 0xfe9dd46eecdc5a91658793bc944e5959964dee5d, 11.195161316120188
