, TxHash, BlockHeight, TimesStamp, From, To, Value
0, 0, 0, 1576308440, 0xe07568ecb6d47fe17e6233b4b7a0f2056adc59aa, 0x14944e01932cf632166c8d4bc9a1a19f4c620a2b, 500.00000000000006
0, 0, 0, 1576308444, 0x83053c32b7819f420dcfed2d218335fe430fe3b5, 0x14944e01932cf632166c8d4bc9a1a19f4c620a2b, 0.0
0, 0, 0, 1576308529, 0x14944e01932cf632166c8d4bc9a1a19f4c620a2b, 0x204e94d77aea416586777648dac8f39f57fd0b66, 50.00000000000001
0, 0, 0, 1576308564, 0x14944e01932cf632166c8d4bc9a1a19f4c620a2b, 0x6a7d99c4203aebe440d2f63f00e3f1bf4ec2c8db, 50.00039900000001
0, 0, 0, 1576308621, 0x14944e01932cf632166c8d4bc9a1a19f4c620a2b, 0xdcf7a30fe383d72ee9b2683f0ca05aa3eb8db617, 100.00039900000002
0, 0, 0, 1576308961, 0x14944e01932cf632166c8d4bc9a1a19f4c620a2b, 0x742dfa20a3ce04850a0c705317b749ff4fd2a5fd, 299.99750100000006
