, TxHash, BlockHeight, TimesStamp, From, To, Value
0, 0, 0, 1576552665, 0xc2baa6b8dfb3ca561619a9f9518e1f9652103d63, 0x148e741f7316f8d472c7363957c344d0458a95d8, 1000.5000000000001
0, 0, 0, 1576552667, 0x83053c32b7819f420dcfed2d218335fe430fe3b5, 0x148e741f7316f8d472c7363957c344d0458a95d8, 0.0
0, 0, 0, 1576898959, 0x148e741f7316f8d472c7363957c344d0458a95d8, 0xf5ef2fd1a0a512bd145b34a8de8652bc0f289415, 1000.0000000000001
0, 0, 0, 1578153633, 0x148e741f7316f8d472c7363957c344d0458a95d8, 0xc2baa6b8dfb3ca561619a9f9518e1f9652103d63, 0.49928600000000006
