, TxHash, BlockHeight, TimesStamp, From, To, Value
0, 0, 0, 1575657322, 0x366e4aff0c016dd192319bb570792ca490338d67, 0x146266461d7cf83487f305dcbc5f958a5682c88c, 15.000420000000002
0, 0, 0, 1575657331, 0x146266461d7cf83487f305dcbc5f958a5682c88c, 0x5dcff3a72c5fe9c646456a830a4d5cdd7d3cad42, 15.000000000000002
0, 0, 0, 1575657461, 0x83053c32b7819f420dcfed2d218335fe430fe3b5, 0x146266461d7cf83487f305dcbc5f958a5682c88c, 0.0
