, TxHash, BlockHeight, TimesStamp, From, To, Value
0, 0, 0, 1577099305, 0xa7fc9f9fe95243d918115c0f38c5d5452f470b00, 0x15922c70132210b3ed785e2c028aaf456513df37, 500.00033600000006
0, 0, 0, 1577099318, 0x83053c32b7819f420dcfed2d218335fe430fe3b5, 0x15922c70132210b3ed785e2c028aaf456513df37, 0.0
0, 0, 0, 1577099318, 0x15922c70132210b3ed785e2c028aaf456513df37, 0x84f4bcc4e841afdfde7899662f8bbd7d6a71c112, 500.00000000000006
