, TxHash, BlockHeight, TimesStamp, From, To, Value
0, 0, 0, 1575708791, 0x52c2e3a608f7e6f32a829b017788c24309dd33ce, 0x150e98ba203c3dc5dadd4fe03022344d913c67b4, 20.000882
0, 0, 0, 1575708837, 0x150e98ba203c3dc5dadd4fe03022344d913c67b4, 0x7650d9a89ac75ba7e6051a94ea27d20c10da4807, 20.000441000000002
0, 0, 0, 1575709081, 0x83053c32b7819f420dcfed2d218335fe430fe3b5, 0x150e98ba203c3dc5dadd4fe03022344d913c67b4, 0.0
