, TxHash, BlockHeight, TimesStamp, From, To, Value
0, 0, 0, 1576914478, 0x7cf95087195e1f4ddb66ef7da1d01fb40684cbdd, 0x154dc712fec357d5b4dcc4ef579abe722229c478, 3000.0
0, 0, 0, 1576914488, 0x83053c32b7819f420dcfed2d218335fe430fe3b5, 0x154dc712fec357d5b4dcc4ef579abe722229c478, 0.0
0, 0, 0, 1576916528, 0x154dc712fec357d5b4dcc4ef579abe722229c478, 0x4a945fe31bbb169740a97b87a4b55a4f57bb3243, 894.0000000000001
0, 0, 0, 1576921943, 0x154dc712fec357d5b4dcc4ef579abe722229c478, 0x5a8c64ce7d652a671fab9de1e11a08a72bae4389, 572.4000000000001
0, 0, 0, 1576973466, 0x154dc712fec357d5b4dcc4ef579abe722229c478, 0x5a8c64ce7d652a671fab9de1e11a08a72bae4389, 1533.5995
0, 0, 0, 1586760612, 0x5a8c64ce7d652a671fab9de1e11a08a72bae4389, 0x154dc712fec357d5b4dcc4ef579abe722229c478, 0.01
0, 0, 0, 1586760755, 0x154dc712fec357d5b4dcc4ef579abe722229c478, 0xa2a54f1ec1f09316ef12c1770d32ed8f21b1fb6a, 0.0
