, TxHash, BlockHeight, TimesStamp, From, To, Value
0, 0, 0, 1575717101, 0x52c2e3a608f7e6f32a829b017788c24309dd33ce, 0x153f5691b44561df7c3ee00492590a973d8e0c29, 50.000882000000004
0, 0, 0, 1575717121, 0x153f5691b44561df7c3ee00492590a973d8e0c29, 0x66919ec3392534920a6b44b60596755fb673b6a5, 50.000441
0, 0, 0, 1575717143, 0x83053c32b7819f420dcfed2d218335fe430fe3b5, 0x153f5691b44561df7c3ee00492590a973d8e0c29, 0.0
