, TxHash, BlockHeight, TimesStamp, From, To, Value
0, 0, 0, 1575559295, 0x1ee626c5b66ffbe9e20c49380e03dfd589c2c3a5, 0x157d2cbfaebb54102a9a8f33dbac944f7f93512d, 499.9991600000001
0, 0, 0, 1575559319, 0x83053c32b7819f420dcfed2d218335fe430fe3b5, 0x157d2cbfaebb54102a9a8f33dbac944f7f93512d, 0.0
0, 0, 0, 1575559319, 0x157d2cbfaebb54102a9a8f33dbac944f7f93512d, 0x9bb2d596447020e099322f25a9151911a2bf74bb, 499.99874
