, TxHash, BlockHeight, TimesStamp, From, To, Value
0, 0, 0, 1562979390, 0x0e57edba0fccb1e388926193c873120cab961fee, 0x1503b6cb665fea9a128a56244df392e950593486, 0.1
0, 0, 0, 1562979427, 0x0e57edba0fccb1e388926193c873120cab961fee, 0x1503b6cb665fea9a128a56244df392e950593486, 13027.69539663419
0, 0, 0, 1565717955, 0x68e0f675bac128529eb841ddb42bebd9c8a73c03, 0x1503b6cb665fea9a128a56244df392e950593486, 1.12e-16
0, 0, 0, 1573262735, 0x1503b6cb665fea9a128a56244df392e950593486, 0x46107411e40183b665617780b2f03947d24bc6a7, 1.0
0, 0, 0, 1573263002, 0x1503b6cb665fea9a128a56244df392e950593486, 0x46107411e40183b665617780b2f03947d24bc6a7, 13026.794220634189
