, TxHash, BlockHeight, TimesStamp, From, To, Value
0, 0, 0, 1575706408, 0x52c2e3a608f7e6f32a829b017788c24309dd33ce, 0x16b4b66c6480bf42a6b9d00561d1d0c667ccbd06, 20.000672
0, 0, 0, 1575706437, 0x16b4b66c6480bf42a6b9d00561d1d0c667ccbd06, 0xb1cb62243df7b903c9daf4b63bcb4157d04bd9af, 20.000336
0, 0, 0, 1575706935, 0x83053c32b7819f420dcfed2d218335fe430fe3b5, 0x16b4b66c6480bf42a6b9d00561d1d0c667ccbd06, 0.0
