, TxHash, BlockHeight, TimesStamp, From, To, Value
0, 0, 0, 1575363711, 0xdfe60534291bb4a3b308b7c31684cec69d3cde05, 0x16a8b5677596234abe5c92e60ca42b787b13dfa7, 15.000000000000002
0, 0, 0, 1575465691, 0x83053c32b7819f420dcfed2d218335fe430fe3b5, 0x16a8b5677596234abe5c92e60ca42b787b13dfa7, 0.0
0, 0, 0, 1576565649, 0x16a8b5677596234abe5c92e60ca42b787b13dfa7, 0x273ff970550fea3baa2a396f7afc274092dc8fb3, 1.973320551
