, TxHash, BlockHeight, TimesStamp, From, To, Value
0, 0, 0, 1576911927, 0x32ebef4025480287ab18b9ce61a5792862070307, 0x17560d0b04f481f359e2ffe0b292b6ee40db8029, 3000.0
0, 0, 0, 1576911970, 0x83053c32b7819f420dcfed2d218335fe430fe3b5, 0x17560d0b04f481f359e2ffe0b292b6ee40db8029, 0.0
0, 0, 0, 1576912066, 0x17560d0b04f481f359e2ffe0b292b6ee40db8029, 0x070913b94548331bb167c8cf208c3b53c9822f67, 1500.000546
0, 0, 0, 1576915846, 0x17560d0b04f481f359e2ffe0b292b6ee40db8029, 0x826f976d0e1c247e22f55be60ff509460744ada0, 1499.99874
