, TxHash, BlockHeight, TimesStamp, From, To, Value
0, 0, 0, 1576925254, 0xb8c1c1c8f32be2740481cdda24993a05ac40db69, 0x17c68a3439ffe6351b97a2eb4188b5f0a09715bb, 1500.0
0, 0, 0, 1576925280, 0x83053c32b7819f420dcfed2d218335fe430fe3b5, 0x17c68a3439ffe6351b97a2eb4188b5f0a09715bb, 0.0
0, 0, 0, 1576925337, 0x17c68a3439ffe6351b97a2eb4188b5f0a09715bb, 0x8a28f07d57fa0e193ca743364f082e1b4be1ec2c, 250.00000000000003
0, 0, 0, 1576925520, 0x17c68a3439ffe6351b97a2eb4188b5f0a09715bb, 0x046287d58c535d760f197b8d52b7cb39ebc080a7, 310.0
0, 0, 0, 1576925888, 0x17c68a3439ffe6351b97a2eb4188b5f0a09715bb, 0xad128bd716e695dfa1aca352d4e9a5769a6a505e, 510.00000000000006
0, 0, 0, 1576926375, 0x809227a7c9ea294d3e4f2be82da12572e8156142, 0x17c68a3439ffe6351b97a2eb4188b5f0a09715bb, 1499.997669
0, 0, 0, 1576926456, 0x17c68a3439ffe6351b97a2eb4188b5f0a09715bb, 0x241c76253c3c41e42288dda4e17abca98661b962, 550.0
0, 0, 0, 1576927194, 0x17c68a3439ffe6351b97a2eb4188b5f0a09715bb, 0x1b84e6410640233715a968b92d9770b89546b28f, 550.0
0, 0, 0, 1576932140, 0x17c68a3439ffe6351b97a2eb4188b5f0a09715bb, 0x6505e6f023588d3e2cc9e78d0d0eacb44d4ee013, 250.00000000000003
0, 0, 0, 1576933094, 0x17c68a3439ffe6351b97a2eb4188b5f0a09715bb, 0xf18762d27beafca439ff07845f6319b43cbd3251, 579.994939
