, TxHash, BlockHeight, TimesStamp, From, To, Value
0, 0, 0, 1577101207, 0x4b0a3ce1f5df61dde5b05022119305e995eca377, 0x17a48e2ab13b778984e85733e3f78d5cffafa8ea, 200.00044100000002
0, 0, 0, 1577101282, 0x83053c32b7819f420dcfed2d218335fe430fe3b5, 0x17a48e2ab13b778984e85733e3f78d5cffafa8ea, 0.0
0, 0, 0, 1577101282, 0x17a48e2ab13b778984e85733e3f78d5cffafa8ea, 0x84f4bcc4e841afdfde7899662f8bbd7d6a71c112, 200.00000000000003
