, TxHash, BlockHeight, TimesStamp, From, To, Value
0, 0, 0, 1575529051, 0x9a7dc255df32a33fa768fed5871d5ab67548c704, 0x193bf69bf9e20b3ef08cc43264ed0184cfd80fea, 7.111762000000001
0, 0, 0, 1575529091, 0x83053c32b7819f420dcfed2d218335fe430fe3b5, 0x193bf69bf9e20b3ef08cc43264ed0184cfd80fea, 0.0
0, 0, 0, 1576066138, 0x193bf69bf9e20b3ef08cc43264ed0184cfd80fea, 0x29dcb2913fe53c4f6b7d95c4fb53d5323d11b296, 2.6104767649944782
0, 0, 0, 1576070382, 0x193bf69bf9e20b3ef08cc43264ed0184cfd80fea, 0x12e072838c93762e88f7c5fa4f9c14d5aa7acdc1, 3.9755371917330717
0, 0, 0, 1578272840, 0x193bf69bf9e20b3ef08cc43264ed0184cfd80fea, 0xe98a5afe34de2bce9730b719957e5f9a3b479a90, 0.5253805432724509
