, TxHash, BlockHeight, TimesStamp, From, To, Value
0, 0, 0, 1576949474, 0x5f73016b556290b7a7ea6e72fa0d808bb9f2ea0e, 0x192ffd2a3a09bfe70248109089d2a586987e3d03, 500.000399
0, 0, 0, 1576949488, 0x83053c32b7819f420dcfed2d218335fe430fe3b5, 0x192ffd2a3a09bfe70248109089d2a586987e3d03, 0.0
0, 0, 0, 1576949488, 0x192ffd2a3a09bfe70248109089d2a586987e3d03, 0x84f4bcc4e841afdfde7899662f8bbd7d6a71c112, 500.00000000000006
