, TxHash, BlockHeight, TimesStamp, From, To, Value
0, 0, 0, 1575449146, 0xf52baeb41abf6a9001f42246d5a3a9e2677bc8f5, 0x19985c460f4a77698d661d384520ce5c43743dea, 1001.0000000000001
0, 0, 0, 1575449219, 0xf52baeb41abf6a9001f42246d5a3a9e2677bc8f5, 0x19985c460f4a77698d661d384520ce5c43743dea, 10000.0
0, 0, 0, 1575450331, 0x8322141848e7dc0970e312bd1c7a04e69c7b38b2, 0x19985c460f4a77698d661d384520ce5c43743dea, 0.0001
0, 0, 0, 1575465673, 0x83053c32b7819f420dcfed2d218335fe430fe3b5, 0x19985c460f4a77698d661d384520ce5c43743dea, 0.0
0, 0, 0, 1577607902, 0x51a2176a38db9e5ebdecadd2b6142d13f2382c86, 0x19985c460f4a77698d661d384520ce5c43743dea, 0.001
0, 0, 0, 1577617362, 0xd1bfd64896ff02e8e33123ed1575d7d1efa6cb42, 0x19985c460f4a77698d661d384520ce5c43743dea, 0.001
0, 0, 0, 1577673727, 0xd1bfd64896ff02e8e33123ed1575d7d1efa6cb42, 0x19985c460f4a77698d661d384520ce5c43743dea, 0.001
0, 0, 0, 1577866822, 0xd1bfd64896ff02e8e33123ed1575d7d1efa6cb42, 0x19985c460f4a77698d661d384520ce5c43743dea, 0.001
0, 0, 0, 1577961500, 0xd1bfd64896ff02e8e33123ed1575d7d1efa6cb42, 0x19985c460f4a77698d661d384520ce5c43743dea, 0.001
0, 0, 0, 1578062918, 0xd1bfd64896ff02e8e33123ed1575d7d1efa6cb42, 0x19985c460f4a77698d661d384520ce5c43743dea, 0.0001
0, 0, 0, 1578149259, 0xd1bfd64896ff02e8e33123ed1575d7d1efa6cb42, 0x19985c460f4a77698d661d384520ce5c43743dea, 0.0001
0, 0, 0, 1578926231, 0x19985c460f4a77698d661d384520ce5c43743dea, 0xc95a9bc103090dd780ebb59eeb6759db7d48c203, 5000.0
0, 0, 0, 1578953012, 0x19985c460f4a77698d661d384520ce5c43743dea, 0xc95a9bc103090dd780ebb59eeb6759db7d48c203, 4000.0000000000005
0, 0, 0, 1578970595, 0x19985c460f4a77698d661d384520ce5c43743dea, 0xc95a9bc103090dd780ebb59eeb6759db7d48c203, 2001.0042080000003
