, TxHash, BlockHeight, TimesStamp, From, To, Value
0, 0, 0, 1575703818, 0x52c2e3a608f7e6f32a829b017788c24309dd33ce, 0x1a1c572d1955fb2deec5ed018d1046daab99181d, 15.000798000000001
0, 0, 0, 1575703836, 0x83053c32b7819f420dcfed2d218335fe430fe3b5, 0x1a1c572d1955fb2deec5ed018d1046daab99181d, 0.0
0, 0, 0, 1575703836, 0x1a1c572d1955fb2deec5ed018d1046daab99181d, 0x504557667da3ea837e0420e268bf8173e5151915, 15.000399000000002
