, TxHash, BlockHeight, TimesStamp, From, To, Value
0, 0, 0, 1576934230, 0x2a3b655f3a21321e8030391538ce7e89fa1b4124, 0x1b3512734f7d913ae66a978e4ba5ae89fbfb372d, 1999.9983620000003
0, 0, 0, 1576934265, 0x1b3512734f7d913ae66a978e4ba5ae89fbfb372d, 0x52355573954f413f3ea88931a8c661a50221c678, 1999.997984
0, 0, 0, 1576936508, 0x83053c32b7819f420dcfed2d218335fe430fe3b5, 0x1b3512734f7d913ae66a978e4ba5ae89fbfb372d, 0.0
