, TxHash, BlockHeight, TimesStamp, From, To, Value
0, 0, 0, 1578387883, 0x8b1b315c76ae6eb0601e816afdf038b48d72728f, 0x1b1685f173a09785e5e74028db39a68c1ca6eb56, 200.00000000000003
0, 0, 0, 1578387916, 0x83053c32b7819f420dcfed2d218335fe430fe3b5, 0x1b1685f173a09785e5e74028db39a68c1ca6eb56, 0.0
0, 0, 0, 1578387978, 0x1b1685f173a09785e5e74028db39a68c1ca6eb56, 0x207394dc84ab8210df6296581ad113cac509dc73, 100.00039900000002
0, 0, 0, 1578390837, 0x8b1b315c76ae6eb0601e816afdf038b48d72728f, 0x1b1685f173a09785e5e74028db39a68c1ca6eb56, 2000.0000000000002
0, 0, 0, 1578390887, 0x1b1685f173a09785e5e74028db39a68c1ca6eb56, 0x7a9e09316bb086faf6c215deb9481f77979affb9, 2000.0003150000002
0, 0, 0, 1578647804, 0x1b1685f173a09785e5e74028db39a68c1ca6eb56, 0xd6fe09c43c7d0c4be8540882d19e7745959427ac, 99.998236
0, 0, 0, 1578648284, 0x8b1b315c76ae6eb0601e816afdf038b48d72728f, 0x1b1685f173a09785e5e74028db39a68c1ca6eb56, 3801.0074180000006
0, 0, 0, 1578648453, 0x1b1685f173a09785e5e74028db39a68c1ca6eb56, 0x329b41556be9d00060636e48259138c27daf6dfd, 3801.0069980000003
