, TxHash, BlockHeight, TimesStamp, From, To, Value
0, 0, 0, 1575682864, 0x541f5c20e1504bf749ea65328fb4fdda5cc3e6b9, 0x1b73b2f8a96e4ed6e057a5c91adcbcb2f54cc6a4, 15.000924000000001
0, 0, 0, 1575682886, 0x1b73b2f8a96e4ed6e057a5c91adcbcb2f54cc6a4, 0xf2d1a80e8637a17d7417b5ecc891fb048350a749, 15.000462
0, 0, 0, 1575682895, 0x83053c32b7819f420dcfed2d218335fe430fe3b5, 0x1b73b2f8a96e4ed6e057a5c91adcbcb2f54cc6a4, 0.0
