, TxHash, BlockHeight, TimesStamp, From, To, Value
0, 0, 0, 1575679273, 0x541f5c20e1504bf749ea65328fb4fdda5cc3e6b9, 0x1c58db35b5e725e9e511725d774393ddbb327ae0, 15.000630000000001
0, 0, 0, 1575679329, 0x83053c32b7819f420dcfed2d218335fe430fe3b5, 0x1c58db35b5e725e9e511725d774393ddbb327ae0, 0.0
0, 0, 0, 1575679329, 0x1c58db35b5e725e9e511725d774393ddbb327ae0, 0x8dc15b781c3f3a6d344a63c629c17b07aff32cfb, 15.000315
