, TxHash, BlockHeight, TimesStamp, From, To, Value
0, 0, 0, 1576204555, 0x6b08c0cbc38af8059e3cda4e31a4ea589857ffd6, 0x1c1344deace2b01f38f889023c90f6f5b481cf16, 25.000882
0, 0, 0, 1576204584, 0x83053c32b7819f420dcfed2d218335fe430fe3b5, 0x1c1344deace2b01f38f889023c90f6f5b481cf16, 0.0
0, 0, 0, 1576207448, 0x1c1344deace2b01f38f889023c90f6f5b481cf16, 0xd0d84c6a884cfddf438f3fdbc6b47461a4ef7cce, 25.000546000000003
