, TxHash, BlockHeight, TimesStamp, From, To, Value
0, 0, 0, 1575632724, 0x080f949d294b3b55a60d75c1f9f4dfbe66c4b843, 0x1d63b553deabba22187c82e94cf2add525808213, 15.000483000000001
0, 0, 0, 1575632738, 0x1d63b553deabba22187c82e94cf2add525808213, 0x55e5c96ca86b3bbd33e29c756c0785616fff6559, 15.000000000000002
0, 0, 0, 1575632784, 0x83053c32b7819f420dcfed2d218335fe430fe3b5, 0x1d63b553deabba22187c82e94cf2add525808213, 0.0
