, TxHash, BlockHeight, TimesStamp, From, To, Value
0, 0, 0, 1578128487, 0x2baebf778520fb8150848591eabc8919d96a0f80, 0x1df42375928b16cd46e7ad14db2e3124ee267ece, 1000.0000000000001
0, 0, 0, 1578128510, 0x83053c32b7819f420dcfed2d218335fe430fe3b5, 0x1df42375928b16cd46e7ad14db2e3124ee267ece, 0.0
0, 0, 0, 1578128598, 0x1df42375928b16cd46e7ad14db2e3124ee267ece, 0x8cdf2ac74928f2616a31dba7ef74d2ab91a67f42, 10.00042
0, 0, 0, 1578133384, 0x1df42375928b16cd46e7ad14db2e3124ee267ece, 0xec67ff8c26049c89420c6ee4afacf4bf20304bf9, 100.00031500000001
0, 0, 0, 1578136612, 0x1df42375928b16cd46e7ad14db2e3124ee267ece, 0xcdb3b9f0670abf2e2b7d37f3928facce1990ce3a, 500.0004410000001
0, 0, 0, 1578137889, 0x1df42375928b16cd46e7ad14db2e3124ee267ece, 0x718e25447b8cffef6ab20b937b9b7cf369b0b349, 389.99722800000006
0, 0, 0, 1578139834, 0x2baebf778520fb8150848591eabc8919d96a0f80, 0x1df42375928b16cd46e7ad14db2e3124ee267ece, 4005.0045280000004
0, 0, 0, 1578140259, 0x1df42375928b16cd46e7ad14db2e3124ee267ece, 0x62db02856db5826063e6043da550626a86f831c5, 2000.0003570000001
0, 0, 0, 1578142902, 0x1df42375928b16cd46e7ad14db2e3124ee267ece, 0x2f3adfd0d399e3fafc4bea9b70048acafd939c55, 2005.0033730000002
