, TxHash, BlockHeight, TimesStamp, From, To, Value
0, 0, 0, 1575538866, 0xec305a14191fa627b151f16f59183e7e274d81ed, 0x1d32ec41c46aa95f85a7e3e1d13aaa75661c08c6, 399.99966400000005
0, 0, 0, 1575538880, 0x83053c32b7819f420dcfed2d218335fe430fe3b5, 0x1d32ec41c46aa95f85a7e3e1d13aaa75661c08c6, 0.0
0, 0, 0, 1575538880, 0x1d32ec41c46aa95f85a7e3e1d13aaa75661c08c6, 0x018ff67987ec311df3b61b5b544a1336571080ce, 399.99932800000005
