, TxHash, BlockHeight, TimesStamp, From, To, Value
0, 0, 0, 1575446598, 0x2b61f5e26260ef2fbe4cf3f6df5bc46dc491e788, 0x1d91a9b1cec91b6a2293c2e13c88926e600709b3, 10.0
0, 0, 0, 1575465691, 0x83053c32b7819f420dcfed2d218335fe430fe3b5, 0x1d91a9b1cec91b6a2293c2e13c88926e600709b3, 0.0
0, 0, 0, 1575867182, 0x1d91a9b1cec91b6a2293c2e13c88926e600709b3, 0x00a7a363eac572a59f071cdfee6cde84b09640e8, 9.188202752823381
0, 0, 0, 1575899733, 0x1d91a9b1cec91b6a2293c2e13c88926e600709b3, 0x90b6b4ea2da18713427ed5f9b51f00c77555f4c4, 0.5130228567756733
0, 0, 0, 1575988015, 0x1d91a9b1cec91b6a2293c2e13c88926e600709b3, 0x4901b196ad34d408b4f595421f5f0e758eeadfea, 0.2935771873346915
0, 0, 0, 1579255572, 0x1d91a9b1cec91b6a2293c2e13c88926e600709b3, 0xbf21232d01f70e4dd58e46a7aa26773e8083d708, 0.004640703066255541
