, TxHash, BlockHeight, TimesStamp, From, To, Value
0, 0, 0, 1575559280, 0xec305a14191fa627b151f16f59183e7e274d81ed, 0x1ee626c5b66ffbe9e20c49380e03dfd589c2c3a5, 499.99958000000004
0, 0, 0, 1575559295, 0x1ee626c5b66ffbe9e20c49380e03dfd589c2c3a5, 0x157d2cbfaebb54102a9a8f33dbac944f7f93512d, 499.9991600000001
0, 0, 0, 1575559295, 0x83053c32b7819f420dcfed2d218335fe430fe3b5, 0x1ee626c5b66ffbe9e20c49380e03dfd589c2c3a5, 0.0
