, TxHash, BlockHeight, TimesStamp, From, To, Value
0, 0, 0, 1576252748, 0x899fd66c52a09ef6fb6d10549b08e030a4e366ad, 0x1e2f4e5753ad6a67a2cdbb6f2c8d60f006eea0f1, 500.00000000000006
0, 0, 0, 1576252769, 0x83053c32b7819f420dcfed2d218335fe430fe3b5, 0x1e2f4e5753ad6a67a2cdbb6f2c8d60f006eea0f1, 0.0
0, 0, 0, 1576258944, 0x1e2f4e5753ad6a67a2cdbb6f2c8d60f006eea0f1, 0x5a3d10f7055de1e3f37ed1481b5cbad7b0c0f891, 34.000714
0, 0, 0, 1576259658, 0x1e2f4e5753ad6a67a2cdbb6f2c8d60f006eea0f1, 0x9fd28eeed1450560ed217c2806ae0ac6f9508b5a, 34.00063
0, 0, 0, 1576260403, 0x1e2f4e5753ad6a67a2cdbb6f2c8d60f006eea0f1, 0x8a1fa7a9f4853435ed2faf7417955629e15ff815, 34.000672
0, 0, 0, 1576261084, 0x1e2f4e5753ad6a67a2cdbb6f2c8d60f006eea0f1, 0x20bfe5688cefb0e025769ce0ce713b0708b6f637, 45.000924000000005
0, 0, 0, 1576261845, 0x1e2f4e5753ad6a67a2cdbb6f2c8d60f006eea0f1, 0xd2d18c9baec7eb65f4ae40bc68097ba2f6f2121f, 60.000672
0, 0, 0, 1576262703, 0x1e2f4e5753ad6a67a2cdbb6f2c8d60f006eea0f1, 0x295c5c57a73cad4e6d7214d6a854a96d3b77b3c6, 55.000756
0, 0, 0, 1576263531, 0x1e2f4e5753ad6a67a2cdbb6f2c8d60f006eea0f1, 0x2b5e9f2929ca43180f901f55def1b2652d7dedaa, 57.00063
0, 0, 0, 1576264836, 0x1e2f4e5753ad6a67a2cdbb6f2c8d60f006eea0f1, 0xe9e38ae1207bd4304faa757caf2cb7aee1272342, 45.000588
0, 0, 0, 1576265524, 0x1e2f4e5753ad6a67a2cdbb6f2c8d60f006eea0f1, 0x2fe0548d0017f41afbf8b3e4e453b01ae7510671, 45.000798
0, 0, 0, 1576266703, 0x1e2f4e5753ad6a67a2cdbb6f2c8d60f006eea0f1, 0xb83ada3761a92800c3920ea97f7039b0bafab823, 45.000756
0, 0, 0, 1576267897, 0x1e2f4e5753ad6a67a2cdbb6f2c8d60f006eea0f1, 0x0e34fadc5df5ff56f523c7482e6304325b0d8fe8, 45.98889100000001
