, TxHash, BlockHeight, TimesStamp, From, To, Value
0, 0, 0, 1575650971, 0x541f5c20e1504bf749ea65328fb4fdda5cc3e6b9, 0x1f855d4a1c8b4a0cbdafb673e6f08554d8f6721d, 10.000504000000001
0, 0, 0, 1575651003, 0x1f855d4a1c8b4a0cbdafb673e6f08554d8f6721d, 0xe9f9ef2659fe925595d7333ad66e89dbd3073faa, 10.000252000000001
0, 0, 0, 1575651304, 0x83053c32b7819f420dcfed2d218335fe430fe3b5, 0x1f855d4a1c8b4a0cbdafb673e6f08554d8f6721d, 0.0
