, TxHash, BlockHeight, TimesStamp, From, To, Value
0, 0, 0, 1575301034, 0x9409d7ea71294fc5561e5fdd47d4a9f5993948c5, 0x1f4bc9444445c629c6bb496b76c87c552e6f6e46, 1001.0000000000001
0, 0, 0, 1575301131, 0x9409d7ea71294fc5561e5fdd47d4a9f5993948c5, 0x1f4bc9444445c629c6bb496b76c87c552e6f6e46, 10000.0
0, 0, 0, 1575465771, 0x83053c32b7819f420dcfed2d218335fe430fe3b5, 0x1f4bc9444445c629c6bb496b76c87c552e6f6e46, 0.0
0, 0, 0, 1576250930, 0x1f4bc9444445c629c6bb496b76c87c552e6f6e46, 0x8651bf958c46ff9cb7c49cd62099ab2b7fff9328, 10000.0
0, 0, 0, 1577077252, 0x1f4bc9444445c629c6bb496b76c87c552e6f6e46, 0x987f8cfb36086c78becc03e4e3369c69e195d476, 1000.0000000000001
0, 0, 0, 1578318254, 0x1f4bc9444445c629c6bb496b76c87c552e6f6e46, 0x9409d7ea71294fc5561e5fdd47d4a9f5993948c5, 0.998866
