, TxHash, BlockHeight, TimesStamp, From, To, Value
0, 0, 0, 1575683952, 0x541f5c20e1504bf749ea65328fb4fdda5cc3e6b9, 0x20ce80e65d92167b16c87bdeeb12154b9a6da5c4, 5.000672000000001
0, 0, 0, 1575683988, 0x20ce80e65d92167b16c87bdeeb12154b9a6da5c4, 0x09cd7ed06653d97a9a1a12a59c1c1c07aaa16d16, 5.000336000000001
0, 0, 0, 1575684113, 0x83053c32b7819f420dcfed2d218335fe430fe3b5, 0x20ce80e65d92167b16c87bdeeb12154b9a6da5c4, 0.0
