, TxHash, BlockHeight, TimesStamp, From, To, Value
0, 0, 0, 1577090788, 0xe787576999747cddbd8f4f67e150b46717dd5ae6, 0x20d962e8dc9479483cc2202a25e853ee670d38ba, 500.0005040000001
0, 0, 0, 1577090849, 0x83053c32b7819f420dcfed2d218335fe430fe3b5, 0x20d962e8dc9479483cc2202a25e853ee670d38ba, 0.0
0, 0, 0, 1577090849, 0x20d962e8dc9479483cc2202a25e853ee670d38ba, 0xf95e75dbdf381acc99eb40d27f551b3c2df85f62, 500.00025200000005
