, TxHash, BlockHeight, TimesStamp, From, To, Value
0, 0, 0, 1578387978, 0x1b1685f173a09785e5e74028db39a68c1ca6eb56, 0x207394dc84ab8210df6296581ad113cac509dc73, 100.00039900000002
0, 0, 0, 1578387981, 0x83053c32b7819f420dcfed2d218335fe430fe3b5, 0x207394dc84ab8210df6296581ad113cac509dc73, 0.0
0, 0, 0, 1578387981, 0x207394dc84ab8210df6296581ad113cac509dc73, 0x5bf95e3c39e0a392718560ce6eb8db948244c721, 100.00000000000001
