, TxHash, BlockHeight, TimesStamp, From, To, Value
0, 0, 0, 1576829316, 0x7635cb2cc6e6edb8db8a92d23eedbcfb534fc793, 0x2166064217f2613f80ed058d919bcea4d78a2eda, 988.823741654858
0, 0, 0, 1576829361, 0x83053c32b7819f420dcfed2d218335fe430fe3b5, 0x2166064217f2613f80ed058d919bcea4d78a2eda, 0.0
0, 0, 0, 1576829361, 0x2166064217f2613f80ed058d919bcea4d78a2eda, 0xa75606650971ce1ef7cffdd670f466be15cd3b96, 988.8233636548581
