, TxHash, BlockHeight, TimesStamp, From, To, Value
0, 0, 0, 1576283281, 0x8651bf958c46ff9cb7c49cd62099ab2b7fff9328, 0x21dfc99a0fcc62ddc220be6a98518718fd85f46a, 5.0
0, 0, 0, 1576283285, 0x83053c32b7819f420dcfed2d218335fe430fe3b5, 0x21dfc99a0fcc62ddc220be6a98518718fd85f46a, 0.0
0, 0, 0, 1576283368, 0x21dfc99a0fcc62ddc220be6a98518718fd85f46a, 0x04bf40a81dd28591465823089c9d3a7ad19bc6b3, 4.999824671000001
0, 0, 0, 1576283603, 0x8651bf958c46ff9cb7c49cd62099ab2b7fff9328, 0x21dfc99a0fcc62ddc220be6a98518718fd85f46a, 50.00000000000001
0, 0, 0, 1576284157, 0x21dfc99a0fcc62ddc220be6a98518718fd85f46a, 0xb9cffba07fcd4af7606db28de4327a60ad9adddc, 39.46275269000001
0, 0, 0, 1576284421, 0x21dfc99a0fcc62ddc220be6a98518718fd85f46a, 0xbdccb96570acefd855fc25dc7312f9c64d717094, 10.536827310000001
