, TxHash, BlockHeight, TimesStamp, From, To, Value
0, 0, 0, 1576481374, 0x27e6b7a248ac8f2321f1dd29695aaf38b07e9c1c, 0x238acedc9e79760b9baec2e65da5465732b4eecf, 1000.5000000000001
0, 0, 0, 1576481428, 0x83053c32b7819f420dcfed2d218335fe430fe3b5, 0x238acedc9e79760b9baec2e65da5465732b4eecf, 0.0
0, 0, 0, 1576903603, 0x238acedc9e79760b9baec2e65da5465732b4eecf, 0x30214e0d2aaa984eed0fadbc0d2bfe408ba89cce, 1000.0000000000001
0, 0, 0, 1578317652, 0x238acedc9e79760b9baec2e65da5465732b4eecf, 0x27e6b7a248ac8f2321f1dd29695aaf38b07e9c1c, 0.49918100000000004
