, TxHash, BlockHeight, TimesStamp, From, To, Value
0, 0, 0, 1575443520, 0x9bb2d596447020e099322f25a9151911a2bf74bb, 0x230792ba1634cf6c79126485867a852b075d0760, 5.0
0, 0, 0, 1575445279, 0x1726f1462bbb863150274b20dd69cc4f80fa6aa6, 0x230792ba1634cf6c79126485867a852b075d0760, 5.0
0, 0, 0, 1575446363, 0x979ed2d62a9662f7d3c48f08a23e093335f80c45, 0x230792ba1634cf6c79126485867a852b075d0760, 10.0
0, 0, 0, 1575447397, 0x502845a8340799993159fbc8bd31894d7902a593, 0x230792ba1634cf6c79126485867a852b075d0760, 9.118726924564106
0, 0, 0, 1575447976, 0xce36cf0a561aeb4e4a3c12fda68107f0c8faf4f3, 0x230792ba1634cf6c79126485867a852b075d0760, 20.0
0, 0, 0, 1575449051, 0xf86cbc79d0cf9b7c682355caa5a2c8df9e8245a4, 0x230792ba1634cf6c79126485867a852b075d0760, 19.0
0, 0, 0, 1575453788, 0x230792ba1634cf6c79126485867a852b075d0760, 0x9976c40e8186a5e0c2a9d50d55b51f905d10ce52, 68.11859861456382
0, 0, 0, 1575465691, 0x83053c32b7819f420dcfed2d218335fe430fe3b5, 0x230792ba1634cf6c79126485867a852b075d0760, 0.0
