, TxHash, BlockHeight, TimesStamp, From, To, Value
0, 0, 0, 1576675719, 0xf92001bc5afd794f901425119a6f5ae42da25d35, 0x240ad1544e79ada5a0416e0a8db6ae463ad38433, 1000.0000000000001
0, 0, 0, 1576675776, 0x83053c32b7819f420dcfed2d218335fe430fe3b5, 0x240ad1544e79ada5a0416e0a8db6ae463ad38433, 0.0
0, 0, 0, 1576726806, 0x240ad1544e79ada5a0416e0a8db6ae463ad38433, 0xa337427674e364df3f531e83251ea20a78b9a1b9, 999.9998152000002
