, TxHash, BlockHeight, TimesStamp, From, To, Value
0, 0, 0, 1576893713, 0xb8e4ebc840ecfb64d0070f964c3da61cf70adfb7, 0x24c0ac348aa840b851ba601750bdc51ea3a75db9, 500.00000000000006
0, 0, 0, 1576893748, 0x83053c32b7819f420dcfed2d218335fe430fe3b5, 0x24c0ac348aa840b851ba601750bdc51ea3a75db9, 0.0
0, 0, 0, 1576893776, 0x24c0ac348aa840b851ba601750bdc51ea3a75db9, 0xabfb7772a4c06adb45e0474e76b1edc6bfb65826, 499.999622
