, TxHash, BlockHeight, TimesStamp, From, To, Value
0, 0, 0, 1576996005, 0x812e25e989c17f23299393520fba33d6bbc93ad1, 0x253df2bd10772a1903199ff5c289d7a94cc43492, 999.999517
0, 0, 0, 1576996039, 0x83053c32b7819f420dcfed2d218335fe430fe3b5, 0x253df2bd10772a1903199ff5c289d7a94cc43492, 0.0
0, 0, 0, 1576996039, 0x253df2bd10772a1903199ff5c289d7a94cc43492, 0xb4e71cc722b405d871a6f75048c99957719eece1, 999.999034
