, TxHash, BlockHeight, TimesStamp, From, To, Value
0, 0, 0, 1574956593, 0xa11a97912e4ac4d31dce95b2bce0e5cb55f2554a, 0x254235a9ee94cc10ec08cc0c9b7a1b51acb8b921, 10.5
0, 0, 0, 1575367391, 0x254235a9ee94cc10ec08cc0c9b7a1b51acb8b921, 0x5038570bd2b758236fc879ecd3f16e04d0c66063, 4.9032244593431695
0, 0, 0, 1575381955, 0x254235a9ee94cc10ec08cc0c9b7a1b51acb8b921, 0x04a8f7c634d2be0a7eeec8cc9153d1a214b4ff42, 5.5964909906568305
0, 0, 0, 1575465771, 0x83053c32b7819f420dcfed2d218335fe430fe3b5, 0x254235a9ee94cc10ec08cc0c9b7a1b51acb8b921, 0.0
