, TxHash, BlockHeight, TimesStamp, From, To, Value
0, 0, 0, 1575711075, 0x52c2e3a608f7e6f32a829b017788c24309dd33ce, 0x26abc576b2cdc4a01d3f88e6b98dc4a6b5adf365, 20.000714000000002
0, 0, 0, 1575711096, 0x26abc576b2cdc4a01d3f88e6b98dc4a6b5adf365, 0x827c9e3007f444610724dbe12fc380aa2afa6142, 20.000357
0, 0, 0, 1575711146, 0x83053c32b7819f420dcfed2d218335fe430fe3b5, 0x26abc576b2cdc4a01d3f88e6b98dc4a6b5adf365, 0.0
