, TxHash, BlockHeight, TimesStamp, From, To, Value
0, 0, 0, 1576232016, 0xbdd04c6405a4957c5086f59b6fb2270be81b63a1, 0x27e6b7a248ac8f2321f1dd29695aaf38b07e9c1c, 5005.0
0, 0, 0, 1576232089, 0x83053c32b7819f420dcfed2d218335fe430fe3b5, 0x27e6b7a248ac8f2321f1dd29695aaf38b07e9c1c, 0.0
0, 0, 0, 1576249958, 0x27e6b7a248ac8f2321f1dd29695aaf38b07e9c1c, 0x8651bf958c46ff9cb7c49cd62099ab2b7fff9328, 1000.0000000000001
0, 0, 0, 1576481374, 0x27e6b7a248ac8f2321f1dd29695aaf38b07e9c1c, 0x238acedc9e79760b9baec2e65da5465732b4eecf, 1000.5000000000001
0, 0, 0, 1576925043, 0x27e6b7a248ac8f2321f1dd29695aaf38b07e9c1c, 0xf3fe2154e7fc92e3e43dd3be39ca29d110a5c47d, 3000.0
0, 0, 0, 1578317652, 0x238acedc9e79760b9baec2e65da5465732b4eecf, 0x27e6b7a248ac8f2321f1dd29695aaf38b07e9c1c, 0.49918100000000004
0, 0, 0, 1578317795, 0x27e6b7a248ac8f2321f1dd29695aaf38b07e9c1c, 0xbdd04c6405a4957c5086f59b6fb2270be81b63a1, 4.997543
