, TxHash, BlockHeight, TimesStamp, From, To, Value
0, 0, 0, 1575640565, 0x541f5c20e1504bf749ea65328fb4fdda5cc3e6b9, 0x27448f0d730fafbdf0d80b97915af2c51ff3917e, 10.000546
0, 0, 0, 1575640601, 0x27448f0d730fafbdf0d80b97915af2c51ff3917e, 0xd17fd1e735f8db9f52230d0ffc08a85d0d59cc79, 10.000273
0, 0, 0, 1575640708, 0x83053c32b7819f420dcfed2d218335fe430fe3b5, 0x27448f0d730fafbdf0d80b97915af2c51ff3917e, 0.0
