, TxHash, BlockHeight, TimesStamp, From, To, Value
0, 0, 0, 1576820511, 0xd21cf2d5128876601eb04410715ee750c346869f, 0x27783d09e37a5771b389725ac5a8ec9811798d05, 954.0000000000001
0, 0, 0, 1576820519, 0x83053c32b7819f420dcfed2d218335fe430fe3b5, 0x27783d09e37a5771b389725ac5a8ec9811798d05, 0.0
0, 0, 0, 1576820626, 0x27783d09e37a5771b389725ac5a8ec9811798d05, 0x8bc674ffcbf349739c3def7e64b72381b358b943, 842.1
0, 0, 0, 1576831404, 0x27783d09e37a5771b389725ac5a8ec9811798d05, 0x3d503cb13edf44e38382497f6ddf853b94760d0a, 111.899664
