, TxHash, BlockHeight, TimesStamp, From, To, Value
0, 0, 0, 1576903957, 0x81b7434343490d3294c3665be8b5d62f3c1e429c, 0x29cfe5ac061afd3626f0a249f0fdceba07190d92, 999.9992020000001
0, 0, 0, 1576903996, 0x83053c32b7819f420dcfed2d218335fe430fe3b5, 0x29cfe5ac061afd3626f0a249f0fdceba07190d92, 0.0
0, 0, 0, 1576903996, 0x29cfe5ac061afd3626f0a249f0fdceba07190d92, 0x4b9bdf75b5b9d39cfee6bef9bbe538ab9508cb33, 999.9988030000001
