, TxHash, BlockHeight, TimesStamp, From, To, Value
0, 0, 0, 1575709490, 0x7b279751acb6cd91553c1580d95928588fc4300d, 0x2a10f9c80e4f0f0f46fad80460ccde3ed4af59dc, 1.00042
0, 0, 0, 1575709505, 0x2a10f9c80e4f0f0f46fad80460ccde3ed4af59dc, 0xbd29d94eeebf1d50544cea16a800946e186c0aaa, 1.0
0, 0, 0, 1575709644, 0x83053c32b7819f420dcfed2d218335fe430fe3b5, 0x2a10f9c80e4f0f0f46fad80460ccde3ed4af59dc, 0.0
0, 0, 0, 1575710504, 0x2a10f9c80e4f0f0f46fad80460ccde3ed4af59dc, 0x52c2e3a608f7e6f32a829b017788c24309dd33ce, 0.99958
