, TxHash, BlockHeight, TimesStamp, From, To, Value
0, 0, 0, 1575654091, 0x8afea41196fdd321cda73bfaac4e8c3d657a7eee, 0x2a0a0e256a86e92e4159155d75ea6211c4fc1f6d, 15.000399000000002
0, 0, 0, 1575654138, 0x83053c32b7819f420dcfed2d218335fe430fe3b5, 0x2a0a0e256a86e92e4159155d75ea6211c4fc1f6d, 0.0
0, 0, 0, 1575654138, 0x2a0a0e256a86e92e4159155d75ea6211c4fc1f6d, 0x5dcff3a72c5fe9c646456a830a4d5cdd7d3cad42, 15.000000000000002
