, TxHash, BlockHeight, TimesStamp, From, To, Value
0, 0, 0, 1576934205, 0x33dc6f9659963174ca26559636502f70fd7ec85c, 0x2a3b655f3a21321e8030391538ce7e89fa1b4124, 1999.99874
0, 0, 0, 1576934230, 0x2a3b655f3a21321e8030391538ce7e89fa1b4124, 0x1b3512734f7d913ae66a978e4ba5ae89fbfb372d, 1999.9983620000003
0, 0, 0, 1576935445, 0x83053c32b7819f420dcfed2d218335fe430fe3b5, 0x2a3b655f3a21321e8030391538ce7e89fa1b4124, 0.0
