, TxHash, BlockHeight, TimesStamp, From, To, Value
0, 0, 0, 1576480947, 0x73d7f91ef3cd31bfac0c3ea3713c37b55b8e40bc, 0x2baebf778520fb8150848591eabc8919d96a0f80, 5005.0
0, 0, 0, 1576481054, 0x83053c32b7819f420dcfed2d218335fe430fe3b5, 0x2baebf778520fb8150848591eabc8919d96a0f80, 0.0
0, 0, 0, 1577092407, 0xadb0ed9b9ea6ac32affbaaef8d6a7a94156b06f4, 0x2baebf778520fb8150848591eabc8919d96a0f80, 0.0001
0, 0, 0, 1577608427, 0x51a2176a38db9e5ebdecadd2b6142d13f2382c86, 0x2baebf778520fb8150848591eabc8919d96a0f80, 0.001
0, 0, 0, 1577619308, 0xd1bfd64896ff02e8e33123ed1575d7d1efa6cb42, 0x2baebf778520fb8150848591eabc8919d96a0f80, 0.001
0, 0, 0, 1577677158, 0xd1bfd64896ff02e8e33123ed1575d7d1efa6cb42, 0x2baebf778520fb8150848591eabc8919d96a0f80, 0.001
0, 0, 0, 1577871769, 0xd1bfd64896ff02e8e33123ed1575d7d1efa6cb42, 0x2baebf778520fb8150848591eabc8919d96a0f80, 0.001
0, 0, 0, 1577963303, 0xd1bfd64896ff02e8e33123ed1575d7d1efa6cb42, 0x2baebf778520fb8150848591eabc8919d96a0f80, 0.001
0, 0, 0, 1578065543, 0xd1bfd64896ff02e8e33123ed1575d7d1efa6cb42, 0x2baebf778520fb8150848591eabc8919d96a0f80, 0.0001
0, 0, 0, 1578128487, 0x2baebf778520fb8150848591eabc8919d96a0f80, 0x1df42375928b16cd46e7ad14db2e3124ee267ece, 1000.0000000000001
0, 0, 0, 1578139834, 0x2baebf778520fb8150848591eabc8919d96a0f80, 0x1df42375928b16cd46e7ad14db2e3124ee267ece, 4005.0045280000004
0, 0, 0, 1578150287, 0xd1bfd64896ff02e8e33123ed1575d7d1efa6cb42, 0x2baebf778520fb8150848591eabc8919d96a0f80, 0.0001
