, TxHash, BlockHeight, TimesStamp, From, To, Value
0, 0, 0, 1575527525, 0x2b61f5e26260ef2fbe4cf3f6df5bc46dc491e788, 0x2b0d18222d8697886de0a03c8677f1aa6471715e, 1.000588
0, 0, 0, 1575527572, 0x83053c32b7819f420dcfed2d218335fe430fe3b5, 0x2b0d18222d8697886de0a03c8677f1aa6471715e, 0.0
0, 0, 0, 1575527596, 0x2b0d18222d8697886de0a03c8677f1aa6471715e, 0x551f6e303391263851f3354a55065724348ca918, 1.000294
