, TxHash, BlockHeight, TimesStamp, From, To, Value
0, 0, 0, 1575659182, 0x541f5c20e1504bf749ea65328fb4fdda5cc3e6b9, 0x2b0e090222a986a5edc725ae2f68a27c7b4de599, 20.000798000000003
0, 0, 0, 1575659230, 0x2b0e090222a986a5edc725ae2f68a27c7b4de599, 0x0fba3a1734ef757dd849f3289fc36add387305f9, 20.000399
0, 0, 0, 1575659268, 0x83053c32b7819f420dcfed2d218335fe430fe3b5, 0x2b0e090222a986a5edc725ae2f68a27c7b4de599, 0.0
