, TxHash, BlockHeight, TimesStamp, From, To, Value
0, 0, 0, 1575530194, 0x20a41844d89c646ec2bee518e4b2376a883f9ab9, 0x2b6007ef815a557c1b50a808957046f58e0c96c8, 100.00000000000001
0, 0, 0, 1575530225, 0x83053c32b7819f420dcfed2d218335fe430fe3b5, 0x2b6007ef815a557c1b50a808957046f58e0c96c8, 0.0
0, 0, 0, 1575530306, 0x2b6007ef815a557c1b50a808957046f58e0c96c8, 0x514d8bda0dba57ab75b3b5c7528aa71b54ca646a, 5.0
0, 0, 0, 1575535526, 0x2b6007ef815a557c1b50a808957046f58e0c96c8, 0x0c3275e9c107f857d465021156b5a707e216e926, 5.0
0, 0, 0, 1575535933, 0x2b6007ef815a557c1b50a808957046f58e0c96c8, 0x92368bc1d8f68f05df6f2e032f19da8908193a9d, 10.0
0, 0, 0, 1575536297, 0x2b6007ef815a557c1b50a808957046f58e0c96c8, 0x8cb2e7d942e49bd324f5b3908e26bebdf8d4b3f4, 10.0
0, 0, 0, 1575537069, 0x2b6007ef815a557c1b50a808957046f58e0c96c8, 0x59d4def7c023566dcb55626a0c99da5849390f0e, 15.000000000000002
0, 0, 0, 1575537712, 0x2b6007ef815a557c1b50a808957046f58e0c96c8, 0xd2e39f82b46020444a8e8d7f9b845ddea410fc20, 15.000000000000002
0, 0, 0, 1575542940, 0x2b6007ef815a557c1b50a808957046f58e0c96c8, 0x0ea57b0efdb039dfa4ff890c325f083922c922a9, 1.000714
0, 0, 0, 1575548833, 0x2b6007ef815a557c1b50a808957046f58e0c96c8, 0x58bedb1729793e933e44dbe0fdaf3b54b5d346cd, 5.0
0, 0, 0, 1575548914, 0x2b6007ef815a557c1b50a808957046f58e0c96c8, 0xdfdef30bf41f41d81d62d7107641afe8d56786a3, 1.0
0, 0, 0, 1575556011, 0x2b6007ef815a557c1b50a808957046f58e0c96c8, 0x03b06736f7bbace341a25e19eb758efdb77c0395, 2.0
0, 0, 0, 1575623308, 0x2b6007ef815a557c1b50a808957046f58e0c96c8, 0x445aa607a1298b6a1aaff7784ab8dbb9f18695be, 10.000672000000002
0, 0, 0, 1575624937, 0x2b6007ef815a557c1b50a808957046f58e0c96c8, 0x94a1c23b0e4bd0fe0b0d0f19d900a43b4a7d3420, 10.000756
0, 0, 0, 1575626585, 0x2b6007ef815a557c1b50a808957046f58e0c96c8, 0x363a32f55391bbd3d683543a4be485afb734ca07, 10.992734
