, TxHash, BlockHeight, TimesStamp, From, To, Value
0, 0, 0, 1575971904, 0xc0f1aecbad7212ff19905fc6a03f32ac8d752ed3, 0x2c182757728039f2640a293d2b3111b964297157, 5500.0
0, 0, 0, 1575971972, 0x83053c32b7819f420dcfed2d218335fe430fe3b5, 0x2c182757728039f2640a293d2b3111b964297157, 0.0
0, 0, 0, 1575984952, 0x2c182757728039f2640a293d2b3111b964297157, 0xb4b30c7b5d1192991d26fc33722adbf1f752dadd, 1000.0000000000001
0, 0, 0, 1575987167, 0x2c182757728039f2640a293d2b3111b964297157, 0x8f2a80844396f00841dfb5307325c2d73c8d86e0, 500.00000000000006
0, 0, 0, 1575987567, 0x2c182757728039f2640a293d2b3111b964297157, 0x6e845d00c86df79f3447890d2b2e5b455ff012d1, 500.00000000000006
0, 0, 0, 1576026044, 0x2c182757728039f2640a293d2b3111b964297157, 0xc013d98c200997c67f7372e18a743cbd5cc0b15d, 500.00000000000006
0, 0, 0, 1576040247, 0x2c182757728039f2640a293d2b3111b964297157, 0x78d0d49e0d21c0ec3c1ee23cebc90dc55eef08be, 500.00000000000006
0, 0, 0, 1576052918, 0x2c182757728039f2640a293d2b3111b964297157, 0x4f7d7dac792f464e4aa1507329b6271a133b6d95, 500.00000000000006
0, 0, 0, 1576075600, 0x2c182757728039f2640a293d2b3111b964297157, 0x6b08c0cbc38af8059e3cda4e31a4ea589857ffd6, 500.00000000000006
0, 0, 0, 1576080245, 0x2c182757728039f2640a293d2b3111b964297157, 0xae93edf233066d370be93c33abcbf252cc53dcd9, 500.00000000000006
0, 0, 0, 1576198737, 0x2c182757728039f2640a293d2b3111b964297157, 0xc6ba96e35ae9415b00d0195ed7854d4056166ab4, 500.00000000000006
0, 0, 0, 1576210382, 0x2c182757728039f2640a293d2b3111b964297157, 0x2578329c1634852ee0f62b0e278b5b521b4134bb, 200.00000000000003
0, 0, 0, 1576217394, 0x2c182757728039f2640a293d2b3111b964297157, 0x2578329c1634852ee0f62b0e278b5b521b4134bb, 250.00000000000003
0, 0, 0, 1576222821, 0x2c182757728039f2640a293d2b3111b964297157, 0x2578329c1634852ee0f62b0e278b5b521b4134bb, 49.995107000000004
