, TxHash, BlockHeight, TimesStamp, From, To, Value
0, 0, 0, 1575660466, 0x541f5c20e1504bf749ea65328fb4fdda5cc3e6b9, 0x2cef9fef02aaa6df5cb353dbf872cdbe95dca5c7, 20.000756000000003
0, 0, 0, 1575660481, 0x2cef9fef02aaa6df5cb353dbf872cdbe95dca5c7, 0xaed0db7ece8d70a9f04897c74f3419f573c0c0f1, 20.000378
0, 0, 0, 1575660548, 0x83053c32b7819f420dcfed2d218335fe430fe3b5, 0x2cef9fef02aaa6df5cb353dbf872cdbe95dca5c7, 0.0
