, TxHash, BlockHeight, TimesStamp, From, To, Value
0, 0, 0, 1578290916, 0x245a902d6e69c5f3bf7ced01d67e56038675bc98, 0x2d2a8bc77faa13aefb7989297ffb782f12e7a226, 569.11309
0, 0, 0, 1578290945, 0x83053c32b7819f420dcfed2d218335fe430fe3b5, 0x2d2a8bc77faa13aefb7989297ffb782f12e7a226, 0.0
0, 0, 0, 1578291644, 0x2d2a8bc77faa13aefb7989297ffb782f12e7a226, 0x75390be98104cd2f6a15a5a894cce8a926664d5f, 569.1028380000001
0, 0, 0, 1578302707, 0xc55e41763796698b533f343ca9fc3c4b4ed40693, 0x2d2a8bc77faa13aefb7989297ffb782f12e7a226, 565.90053
0, 0, 0, 1578303861, 0x2d2a8bc77faa13aefb7989297ffb782f12e7a226, 0x75390be98104cd2f6a15a5a894cce8a926664d5f, 565.9002780000001
