, TxHash, BlockHeight, TimesStamp, From, To, Value
0, 0, 0, 1576481668, 0xc2baa6b8dfb3ca561619a9f9518e1f9652103d63, 0x2dc027f9f7f865452b9001a8f257030c16d76dc7, 1000.5000000000001
0, 0, 0, 1576481683, 0x83053c32b7819f420dcfed2d218335fe430fe3b5, 0x2dc027f9f7f865452b9001a8f257030c16d76dc7, 0.0
0, 0, 0, 1576564039, 0x2dc027f9f7f865452b9001a8f257030c16d76dc7, 0x52833db2353cb8e1fe099c57b52e5cc10fc1da85, 500.00000000000006
0, 0, 0, 1576570887, 0x2dc027f9f7f865452b9001a8f257030c16d76dc7, 0x593c7cb8a7cf14064a67fc252726a7b38aa81ff7, 500.499202
