, TxHash, BlockHeight, TimesStamp, From, To, Value
0, 0, 0, 1576220114, 0xd2b5383854cf2fcdb75bfc5b280defbf5121c1d1, 0x2d9100f8939019e4058de862ae177a6ca2dd53d2, 500.00000000000006
0, 0, 0, 1576220139, 0x83053c32b7819f420dcfed2d218335fe430fe3b5, 0x2d9100f8939019e4058de862ae177a6ca2dd53d2, 0.0
0, 0, 0, 1576243246, 0x2d9100f8939019e4058de862ae177a6ca2dd53d2, 0x5e16cc64e7e86324bb20630b3fb1f111da00934f, 5.0
0, 0, 0, 1576244746, 0x2d9100f8939019e4058de862ae177a6ca2dd53d2, 0xdaa4f143dd911de7911e50117bb1dadea48326dd, 100.00000000000001
0, 0, 0, 1576244781, 0x2d9100f8939019e4058de862ae177a6ca2dd53d2, 0x5e16cc64e7e86324bb20630b3fb1f111da00934f, 5.0
0, 0, 0, 1576247016, 0x2d9100f8939019e4058de862ae177a6ca2dd53d2, 0xa539f7d620571492fa639d4c54f5030030190a80, 5.0
0, 0, 0, 1576248392, 0x2d9100f8939019e4058de862ae177a6ca2dd53d2, 0x66c2d5140cce1a52e70b9c5d8a36b1c542b15d73, 1.000798
0, 0, 0, 1576250067, 0x2d9100f8939019e4058de862ae177a6ca2dd53d2, 0xedb3d0fb861b1c1fea5bda8a99b3cf2a06f855af, 35.000546
0, 0, 0, 1576250974, 0x2d9100f8939019e4058de862ae177a6ca2dd53d2, 0x1c99eb7a2c014d56c97f7b7a5832c9e2262da626, 40.000924000000005
0, 0, 0, 1576251574, 0x2d9100f8939019e4058de862ae177a6ca2dd53d2, 0x4bcf0e114d696473d5941d4d4f9ed3a8d661afcb, 45.000924000000005
0, 0, 0, 1576252317, 0x2d9100f8939019e4058de862ae177a6ca2dd53d2, 0x57f0a14bff49acbff1b59132ff868e16d5d368ec, 40.000756
0, 0, 0, 1576253175, 0x2d9100f8939019e4058de862ae177a6ca2dd53d2, 0xd83c89af672aca5a7f336ad92cdddf8fc626748e, 53.000588
0, 0, 0, 1576255375, 0x2d9100f8939019e4058de862ae177a6ca2dd53d2, 0x9a4c964526ebcee9b637bb6cf6e67225eb89b80b, 40.000672
0, 0, 0, 1576256363, 0x2d9100f8939019e4058de862ae177a6ca2dd53d2, 0x78ce17af1340462fe25c48ed4b7d7bbd13f0ad4f, 46.000840000000004
0, 0, 0, 1576257157, 0x2d9100f8939019e4058de862ae177a6ca2dd53d2, 0x295ed07f082d0307161e9a4f9f277abd0134df92, 43.000756
0, 0, 0, 1576258059, 0x2d9100f8939019e4058de862ae177a6ca2dd53d2, 0x3d4e16e671f1053e375e23232fc6913cbae8225b, 41.987862
