, TxHash, BlockHeight, TimesStamp, From, To, Value
0, 0, 0, 1575726367, 0x52c2e3a608f7e6f32a829b017788c24309dd33ce, 0x2d3c5776813c97681b35d179a86af35615d2f712, 15.000966000000002
0, 0, 0, 1575726412, 0x2d3c5776813c97681b35d179a86af35615d2f712, 0x6ba67055f8d54f36f3646d11c876912565cbd58f, 15.000483000000001
0, 0, 0, 1575726574, 0x83053c32b7819f420dcfed2d218335fe430fe3b5, 0x2d3c5776813c97681b35d179a86af35615d2f712, 0.0
