, TxHash, BlockHeight, TimesStamp, From, To, Value
0, 0, 0, 1574957154, 0xa11a97912e4ac4d31dce95b2bce0e5cb55f2554a, 0x2e01b55e36ce9e12f8059e02044a670511ebcdfe, 20.1
0, 0, 0, 1575371595, 0x2e01b55e36ce9e12f8059e02044a670511ebcdfe, 0xe0d70cdd2f94dc07a7ad6ccef056da2f605cafac, 9.80616839096589
0, 0, 0, 1575375173, 0x2e01b55e36ce9e12f8059e02044a670511ebcdfe, 0xe0d70cdd2f94dc07a7ad6ccef056da2f605cafac, 9.809276842425573
0, 0, 0, 1575447509, 0x2e01b55e36ce9e12f8059e02044a670511ebcdfe, 0x857a47706e7b3e7d99170f0d239a6a408169e937, 0.4841053666085383
0, 0, 0, 1575465771, 0x83053c32b7819f420dcfed2d218335fe430fe3b5, 0x2e01b55e36ce9e12f8059e02044a670511ebcdfe, 0.0
