, TxHash, BlockHeight, TimesStamp, From, To, Value
0, 0, 0, 1575705164, 0x52c2e3a608f7e6f32a829b017788c24309dd33ce, 0x2e736aacf47bd4cbb7b315f544e0f92bcdfdadcb, 20.000546
0, 0, 0, 1575705227, 0x2e736aacf47bd4cbb7b315f544e0f92bcdfdadcb, 0x66a6e57e28aa7148c0f4c12ac62fec16ccde4e74, 20.000273
0, 0, 0, 1575705685, 0x83053c32b7819f420dcfed2d218335fe430fe3b5, 0x2e736aacf47bd4cbb7b315f544e0f92bcdfdadcb, 0.0
