, TxHash, BlockHeight, TimesStamp, From, To, Value
0, 0, 0, 1575652789, 0xe97ecceb04a4ae795be330b2adbc136ccbf8f040, 0x2e16fa9bfacb4c3c38fbdc01489bd77325672dc9, 15.000420000000002
0, 0, 0, 1575652818, 0x2e16fa9bfacb4c3c38fbdc01489bd77325672dc9, 0x5dcff3a72c5fe9c646456a830a4d5cdd7d3cad42, 15.000000000000002
0, 0, 0, 1575653547, 0x83053c32b7819f420dcfed2d218335fe430fe3b5, 0x2e16fa9bfacb4c3c38fbdc01489bd77325672dc9, 0.0
