, TxHash, BlockHeight, TimesStamp, From, To, Value
0, 0, 0, 1576675617, 0xf92001bc5afd794f901425119a6f5ae42da25d35, 0x2f2899d9aacf16cbcfd92215468ecce62cc73d4f, 1000.0000000000001
0, 0, 0, 1576675629, 0x83053c32b7819f420dcfed2d218335fe430fe3b5, 0x2f2899d9aacf16cbcfd92215468ecce62cc73d4f, 0.0
0, 0, 0, 1576726835, 0x2f2899d9aacf16cbcfd92215468ecce62cc73d4f, 0xa337427674e364df3f531e83251ea20a78b9a1b9, 999.9998152000002
