, TxHash, BlockHeight, TimesStamp, From, To, Value
0, 0, 0, 1578142902, 0x1df42375928b16cd46e7ad14db2e3124ee267ece, 0x2f3adfd0d399e3fafc4bea9b70048acafd939c55, 2005.0033730000002
0, 0, 0, 1578142946, 0x83053c32b7819f420dcfed2d218335fe430fe3b5, 0x2f3adfd0d399e3fafc4bea9b70048acafd939c55, 0.0
0, 0, 0, 1578142946, 0x2f3adfd0d399e3fafc4bea9b70048acafd939c55, 0xc098fc492f85e81497eaec28dd47f8d0b8149fed, 2005.002932
