, TxHash, BlockHeight, TimesStamp, From, To, Value
0, 0, 0, 1575709901, 0x52c2e3a608f7e6f32a829b017788c24309dd33ce, 0x30eec09f344dce617ff04acf78355b9eef25017c, 1.000714
0, 0, 0, 1575709961, 0x30eec09f344dce617ff04acf78355b9eef25017c, 0x7400a255a7521f4007e7c6dfbdd135f0b136e715, 1.0003570000000002
0, 0, 0, 1575709972, 0x83053c32b7819f420dcfed2d218335fe430fe3b5, 0x30eec09f344dce617ff04acf78355b9eef25017c, 0.0
