, TxHash, BlockHeight, TimesStamp, From, To, Value
0, 0, 0, 1576903603, 0x238acedc9e79760b9baec2e65da5465732b4eecf, 0x30214e0d2aaa984eed0fadbc0d2bfe408ba89cce, 1000.0000000000001
0, 0, 0, 1576903626, 0x83053c32b7819f420dcfed2d218335fe430fe3b5, 0x30214e0d2aaa984eed0fadbc0d2bfe408ba89cce, 0.0
0, 0, 0, 1576903909, 0x30214e0d2aaa984eed0fadbc0d2bfe408ba89cce, 0x81b7434343490d3294c3665be8b5d62f3c1e429c, 999.9996010000001
