, TxHash, BlockHeight, TimesStamp, From, To, Value
0, 0, 0, 1575652213, 0x541f5c20e1504bf749ea65328fb4fdda5cc3e6b9, 0x3128dc1849bfd938a15858a64fb23317347d03de, 15.000630000000001
0, 0, 0, 1575652271, 0x3128dc1849bfd938a15858a64fb23317347d03de, 0x4e82779dbba538deef0d53af86e1166a912542f0, 15.000315
0, 0, 0, 1575652616, 0x83053c32b7819f420dcfed2d218335fe430fe3b5, 0x3128dc1849bfd938a15858a64fb23317347d03de, 0.0
