, TxHash, BlockHeight, TimesStamp, From, To, Value
0, 0, 0, 1577147670, 0x83053c32b7819f420dcfed2d218335fe430fe3b5, 0x3160e45b267c4b865ccfd228a3c51e505e2b3943, 0.0
0, 0, 0, 1577147670, 0x987f8cfb36086c78becc03e4e3369c69e195d476, 0x3160e45b267c4b865ccfd228a3c51e505e2b3943, 4000.0006300000005
0, 0, 0, 1577148180, 0x3160e45b267c4b865ccfd228a3c51e505e2b3943, 0x65f999eeb433d68064e9cb277c37123ccef028d7, 4000.00021
