, TxHash, BlockHeight, TimesStamp, From, To, Value
0, 0, 0, 1578648453, 0x1b1685f173a09785e5e74028db39a68c1ca6eb56, 0x329b41556be9d00060636e48259138c27daf6dfd, 3801.0069980000003
0, 0, 0, 1578648487, 0x83053c32b7819f420dcfed2d218335fe430fe3b5, 0x329b41556be9d00060636e48259138c27daf6dfd, 0.0
0, 0, 0, 1578648487, 0x329b41556be9d00060636e48259138c27daf6dfd, 0xd40885c8d582a2b8d7c5e3627d6f116dc37772dc, 3801.006578
