, TxHash, BlockHeight, TimesStamp, From, To, Value
0, 0, 0, 1575650055, 0x541f5c20e1504bf749ea65328fb4fdda5cc3e6b9, 0x327fdf2105b984e8099928beef74ece4fd4321b7, 1.000588
0, 0, 0, 1575650087, 0x327fdf2105b984e8099928beef74ece4fd4321b7, 0x00c46406d5a38045ed58556a46c56d1f083acc1f, 1.000294
0, 0, 0, 1575650236, 0x83053c32b7819f420dcfed2d218335fe430fe3b5, 0x327fdf2105b984e8099928beef74ece4fd4321b7, 0.0
