, TxHash, BlockHeight, TimesStamp, From, To, Value
0, 0, 0, 1576509928, 0x9409d7ea71294fc5561e5fdd47d4a9f5993948c5, 0x32ebef4025480287ab18b9ce61a5792862070307, 10010.100000000002
0, 0, 0, 1576509973, 0x83053c32b7819f420dcfed2d218335fe430fe3b5, 0x32ebef4025480287ab18b9ce61a5792862070307, 0.0
0, 0, 0, 1576634566, 0x32ebef4025480287ab18b9ce61a5792862070307, 0xf92001bc5afd794f901425119a6f5ae42da25d35, 1.0
0, 0, 0, 1576635870, 0x32ebef4025480287ab18b9ce61a5792862070307, 0xf92001bc5afd794f901425119a6f5ae42da25d35, 6999.000000000001
0, 0, 0, 1576911927, 0x32ebef4025480287ab18b9ce61a5792862070307, 0x17560d0b04f481f359e2ffe0b292b6ee40db8029, 3000.0
0, 0, 0, 1578318390, 0x32ebef4025480287ab18b9ce61a5792862070307, 0x9409d7ea71294fc5561e5fdd47d4a9f5993948c5, 10.098320000000001
