, TxHash, BlockHeight, TimesStamp, From, To, Value
0, 0, 0, 1575663520, 0xda7eab2c46673f698c6ec89cc39df8afb2b8eb89, 0x33f4d7f59e9985e9ab9cf6c2d4b4ce1c63c25574, 30.000378
0, 0, 0, 1575663532, 0x83053c32b7819f420dcfed2d218335fe430fe3b5, 0x33f4d7f59e9985e9ab9cf6c2d4b4ce1c63c25574, 0.0
0, 0, 0, 1575663532, 0x33f4d7f59e9985e9ab9cf6c2d4b4ce1c63c25574, 0xa89509bebfd26c3651bb2c8a3571323bf6abed95, 30.000000000000004
