, TxHash, BlockHeight, TimesStamp, From, To, Value
0, 0, 0, 1576933950, 0xc0b420c5c47d1b6c594579c1103ac0ff6f73fc70, 0x33dc6f9659963174ca26559636502f70fd7ec85c, 4000.0000000000005
0, 0, 0, 1576934142, 0x33dc6f9659963174ca26559636502f70fd7ec85c, 0x7b548d24c06f02bf9c73444fa3bedce6039189a3, 2000.000588
0, 0, 0, 1576934205, 0x33dc6f9659963174ca26559636502f70fd7ec85c, 0x2a3b655f3a21321e8030391538ce7e89fa1b4124, 1999.99874
0, 0, 0, 1576935379, 0x83053c32b7819f420dcfed2d218335fe430fe3b5, 0x33dc6f9659963174ca26559636502f70fd7ec85c, 0.0
