, TxHash, BlockHeight, TimesStamp, From, To, Value
0, 0, 0, 1575644042, 0xe52197218e5208160df55eff1ed1e3e9210a5138, 0x34201cbadcc294f3f2978dd8a2ee765dedc74e31, 1.0
0, 0, 0, 1575644116, 0x83053c32b7819f420dcfed2d218335fe430fe3b5, 0x34201cbadcc294f3f2978dd8a2ee765dedc74e31, 0.0
0, 0, 0, 1575645043, 0x34201cbadcc294f3f2978dd8a2ee765dedc74e31, 0xd3476faf7dfbf061bafc98c9ec1032da0ef966a4, 0.9998950000000001
0, 0, 0, 1575879291, 0x13d7091b2278eeac9a9a835e78b14df08e6f1f65, 0x34201cbadcc294f3f2978dd8a2ee765dedc74e31, 10.0
0, 0, 0, 1575880147, 0x34201cbadcc294f3f2978dd8a2ee765dedc74e31, 0xd3476faf7dfbf061bafc98c9ec1032da0ef966a4, 9.999895
