, TxHash, BlockHeight, TimesStamp, From, To, Value
0, 0, 0, 1575637494, 0x541f5c20e1504bf749ea65328fb4fdda5cc3e6b9, 0x35ce55fb01c921adddbe5d1e9cc0969f631f0317, 10.000504000000001
0, 0, 0, 1575637515, 0x35ce55fb01c921adddbe5d1e9cc0969f631f0317, 0x312edbe3ddfe6d8e0a7153b4d71507d5d0fa4453, 10.000252000000001
0, 0, 0, 1575637633, 0x83053c32b7819f420dcfed2d218335fe430fe3b5, 0x35ce55fb01c921adddbe5d1e9cc0969f631f0317, 0.0
