, TxHash, BlockHeight, TimesStamp, From, To, Value
0, 0, 0, 1575657272, 0x541f5c20e1504bf749ea65328fb4fdda5cc3e6b9, 0x366e4aff0c016dd192319bb570792ca490338d67, 15.000840000000002
0, 0, 0, 1575657322, 0x83053c32b7819f420dcfed2d218335fe430fe3b5, 0x366e4aff0c016dd192319bb570792ca490338d67, 0.0
0, 0, 0, 1575657322, 0x366e4aff0c016dd192319bb570792ca490338d67, 0x146266461d7cf83487f305dcbc5f958a5682c88c, 15.000420000000002
