, TxHash, BlockHeight, TimesStamp, From, To, Value
0, 0, 0, 1575661629, 0x541f5c20e1504bf749ea65328fb4fdda5cc3e6b9, 0x36aad0b6f220030362b7f58e703d91044258360c, 1.000966
0, 0, 0, 1575661661, 0x36aad0b6f220030362b7f58e703d91044258360c, 0xb7aebaecd2a480eac5d3ae2284db8947e8efdaa3, 1.000483
0, 0, 0, 1575661670, 0x83053c32b7819f420dcfed2d218335fe430fe3b5, 0x36aad0b6f220030362b7f58e703d91044258360c, 0.0
