, TxHash, BlockHeight, TimesStamp, From, To, Value
0, 0, 0, 1575626585, 0x2b6007ef815a557c1b50a808957046f58e0c96c8, 0x363a32f55391bbd3d683543a4be485afb734ca07, 10.992734
0, 0, 0, 1575626586, 0x83053c32b7819f420dcfed2d218335fe430fe3b5, 0x363a32f55391bbd3d683543a4be485afb734ca07, 0.0
0, 0, 0, 1575626586, 0x363a32f55391bbd3d683543a4be485afb734ca07, 0x39f0a1847b61f87063512a2889e4492a134fe792, 10.992461
