, TxHash, BlockHeight, TimesStamp, From, To, Value
0, 0, 0, 1576992999, 0x0ae7db4096e9d17fc88afd42775448503cc74c83, 0x37bcb8fa56a8becfc093dbef200aae058adea59e, 500.00000000000006
0, 0, 0, 1576993116, 0x37bcb8fa56a8becfc093dbef200aae058adea59e, 0x603fd8f6d2760ec28228c9eec8019ee7c7c8f017, 100.000378
0, 0, 0, 1576993550, 0x37bcb8fa56a8becfc093dbef200aae058adea59e, 0x9206ead7b7ccfc20100c73e0305ce0bffc053d85, 100.00035700000001
0, 0, 0, 1576993762, 0x37bcb8fa56a8becfc093dbef200aae058adea59e, 0x5cb8f4d366299f2cc90b701e6c69fe80384d89ed, 100.00046200000001
0, 0, 0, 1576994105, 0x37bcb8fa56a8becfc093dbef200aae058adea59e, 0x3547ebe3c1e5ca0c8c78be4d4c60ea24db558da2, 100.000273
0, 0, 0, 1576994213, 0x0ebc7da0a40ff0736f6118dfa0f0030005330bb7, 0x37bcb8fa56a8becfc093dbef200aae058adea59e, 499.99817300000007
0, 0, 0, 1576994348, 0x37bcb8fa56a8becfc093dbef200aae058adea59e, 0x435213b292723d9695b08bd0f5d547b26670bd4e, 200.000483
0, 0, 0, 1576994943, 0x37bcb8fa56a8becfc093dbef200aae058adea59e, 0x45bb2ab0538cf9a4e1aead47863757ef6a337e05, 200.000378
0, 0, 0, 1576995485, 0x37bcb8fa56a8becfc093dbef200aae058adea59e, 0x993e500d610193f33311bb4649d0c0f17db492bf, 199.993028
0, 0, 0, 1576996078, 0xb4e71cc722b405d871a6f75048c99957719eece1, 0x37bcb8fa56a8becfc093dbef200aae058adea59e, 999.998551
0, 0, 0, 1576996111, 0x37bcb8fa56a8becfc093dbef200aae058adea59e, 0x0ffdb49296481e6649012004b613f6922201fe14, 200.000378
0, 0, 0, 1576996391, 0x37bcb8fa56a8becfc093dbef200aae058adea59e, 0x78593c55477cf4b6ebf25c248850d9c82c140189, 300.000273
0, 0, 0, 1576996665, 0x37bcb8fa56a8becfc093dbef200aae058adea59e, 0xdb9c7277b59bcc2ff9faaa25a839af6ff8eae60e, 499.996871
0, 0, 0, 1576997175, 0x83053c32b7819f420dcfed2d218335fe430fe3b5, 0x37bcb8fa56a8becfc093dbef200aae058adea59e, 0.0
0, 0, 0, 1576997463, 0x5a84e1dd7fa351950c62b7ae2691ed55f24eb21c, 0x37bcb8fa56a8becfc093dbef200aae058adea59e, 199.99905500000003
0, 0, 0, 1576997512, 0x37bcb8fa56a8becfc093dbef200aae058adea59e, 0xd2fee32facc5b8da43b7c513058a75384243d2ab, 199.998803
