, TxHash, BlockHeight, TimesStamp, From, To, Value
0, 0, 0, 1575653805, 0x53154b9f2a7142286b1b0b9205875acb3335dbc7, 0x37fe62455584dc4d6c611990be55a7206ffb822e, 15.000252000000001
0, 0, 0, 1575653835, 0x37fe62455584dc4d6c611990be55a7206ffb822e, 0xc1292d5598a4887b8eb5a557688f21f8f9661bcf, 15.000000000000002
0, 0, 0, 1575653839, 0x83053c32b7819f420dcfed2d218335fe430fe3b5, 0x37fe62455584dc4d6c611990be55a7206ffb822e, 0.0
