, TxHash, BlockHeight, TimesStamp, From, To, Value
0, 0, 0, 1575633385, 0x541f5c20e1504bf749ea65328fb4fdda5cc3e6b9, 0x388a1584e7efa0f562d31d55d985dc8a17d10e27, 15.000798000000001
0, 0, 0, 1575633407, 0x388a1584e7efa0f562d31d55d985dc8a17d10e27, 0x7536f6f43962f3846872ffd66ba84a6994860864, 15.000399000000002
0, 0, 0, 1575633815, 0x83053c32b7819f420dcfed2d218335fe430fe3b5, 0x388a1584e7efa0f562d31d55d985dc8a17d10e27, 0.0
