, TxHash, BlockHeight, TimesStamp, From, To, Value
0, 0, 0, 1577098098, 0x987f8cfb36086c78becc03e4e3369c69e195d476, 0x38c7001d819c857264e767bd4eedd69414154f35, 500.00081900000004
0, 0, 0, 1577098119, 0x83053c32b7819f420dcfed2d218335fe430fe3b5, 0x38c7001d819c857264e767bd4eedd69414154f35, 0.0
0, 0, 0, 1577098119, 0x38c7001d819c857264e767bd4eedd69414154f35, 0x2e1ca57b918a4b6cf8977d3fccc736fd888dde6b, 500.00054600000004
