, TxHash, BlockHeight, TimesStamp, From, To, Value
0, 0, 0, 1575360758, 0x7e31fac61eb7a69fe559161e87504b1cbc2ffedc, 0x387cacd7a020af5800de377eec1bddc634a95706, 15.000000000000002
0, 0, 0, 1575465771, 0x83053c32b7819f420dcfed2d218335fe430fe3b5, 0x387cacd7a020af5800de377eec1bddc634a95706, 0.0
0, 0, 0, 1580339947, 0x387cacd7a020af5800de377eec1bddc634a95706, 0xfe9dd46eecdc5a91658793bc944e5959964dee5d, 12.264166801312111
