, TxHash, BlockHeight, TimesStamp, From, To, Value
0, 0, 0, 1575626586, 0x363a32f55391bbd3d683543a4be485afb734ca07, 0x39f0a1847b61f87063512a2889e4492a134fe792, 10.992461
0, 0, 0, 1575626620, 0x83053c32b7819f420dcfed2d218335fe430fe3b5, 0x39f0a1847b61f87063512a2889e4492a134fe792, 0.0
0, 0, 0, 1575626620, 0x39f0a1847b61f87063512a2889e4492a134fe792, 0x69889d755aa7be685d253bf98ae42d6d1f0dc341, 10.992188
