, TxHash, BlockHeight, TimesStamp, From, To, Value
0, 0, 0, 1576833604, 0x7cf95087195e1f4ddb66ef7da1d01fb40684cbdd, 0x3a2e5a589a4dbb89b4bedfea039fc888d4c4970e, 100.00000000000001
0, 0, 0, 1576833628, 0x83053c32b7819f420dcfed2d218335fe430fe3b5, 0x3a2e5a589a4dbb89b4bedfea039fc888d4c4970e, 0.0
0, 0, 0, 1576833693, 0x3a2e5a589a4dbb89b4bedfea039fc888d4c4970e, 0x399dd204102f7e1811edd6492c79eb7b1d1415c3, 30.000000000000004
0, 0, 0, 1576834146, 0x3a2e5a589a4dbb89b4bedfea039fc888d4c4970e, 0xddd63a149f9e17ecc27a3e7f963348dccd9f8efa, 10.0
0, 0, 0, 1576835832, 0x3a2e5a589a4dbb89b4bedfea039fc888d4c4970e, 0x0aacc6b9d02ff98b3cbea1bb4fc6ebc23e9b4312, 10.0
0, 0, 0, 1576836591, 0x3a2e5a589a4dbb89b4bedfea039fc888d4c4970e, 0x6db8f446a0199d18a6bce6b28880846878e5bd57, 20.0
0, 0, 0, 1576898236, 0x3a2e5a589a4dbb89b4bedfea039fc888d4c4970e, 0x16959fb354eb28dc90782bd043e2000813c9276d, 29.999097000000003
