, TxHash, BlockHeight, TimesStamp, From, To, Value
0, 0, 0, 1575623871, 0x855f22809df5f5222d70f8df47369462c555db0d, 0x3a16faf01f9146a5205e03b54ad9f3146f597be5, 2.0
0, 0, 0, 1575623909, 0x83053c32b7819f420dcfed2d218335fe430fe3b5, 0x3a16faf01f9146a5205e03b54ad9f3146f597be5, 0.0
0, 0, 0, 1575624187, 0x3a16faf01f9146a5205e03b54ad9f3146f597be5, 0xdc6c91b569c98f9f6f74d90f9beff99fdaf4248b, 0.992163003
0, 0, 0, 1575624395, 0x3a16faf01f9146a5205e03b54ad9f3146f597be5, 0xdc6c91b569c98f9f6f74d90f9beff99fdaf4248b, 0.9
0, 0, 0, 1575624829, 0x3a16faf01f9146a5205e03b54ad9f3146f597be5, 0xdac17f958d2ee523a2206206994597c13d831ec7, 0.0
0, 0, 0, 1575625592, 0x83053c32b7819f420dcfed2d218335fe430fe3b5, 0x3a16faf01f9146a5205e03b54ad9f3146f597be5, 0.0
0, 0, 0, 1575626987, 0x3a16faf01f9146a5205e03b54ad9f3146f597be5, 0x855f22809df5f5222d70f8df47369462c555db0d, 0.10022621100000001
