, TxHash, BlockHeight, TimesStamp, From, To, Value
0, 0, 0, 1575660365, 0x541f5c20e1504bf749ea65328fb4fdda5cc3e6b9, 0x3a2bbf544040323b2a12f608d7f0ac1fa9200cb3, 20.000966000000002
0, 0, 0, 1575660380, 0x83053c32b7819f420dcfed2d218335fe430fe3b5, 0x3a2bbf544040323b2a12f608d7f0ac1fa9200cb3, 0.0
0, 0, 0, 1575660380, 0x3a2bbf544040323b2a12f608d7f0ac1fa9200cb3, 0x7d50d8c7e1131c138e14d33054690a8760e85ecb, 20.000483000000003
