, TxHash, BlockHeight, TimesStamp, From, To, Value
0, 0, 0, 1575653181, 0xbcd4cb205176e4028fcb975f1f7dd12686d18053, 0x3ce115754818a13f3c96f75124712ffb2a7a858e, 15.000378000000001
0, 0, 0, 1575653197, 0x3ce115754818a13f3c96f75124712ffb2a7a858e, 0xab1facf1c14585c1918506a4f36a8707df77e555, 15.000000000000002
0, 0, 0, 1575653226, 0x80ec54a6b6785cc48dc52bd594c13c9c0756a94a, 0x3ce115754818a13f3c96f75124712ffb2a7a858e, 7.81678942e-09
0, 0, 0, 1575653547, 0x83053c32b7819f420dcfed2d218335fe430fe3b5, 0x3ce115754818a13f3c96f75124712ffb2a7a858e, 0.0
