, TxHash, BlockHeight, TimesStamp, From, To, Value
0, 0, 0, 1575675692, 0x864597bcdc9da7a047ad196206b967ebd84db905, 0x3c3a588b9da6ec149ee24ffc435410375ad6f53d, 30.000294000000004
0, 0, 0, 1575675699, 0x3c3a588b9da6ec149ee24ffc435410375ad6f53d, 0xab1facf1c14585c1918506a4f36a8707df77e555, 30.000000000000004
0, 0, 0, 1575675734, 0x83053c32b7819f420dcfed2d218335fe430fe3b5, 0x3c3a588b9da6ec149ee24ffc435410375ad6f53d, 0.0
