, TxHash, BlockHeight, TimesStamp, From, To, Value
0, 0, 0, 1575655192, 0xbc9b1f648a8a1849f6d1fb12c9d62069fcb05fe8, 0x3d6fd41ff719dfffff6d3704d91096fd7882b6c0, 15.000315
0, 0, 0, 1575655228, 0x3d6fd41ff719dfffff6d3704d91096fd7882b6c0, 0x5dcff3a72c5fe9c646456a830a4d5cdd7d3cad42, 15.000000000000002
0, 0, 0, 1575655436, 0x83053c32b7819f420dcfed2d218335fe430fe3b5, 0x3d6fd41ff719dfffff6d3704d91096fd7882b6c0, 0.0
