, TxHash, BlockHeight, TimesStamp, From, To, Value
0, 0, 0, 1578232496, 0x934e1ba940c28969f4902786fa2d540b618715db, 0x3ddfd1e1770ccf485356a30d5964c46176773507, 4999.999748
0, 0, 0, 1578232525, 0x83053c32b7819f420dcfed2d218335fe430fe3b5, 0x3ddfd1e1770ccf485356a30d5964c46176773507, 0.0
0, 0, 0, 1578232525, 0x3ddfd1e1770ccf485356a30d5964c46176773507, 0x245a902d6e69c5f3bf7ced01d67e56038675bc98, 4999.999496000001
