, TxHash, BlockHeight, TimesStamp, From, To, Value
0, 0, 0, 1575715905, 0x6d1506b4abb3e4ade2076e2329cbecf74804897d, 0x3d6654d669ff574f4f0ad15170577d6942a0d6de, 50.00048300000001
0, 0, 0, 1575715959, 0x83053c32b7819f420dcfed2d218335fe430fe3b5, 0x3d6654d669ff574f4f0ad15170577d6942a0d6de, 0.0
0, 0, 0, 1575716237, 0x3d6654d669ff574f4f0ad15170577d6942a0d6de, 0xab1facf1c14585c1918506a4f36a8707df77e555, 50.000063000000004
