, TxHash, BlockHeight, TimesStamp, From, To, Value
0, 0, 0, 1576120277, 0xd2b5383854cf2fcdb75bfc5b280defbf5121c1d1, 0x3d39a9e7d3f09c229096c0c19ec5d0d01a63b03b, 500.00000000000006
0, 0, 0, 1576120297, 0x83053c32b7819f420dcfed2d218335fe430fe3b5, 0x3d39a9e7d3f09c229096c0c19ec5d0d01a63b03b, 0.0
0, 0, 0, 1576120547, 0x3d39a9e7d3f09c229096c0c19ec5d0d01a63b03b, 0xcf9b5764b107dd2d11e56ed56b9db80dc9978b70, 50.001386000000004
0, 0, 0, 1576121347, 0x3d39a9e7d3f09c229096c0c19ec5d0d01a63b03b, 0xc5a7ee80a37136bfd16064a44fbf0fc8aa497488, 400.00000000000006
0, 0, 0, 1576121506, 0x3d39a9e7d3f09c229096c0c19ec5d0d01a63b03b, 0x8226f95523c2e37be8f75fdaea68f074e424d51c, 49.997312
