, TxHash, BlockHeight, TimesStamp, From, To, Value
0, 0, 0, 1576675521, 0xf92001bc5afd794f901425119a6f5ae42da25d35, 0x3e1929966029de6d4cd41c25d5b9aaea2cb5de5f, 1000.0000000000001
0, 0, 0, 1576675617, 0x83053c32b7819f420dcfed2d218335fe430fe3b5, 0x3e1929966029de6d4cd41c25d5b9aaea2cb5de5f, 0.0
0, 0, 0, 1576726867, 0x3e1929966029de6d4cd41c25d5b9aaea2cb5de5f, 0xa337427674e364df3f531e83251ea20a78b9a1b9, 999.9998152000002
