, TxHash, BlockHeight, TimesStamp, From, To, Value
0, 0, 0, 1575676370, 0x04e89fb1369598569a77a82f15bcaa7f16922193, 0x4030f958b87ee193660e91524de3f03a149b3ded, 30.000357
0, 0, 0, 1575676389, 0x4030f958b87ee193660e91524de3f03a149b3ded, 0xab1facf1c14585c1918506a4f36a8707df77e555, 30.000000000000004
0, 0, 0, 1575676486, 0x83053c32b7819f420dcfed2d218335fe430fe3b5, 0x4030f958b87ee193660e91524de3f03a149b3ded, 0.0
