, TxHash, BlockHeight, TimesStamp, From, To, Value
0, 0, 0, 1576199156, 0xd2b5383854cf2fcdb75bfc5b280defbf5121c1d1, 0x41b4639c3b010cf500903e65228976632966576e, 500.00000000000006
0, 0, 0, 1576199201, 0x83053c32b7819f420dcfed2d218335fe430fe3b5, 0x41b4639c3b010cf500903e65228976632966576e, 0.0
0, 0, 0, 1576199341, 0x41b4639c3b010cf500903e65228976632966576e, 0xab413825470dd14f07f6cd55a62d5dbd43a1de94, 1.000966
0, 0, 0, 1576199835, 0x41b4639c3b010cf500903e65228976632966576e, 0x48d80d9e68d26ebfa9b19e600b1d7debbe86b17a, 10.000630000000001
0, 0, 0, 1576200117, 0x41b4639c3b010cf500903e65228976632966576e, 0x5a9d6604d6ccb4d87aaccf6ccf1a12d5b393044e, 10.000798000000001
0, 0, 0, 1576200319, 0x41b4639c3b010cf500903e65228976632966576e, 0x5c2fc86decf1264889f2976e3c735e8675d19e2f, 50.00054600000001
0, 0, 0, 1576200445, 0x41b4639c3b010cf500903e65228976632966576e, 0x44b5610c401f458ee22e7cd0f3b310f9d579e807, 50.001344
0, 0, 0, 1576200711, 0x41b4639c3b010cf500903e65228976632966576e, 0x8a8f114df7f28f3b55d4d7a681776f149bcd3f5a, 50.000882000000004
0, 0, 0, 1576200794, 0x41b4639c3b010cf500903e65228976632966576e, 0x8f828ded754055f3828ac615bc06ce101a1980fd, 328.99223
