, TxHash, BlockHeight, TimesStamp, From, To, Value
0, 0, 0, 1576994157, 0x812e25e989c17f23299393520fba33d6bbc93ad1, 0x410ee2e3752ab080a06ce8297100a6513fe94bc0, 499.9988450000001
0, 0, 0, 1576994181, 0x410ee2e3752ab080a06ce8297100a6513fe94bc0, 0x0ebc7da0a40ff0736f6118dfa0f0030005330bb7, 499.99850900000007
0, 0, 0, 1576995433, 0x83053c32b7819f420dcfed2d218335fe430fe3b5, 0x410ee2e3752ab080a06ce8297100a6513fe94bc0, 0.0
