, TxHash, BlockHeight, TimesStamp, From, To, Value
0, 0, 0, 1575447198, 0x2b61f5e26260ef2fbe4cf3f6df5bc46dc491e788, 0x4189d322cbca54354df8e66f0c5f0f4765ea8361, 10.0
0, 0, 0, 1575465673, 0x83053c32b7819f420dcfed2d218335fe430fe3b5, 0x4189d322cbca54354df8e66f0c5f0f4765ea8361, 0.0
0, 0, 0, 1576199883, 0x4189d322cbca54354df8e66f0c5f0f4765ea8361, 0x329ec38b38ab5e1fa6610964b3ffce2926018f86, 9.167643932894121
0, 0, 0, 1578272801, 0x4189d322cbca54354df8e66f0c5f0f4765ea8361, 0xe98a5afe34de2bce9730b719957e5f9a3b479a90, 0.8321555171058802
