, TxHash, BlockHeight, TimesStamp, From, To, Value
0, 0, 0, 1576315717, 0x38d89126b017edbe77d9c49aa3108fc272f3a525, 0x42aa399ce8052360e01d088eedfa4985a5fe3a2b, 5005.0
0, 0, 0, 1576315780, 0x83053c32b7819f420dcfed2d218335fe430fe3b5, 0x42aa399ce8052360e01d088eedfa4985a5fe3a2b, 0.0
0, 0, 0, 1576316907, 0x42aa399ce8052360e01d088eedfa4985a5fe3a2b, 0x95f1c03793ac5374deef7d909b6a9a92b110455f, 1000.5000000000001
0, 0, 0, 1576966875, 0x42aa399ce8052360e01d088eedfa4985a5fe3a2b, 0xd8492dff0c3ca1bc055146466240952753e6ad70, 4000.0000000000005
0, 0, 0, 1588832589, 0x42aa399ce8052360e01d088eedfa4985a5fe3a2b, 0x1437014677d1b273ef32d38b6e815a882ab8fb5b, 4.498698
