, TxHash, BlockHeight, TimesStamp, From, To, Value
0, 0, 0, 1575637002, 0xa2ad1df8363b471ab7f859aeaacad6de05793029, 0x424aa705a2a7dbeb04f29553a2d4e7f00f2b59f0, 15.000252000000001
0, 0, 0, 1575637050, 0x424aa705a2a7dbeb04f29553a2d4e7f00f2b59f0, 0x55e5c96ca86b3bbd33e29c756c0785616fff6559, 15.000000000000002
0, 0, 0, 1575637299, 0x83053c32b7819f420dcfed2d218335fe430fe3b5, 0x424aa705a2a7dbeb04f29553a2d4e7f00f2b59f0, 0.0
