, TxHash, BlockHeight, TimesStamp, From, To, Value
0, 0, 0, 1575627724, 0x541f5c20e1504bf749ea65328fb4fdda5cc3e6b9, 0x4321f627f9f85e5f65290b8e3e9fe4a8d69b36a3, 4.000882000000001
0, 0, 0, 1575627808, 0x4321f627f9f85e5f65290b8e3e9fe4a8d69b36a3, 0x7efbd4d3aa395dc34cd8d882eb969151ba5757a3, 4.000441
0, 0, 0, 1575627903, 0x83053c32b7819f420dcfed2d218335fe430fe3b5, 0x4321f627f9f85e5f65290b8e3e9fe4a8d69b36a3, 0.0
