, TxHash, BlockHeight, TimesStamp, From, To, Value
0, 0, 0, 1575634586, 0x541f5c20e1504bf749ea65328fb4fdda5cc3e6b9, 0x4352d915c44bb26a58e0636d7a2ae390def5bbd5, 15.000756
0, 0, 0, 1575634661, 0x4352d915c44bb26a58e0636d7a2ae390def5bbd5, 0x66896a1875cd1b187ae32126387027f83bea207c, 15.000378000000001
0, 0, 0, 1575634704, 0x83053c32b7819f420dcfed2d218335fe430fe3b5, 0x4352d915c44bb26a58e0636d7a2ae390def5bbd5, 0.0
