, TxHash, BlockHeight, TimesStamp, From, To, Value
0, 0, 0, 1575681445, 0x541f5c20e1504bf749ea65328fb4fdda5cc3e6b9, 0x440c634dbd9d090a475eb33c06ff609f96db47bf, 40.000672
0, 0, 0, 1575681458, 0x440c634dbd9d090a475eb33c06ff609f96db47bf, 0x580e9417146c494d36808e3d1b886c254928ff31, 40.000336000000004
0, 0, 0, 1575681835, 0x83053c32b7819f420dcfed2d218335fe430fe3b5, 0x440c634dbd9d090a475eb33c06ff609f96db47bf, 0.0
