, TxHash, BlockHeight, TimesStamp, From, To, Value
0, 0, 0, 1577088779, 0x987f8cfb36086c78becc03e4e3369c69e195d476, 0x442e05bfbea5df5db4a4338390046693c7d18205, 500.00113400000004
0, 0, 0, 1577088782, 0x442e05bfbea5df5db4a4338390046693c7d18205, 0xa70024a5a87c710637c9c84267fef9681e722f02, 500.000756
0, 0, 0, 1577088813, 0x83053c32b7819f420dcfed2d218335fe430fe3b5, 0x442e05bfbea5df5db4a4338390046693c7d18205, 0.0
