, TxHash, BlockHeight, TimesStamp, From, To, Value
0, 0, 0, 1576289020, 0x630cf30ee39403cd677ea1fb564b219867b6e568, 0x443c1d93b8501702fa4c025932c167d92fc239c7, 1000.5000000000001
0, 0, 0, 1576289069, 0x83053c32b7819f420dcfed2d218335fe430fe3b5, 0x443c1d93b8501702fa4c025932c167d92fc239c7, 0.0
0, 0, 0, 1576316665, 0x443c1d93b8501702fa4c025932c167d92fc239c7, 0xb3dda02bbac2f0e6b0fbdd39107a190498295c62, 1000.0000000000001
0, 0, 0, 1576482070, 0x443c1d93b8501702fa4c025932c167d92fc239c7, 0x630cf30ee39403cd677ea1fb564b219867b6e568, 0.499244
