, TxHash, BlockHeight, TimesStamp, From, To, Value
0, 0, 0, 1576967309, 0xd8492dff0c3ca1bc055146466240952753e6ad70, 0x4416bb47029a1d6218589f3a050b88c090ea5325, 1999.9985090000002
0, 0, 0, 1576967322, 0x83053c32b7819f420dcfed2d218335fe430fe3b5, 0x4416bb47029a1d6218589f3a050b88c090ea5325, 0.0
0, 0, 0, 1576967322, 0x4416bb47029a1d6218589f3a050b88c090ea5325, 0xc42c011e4707d10cc9665de0ac7849e1afe0c118, 1999.998215
