, TxHash, BlockHeight, TimesStamp, From, To, Value
0, 0, 0, 1575623308, 0x2b6007ef815a557c1b50a808957046f58e0c96c8, 0x445aa607a1298b6a1aaff7784ab8dbb9f18695be, 10.000672000000002
0, 0, 0, 1575623388, 0x445aa607a1298b6a1aaff7784ab8dbb9f18695be, 0x5dc40d7396c64d9271d6094d046840a1c797fbee, 10.000336
0, 0, 0, 1575623531, 0x83053c32b7819f420dcfed2d218335fe430fe3b5, 0x445aa607a1298b6a1aaff7784ab8dbb9f18695be, 0.0
