, TxHash, BlockHeight, TimesStamp, From, To, Value
0, 0, 0, 1578156362, 0xc55e41763796698b533f343ca9fc3c4b4ed40693, 0x444eeb7c65fcaf9dc58cbcf2ba67df296bdd7877, 867.17232
0, 0, 0, 1578156369, 0x83053c32b7819f420dcfed2d218335fe430fe3b5, 0x444eeb7c65fcaf9dc58cbcf2ba67df296bdd7877, 0.0
0, 0, 0, 1578156542, 0x444eeb7c65fcaf9dc58cbcf2ba67df296bdd7877, 0x313e3bff872fbd49b99f48fcfe11e1513e0ce859, 867.1620680000001
