, TxHash, BlockHeight, TimesStamp, From, To, Value
0, 0, 0, 1575527892, 0x89ae7523b73060cece4e28e03ad898a97e3557e3, 0x451893b8d51384166d0f5ecf52f89f5c3071299c, 16.11361
0, 0, 0, 1575527938, 0x83053c32b7819f420dcfed2d218335fe430fe3b5, 0x451893b8d51384166d0f5ecf52f89f5c3071299c, 0.0
0, 0, 0, 1575528201, 0x451893b8d51384166d0f5ecf52f89f5c3071299c, 0xcfb140774bb6dba3480619feffc05d9020503e35, 16.11319
