, TxHash, BlockHeight, TimesStamp, From, To, Value
0, 0, 0, 1575650741, 0x541f5c20e1504bf749ea65328fb4fdda5cc3e6b9, 0x479cc10103b079ace9e9bb2db1f81cdcd5cdf642, 5.000756
0, 0, 0, 1575650778, 0x479cc10103b079ace9e9bb2db1f81cdcd5cdf642, 0xb0e24191dc1ecbd1d1325853569e8106bbb9ca77, 5.000378
0, 0, 0, 1575650855, 0x83053c32b7819f420dcfed2d218335fe430fe3b5, 0x479cc10103b079ace9e9bb2db1f81cdcd5cdf642, 0.0
