, TxHash, BlockHeight, TimesStamp, From, To, Value
0, 0, 0, 1575783699, 0x851d8fe098341d5592dbbc7bcd4388f73c16291b, 0x4839e41d801e7b597092c0a6468dd583235a6b2d, 1.000756
0, 0, 0, 1575783772, 0x4839e41d801e7b597092c0a6468dd583235a6b2d, 0x2a55c27a9606f01b9af0318421ccda8a26ff464b, 1.000378
0, 0, 0, 1575785313, 0x83053c32b7819f420dcfed2d218335fe430fe3b5, 0x4839e41d801e7b597092c0a6468dd583235a6b2d, 0.0
