, TxHash, BlockHeight, TimesStamp, From, To, Value
0, 0, 0, 1578647373, 0x5bf95e3c39e0a392718560ce6eb8db948244c721, 0x498df58ecd7a90bac96a730763390d49859bbefc, 1130.211812
0, 0, 0, 1578647401, 0x83053c32b7819f420dcfed2d218335fe430fe3b5, 0x498df58ecd7a90bac96a730763390d49859bbefc, 0.0
0, 0, 0, 1578647401, 0x498df58ecd7a90bac96a730763390d49859bbefc, 0xd40885c8d582a2b8d7c5e3627d6f116dc37772dc, 1130.211434
