, TxHash, BlockHeight, TimesStamp, From, To, Value
0, 0, 0, 1575451755, 0xd8b5b1cf394fa28741cb3ac6b81755a652e59f44, 0x4af57e659b71dfacad5777a7d25c5ac1625f1a30, 199.99916000000002
0, 0, 0, 1575451816, 0x4af57e659b71dfacad5777a7d25c5ac1625f1a30, 0x632f47d0b28ee1e794b65d94c313de696083660c, 199.99874
0, 0, 0, 1575465673, 0x83053c32b7819f420dcfed2d218335fe430fe3b5, 0x4af57e659b71dfacad5777a7d25c5ac1625f1a30, 0.0
