, TxHash, BlockHeight, TimesStamp, From, To, Value
0, 0, 0, 1575709595, 0x52c2e3a608f7e6f32a829b017788c24309dd33ce, 0x4abbfd0007350d265a536d5628d9b4a123185447, 20.000756000000003
0, 0, 0, 1575709632, 0x4abbfd0007350d265a536d5628d9b4a123185447, 0x052354282f1c621982580a44cdf9f87303dfdbe3, 20.000378
0, 0, 0, 1575709889, 0x83053c32b7819f420dcfed2d218335fe430fe3b5, 0x4abbfd0007350d265a536d5628d9b4a123185447, 0.0
