, TxHash, BlockHeight, TimesStamp, From, To, Value
0, 0, 0, 1578158226, 0x934e1ba940c28969f4902786fa2d540b618715db, 0x4af1f00c45a4ff5434c2457b6f2a29273c00547f, 2001.9974170000003
0, 0, 0, 1578158268, 0x83053c32b7819f420dcfed2d218335fe430fe3b5, 0x4af1f00c45a4ff5434c2457b6f2a29273c00547f, 0.0
0, 0, 0, 1578158268, 0x4af1f00c45a4ff5434c2457b6f2a29273c00547f, 0x245a902d6e69c5f3bf7ced01d67e56038675bc98, 2001.997102
