, TxHash, BlockHeight, TimesStamp, From, To, Value
0, 0, 0, 1575711901, 0xe00149e73958555486030d6a7b67157c42c187d8, 0x4b5d14e1ecf54389d30636c17e3baa79ce208490, 50.000462000000006
0, 0, 0, 1575711911, 0x4b5d14e1ecf54389d30636c17e3baa79ce208490, 0xab1facf1c14585c1918506a4f36a8707df77e555, 50.00000000000001
0, 0, 0, 1575711986, 0x83053c32b7819f420dcfed2d218335fe430fe3b5, 0x4b5d14e1ecf54389d30636c17e3baa79ce208490, 0.0
