, TxHash, BlockHeight, TimesStamp, From, To, Value
0, 0, 0, 1577101204, 0x57398c069005e8f1b52c29b6fa37ce873999613a, 0x4b0a3ce1f5df61dde5b05022119305e995eca377, 200.00088200000002
0, 0, 0, 1577101207, 0x83053c32b7819f420dcfed2d218335fe430fe3b5, 0x4b0a3ce1f5df61dde5b05022119305e995eca377, 0.0
0, 0, 0, 1577101207, 0x4b0a3ce1f5df61dde5b05022119305e995eca377, 0x17a48e2ab13b778984e85733e3f78d5cffafa8ea, 200.00044100000002
