, TxHash, BlockHeight, TimesStamp, From, To, Value
0, 0, 0, 1576903996, 0x29cfe5ac061afd3626f0a249f0fdceba07190d92, 0x4b9bdf75b5b9d39cfee6bef9bbe538ab9508cb33, 999.9988030000001
0, 0, 0, 1576904026, 0x83053c32b7819f420dcfed2d218335fe430fe3b5, 0x4b9bdf75b5b9d39cfee6bef9bbe538ab9508cb33, 0.0
0, 0, 0, 1576904223, 0x74e5c74cad40649508c19b68191287157c2edb4f, 0x4b9bdf75b5b9d39cfee6bef9bbe538ab9508cb33, 4.908675000000001
0, 0, 0, 1576904310, 0x4b9bdf75b5b9d39cfee6bef9bbe538ab9508cb33, 0x4bdc83a1ac0ef3aed39e478fca73977afacdece2, 180.000378
0, 0, 0, 1576907852, 0x4b9bdf75b5b9d39cfee6bef9bbe538ab9508cb33, 0x8b49ad7e53410aafd9f41d8812ae084d94f2b668, 280.000357
0, 0, 0, 1576907996, 0x4b9bdf75b5b9d39cfee6bef9bbe538ab9508cb33, 0xea5c9d4a701bb0e87514f14ef6cd5898bfeaca7e, 25.000000000000004
0, 0, 0, 1576909002, 0x4b9bdf75b5b9d39cfee6bef9bbe538ab9508cb33, 0x52024a2cad00624f3285e12227a3afbcf183ab5f, 25.000000000000004
0, 0, 0, 1576909457, 0x4b9bdf75b5b9d39cfee6bef9bbe538ab9508cb33, 0xeacfe1b2980aeb9c2d0aaaf9f99b609ab3e423fa, 250.00000000000003
0, 0, 0, 1576911326, 0x4b9bdf75b5b9d39cfee6bef9bbe538ab9508cb33, 0x6238f6b6dfc2128cece8944bdf26f7eb7c5c241f, 244.90441200000004
