, TxHash, BlockHeight, TimesStamp, From, To, Value
0, 0, 0, 1575680440, 0x7c697b10563933eb5f04f9047a85073a47d80d56, 0x4b523684b2ba11090f6ba5fb9dc527ca49d5dc1a, 15.000420000000002
0, 0, 0, 1575680451, 0x4b523684b2ba11090f6ba5fb9dc527ca49d5dc1a, 0x03b06736f7bbace341a25e19eb758efdb77c0395, 15.000000000000002
0, 0, 0, 1575680823, 0x83053c32b7819f420dcfed2d218335fe430fe3b5, 0x4b523684b2ba11090f6ba5fb9dc527ca49d5dc1a, 0.0
