, TxHash, BlockHeight, TimesStamp, From, To, Value
0, 0, 0, 1576675564, 0xf92001bc5afd794f901425119a6f5ae42da25d35, 0x4d2a3eb78ca3aa419af771517a5254724eae75e2, 1000.0000000000001
0, 0, 0, 1576675626, 0x83053c32b7819f420dcfed2d218335fe430fe3b5, 0x4d2a3eb78ca3aa419af771517a5254724eae75e2, 0.0
0, 0, 0, 1576726867, 0x4d2a3eb78ca3aa419af771517a5254724eae75e2, 0xa337427674e364df3f531e83251ea20a78b9a1b9, 999.9998152000002
