, TxHash, BlockHeight, TimesStamp, From, To, Value
0, 0, 0, 1578208522, 0xd40885c8d582a2b8d7c5e3627d6f116dc37772dc, 0x4d859c1f6fe9700a65b2c7d13d9e32c198eecd17, 288.2027100000001
0, 0, 0, 1578208538, 0x83053c32b7819f420dcfed2d218335fe430fe3b5, 0x4d859c1f6fe9700a65b2c7d13d9e32c198eecd17, 0.0
0, 0, 0, 1578210430, 0x4d859c1f6fe9700a65b2c7d13d9e32c198eecd17, 0x75390be98104cd2f6a15a5a894cce8a926664d5f, 288.19245800000004
0, 0, 0, 1578400806, 0x245a902d6e69c5f3bf7ced01d67e56038675bc98, 0x4d859c1f6fe9700a65b2c7d13d9e32c198eecd17, 584.11386
0, 0, 0, 1578405828, 0x4d859c1f6fe9700a65b2c7d13d9e32c198eecd17, 0x75390be98104cd2f6a15a5a894cce8a926664d5f, 584.1134400000001
