, TxHash, BlockHeight, TimesStamp, From, To, Value
0, 0, 0, 1575652271, 0x3128dc1849bfd938a15858a64fb23317347d03de, 0x4e82779dbba538deef0d53af86e1166a912542f0, 15.000315
0, 0, 0, 1575652304, 0x4e82779dbba538deef0d53af86e1166a912542f0, 0x5dcff3a72c5fe9c646456a830a4d5cdd7d3cad42, 15.000000000000002
0, 0, 0, 1575652616, 0x83053c32b7819f420dcfed2d218335fe430fe3b5, 0x4e82779dbba538deef0d53af86e1166a912542f0, 0.0
