, TxHash, BlockHeight, TimesStamp, From, To, Value
0, 0, 0, 1578151149, 0x39274196b366a9718a227708f0a02abd845e2cb1, 0x4e419af061af4f94a239cdca021153ab875d7f7a, 3801.0018240000004
0, 0, 0, 1578151162, 0x83053c32b7819f420dcfed2d218335fe430fe3b5, 0x4e419af061af4f94a239cdca021153ab875d7f7a, 0.0
0, 0, 0, 1578151162, 0x4e419af061af4f94a239cdca021153ab875d7f7a, 0xc55e41763796698b533f343ca9fc3c4b4ed40693, 3801.0014880000003
