, TxHash, BlockHeight, TimesStamp, From, To, Value
0, 0, 0, 1576735683, 0x07fe041c2c2f0971d143dfc6b1eec748200c5657, 0x4e711847917e22837d1499577f94a736fdc9e671, 7257.551382141128
0, 0, 0, 1576735741, 0x83053c32b7819f420dcfed2d218335fe430fe3b5, 0x4e711847917e22837d1499577f94a736fdc9e671, 0.0
0, 0, 0, 1576811777, 0x4e711847917e22837d1499577f94a736fdc9e671, 0x53bc97fcced4c1f5f0b3438ccf9b5fe3056f55da, 0.1
0, 0, 0, 1576820467, 0x4e711847917e22837d1499577f94a736fdc9e671, 0xd21cf2d5128876601eb04410715ee750c346869f, 954.1
0, 0, 0, 1576826971, 0x4e711847917e22837d1499577f94a736fdc9e671, 0x0c4f68abdb5dbfd591a18ea3a98882e1a9b39379, 86.2
0, 0, 0, 1576830380, 0xd21cf2d5128876601eb04410715ee750c346869f, 0x4e711847917e22837d1499577f94a736fdc9e671, 0.099538
0, 0, 0, 1576830380, 0x0c4f68abdb5dbfd591a18ea3a98882e1a9b39379, 0x4e711847917e22837d1499577f94a736fdc9e671, 0.099538
0, 0, 0, 1576912509, 0x4e711847917e22837d1499577f94a736fdc9e671, 0xfd1e6398e0fec266fff489c210e4950a7702487a, 0.01
0, 0, 0, 1577087277, 0x4e711847917e22837d1499577f94a736fdc9e671, 0xa2ab85f48d4ff750a4f30fdca1c8c8b6861fdba8, 6217.339660141127
