, TxHash, BlockHeight, TimesStamp, From, To, Value
0, 0, 0, 1575683005, 0x541f5c20e1504bf749ea65328fb4fdda5cc3e6b9, 0x4fa44fcd5f686c61704eca8349e361d0035f2006, 20.000588
0, 0, 0, 1575683043, 0x4fa44fcd5f686c61704eca8349e361d0035f2006, 0x69937b01209e62f17a5ef626a1b05f193a364615, 20.000294
0, 0, 0, 1575683064, 0x83053c32b7819f420dcfed2d218335fe430fe3b5, 0x4fa44fcd5f686c61704eca8349e361d0035f2006, 0.0
