, TxHash, BlockHeight, TimesStamp, From, To, Value
0, 0, 0, 1576052918, 0x2c182757728039f2640a293d2b3111b964297157, 0x4f7d7dac792f464e4aa1507329b6271a133b6d95, 500.00000000000006
0, 0, 0, 1576053004, 0x83053c32b7819f420dcfed2d218335fe430fe3b5, 0x4f7d7dac792f464e4aa1507329b6271a133b6d95, 0.0
0, 0, 0, 1576053077, 0x4f7d7dac792f464e4aa1507329b6271a133b6d95, 0x7748ed531b4f0669630832150b8820194fc89972, 27.000714000000002
0, 0, 0, 1576053205, 0x4f7d7dac792f464e4aa1507329b6271a133b6d95, 0x7289f30c4d8cb54f05bcf05372b7aa7ddc6a4d78, 129.00084
0, 0, 0, 1576053652, 0x4f7d7dac792f464e4aa1507329b6271a133b6d95, 0x321d4750ba2da2f15b6fa1b8dea0f19e36048e63, 1.0006300000000001
0, 0, 0, 1576054373, 0x4f7d7dac792f464e4aa1507329b6271a133b6d95, 0xad38c9764e4a52574cb52d2b650b27348a3dc9cd, 98.00084000000001
0, 0, 0, 1576054485, 0x4f7d7dac792f464e4aa1507329b6271a133b6d95, 0x1d526e207bcbf53429b969a74732377879a3cd6f, 32.000756
0, 0, 0, 1576054772, 0x4f7d7dac792f464e4aa1507329b6271a133b6d95, 0x72d86bafe9561131b4c3e2e8dd7aa7f0e2f6655c, 54.000840000000004
0, 0, 0, 1576113313, 0x4f7d7dac792f464e4aa1507329b6271a133b6d95, 0xc7e8e0b3590768e48f1df60f51c3641c7f636773, 20.000966000000002
0, 0, 0, 1576113494, 0x4f7d7dac792f464e4aa1507329b6271a133b6d95, 0x495a8308e61ac21c825964cf9b8ff88ab1a4a9d2, 20.000882
0, 0, 0, 1576114220, 0x4f7d7dac792f464e4aa1507329b6271a133b6d95, 0x160df78a82916ded606502975ae418506c12b16d, 20.00168
0, 0, 0, 1576114659, 0x4f7d7dac792f464e4aa1507329b6271a133b6d95, 0x23b837ce0e3b2ee53f8a9174a005c38226ccbf12, 50.002100000000006
0, 0, 0, 1576115392, 0x4f7d7dac792f464e4aa1507329b6271a133b6d95, 0xa559aca892a09eb05f57085542687d6814f82def, 48.985573
