, TxHash, BlockHeight, TimesStamp, From, To, Value
0, 0, 0, 1575663966, 0x541f5c20e1504bf749ea65328fb4fdda5cc3e6b9, 0x50a0dd6bb043c8619bb1403dd8498e51b9bd250b, 20.000798000000003
0, 0, 0, 1575663990, 0x50a0dd6bb043c8619bb1403dd8498e51b9bd250b, 0x76240c539a8e0557d140e6974890f0dd59d83701, 20.000399
0, 0, 0, 1575664233, 0x83053c32b7819f420dcfed2d218335fe430fe3b5, 0x50a0dd6bb043c8619bb1403dd8498e51b9bd250b, 0.0
