, TxHash, BlockHeight, TimesStamp, From, To, Value
0, 0, 0, 1575366449, 0x5a410696b4648d31f59cb4572342a9387cd07fb9, 0x5038570bd2b758236fc879ecd3f16e04d0c66063, 4.900958766452808
0, 0, 0, 1575367391, 0x254235a9ee94cc10ec08cc0c9b7a1b51acb8b921, 0x5038570bd2b758236fc879ecd3f16e04d0c66063, 4.9032244593431695
0, 0, 0, 1575367608, 0x12397eed368f06cd91029d561f04e3392c1e8da4, 0x5038570bd2b758236fc879ecd3f16e04d0c66063, 4.906349508129394
0, 0, 0, 1575368738, 0x8eb5324c78254b8b3789be919ce9d255afb0e9aa, 0x5038570bd2b758236fc879ecd3f16e04d0c66063, 4.8990747148792115
0, 0, 0, 1575443041, 0x5038570bd2b758236fc879ecd3f16e04d0c66063, 0x789f7293f2897344efe559e40d76889a90c4a1df, 10.0
0, 0, 0, 1575443446, 0x5038570bd2b758236fc879ecd3f16e04d0c66063, 0x6a2d13f7b14c533df700a251a6174d77222ed437, 9.608767448804581
0, 0, 0, 1575465691, 0x83053c32b7819f420dcfed2d218335fe430fe3b5, 0x5038570bd2b758236fc879ecd3f16e04d0c66063, 0.0
