, TxHash, BlockHeight, TimesStamp, From, To, Value
0, 0, 0, 1575703836, 0x1a1c572d1955fb2deec5ed018d1046daab99181d, 0x504557667da3ea837e0420e268bf8173e5151915, 15.000399000000002
0, 0, 0, 1575703883, 0x504557667da3ea837e0420e268bf8173e5151915, 0x69889d755aa7be685d253bf98ae42d6d1f0dc341, 15.000000000000002
0, 0, 0, 1575703906, 0x83053c32b7819f420dcfed2d218335fe430fe3b5, 0x504557667da3ea837e0420e268bf8173e5151915, 0.0
