, TxHash, BlockHeight, TimesStamp, From, To, Value
0, 0, 0, 1575445508, 0x2b61f5e26260ef2fbe4cf3f6df5bc46dc491e788, 0x51421bd355a740be01b33c5af3d31fecab129226, 15.000000000000002
0, 0, 0, 1575465691, 0x83053c32b7819f420dcfed2d218335fe430fe3b5, 0x51421bd355a740be01b33c5af3d31fecab129226, 0.0
0, 0, 0, 1581529750, 0x51421bd355a740be01b33c5af3d31fecab129226, 0xb12b1e1bf934b0b07b68ccea770f14a519c2aeca, 14.999895
