, TxHash, BlockHeight, TimesStamp, From, To, Value
0, 0, 0, 1577087807, 0x987f8cfb36086c78becc03e4e3369c69e195d476, 0x51461dadd84f239de648a1dd23988c041210cee4, 500.00144900000004
0, 0, 0, 1577087831, 0x83053c32b7819f420dcfed2d218335fe430fe3b5, 0x51461dadd84f239de648a1dd23988c041210cee4, 0.0
0, 0, 0, 1577087831, 0x51461dadd84f239de648a1dd23988c041210cee4, 0xc09c89e0f35a3b6435a59190a6ce8b46458070d5, 500.000966
