, TxHash, BlockHeight, TimesStamp, From, To, Value
0, 0, 0, 1575359219, 0x4d53dad4b3552710ac276fa7f7ba944554c1cace, 0x519a3b21130eb8496f7a8e4782fa3106ae4cff27, 1001.0000000000001
0, 0, 0, 1575359568, 0x4d53dad4b3552710ac276fa7f7ba944554c1cace, 0x519a3b21130eb8496f7a8e4782fa3106ae4cff27, 10000.0
0, 0, 0, 1575361824, 0x4cf285e48d57fe785ff4980feeb450af34c80886, 0x519a3b21130eb8496f7a8e4782fa3106ae4cff27, 0.001
0, 0, 0, 1575379643, 0x2aed748d96253cf3a50d175a31d5ef0a6bebc8b8, 0x519a3b21130eb8496f7a8e4782fa3106ae4cff27, 0.0
0, 0, 0, 1575465771, 0x83053c32b7819f420dcfed2d218335fe430fe3b5, 0x519a3b21130eb8496f7a8e4782fa3106ae4cff27, 0.0
0, 0, 0, 1576310628, 0x519a3b21130eb8496f7a8e4782fa3106ae4cff27, 0x72fc57dfa1dcd0269fe4af86f7aee496174a96df, 5005.0
0, 0, 0, 1577608316, 0x51a2176a38db9e5ebdecadd2b6142d13f2382c86, 0x519a3b21130eb8496f7a8e4782fa3106ae4cff27, 0.001
0, 0, 0, 1577619067, 0xd1bfd64896ff02e8e33123ed1575d7d1efa6cb42, 0x519a3b21130eb8496f7a8e4782fa3106ae4cff27, 0.001
0, 0, 0, 1577676457, 0xd1bfd64896ff02e8e33123ed1575d7d1efa6cb42, 0x519a3b21130eb8496f7a8e4782fa3106ae4cff27, 0.001
0, 0, 0, 1577871390, 0xd1bfd64896ff02e8e33123ed1575d7d1efa6cb42, 0x519a3b21130eb8496f7a8e4782fa3106ae4cff27, 0.001
0, 0, 0, 1577963157, 0xd1bfd64896ff02e8e33123ed1575d7d1efa6cb42, 0x519a3b21130eb8496f7a8e4782fa3106ae4cff27, 0.001
0, 0, 0, 1578065305, 0xd1bfd64896ff02e8e33123ed1575d7d1efa6cb42, 0x519a3b21130eb8496f7a8e4782fa3106ae4cff27, 0.0001
0, 0, 0, 1578149226, 0x519a3b21130eb8496f7a8e4782fa3106ae4cff27, 0x72fc57dfa1dcd0269fe4af86f7aee496174a96df, 3000.0
0, 0, 0, 1578149973, 0xd1bfd64896ff02e8e33123ed1575d7d1efa6cb42, 0x519a3b21130eb8496f7a8e4782fa3106ae4cff27, 0.0001
0, 0, 0, 1578150886, 0x519a3b21130eb8496f7a8e4782fa3106ae4cff27, 0x72fc57dfa1dcd0269fe4af86f7aee496174a96df, 2996.004961
