, TxHash, BlockHeight, TimesStamp, From, To, Value
0, 0, 0, 1578724875, 0x9e586ef78aea14673c3d560b558108b5680a2399, 0x5185381083355c5060964fe11ebee3acb4c07602, 999.9990760000001
0, 0, 0, 1578724896, 0x83053c32b7819f420dcfed2d218335fe430fe3b5, 0x5185381083355c5060964fe11ebee3acb4c07602, 0.0
0, 0, 0, 1578724896, 0x5185381083355c5060964fe11ebee3acb4c07602, 0x4456cec3c7a96447407632e7664cb6f886446efa, 999.9986140000001
