, TxHash, BlockHeight, TimesStamp, From, To, Value
0, 0, 0, 1576564039, 0x2dc027f9f7f865452b9001a8f257030c16d76dc7, 0x52833db2353cb8e1fe099c57b52e5cc10fc1da85, 500.00000000000006
0, 0, 0, 1576564068, 0x83053c32b7819f420dcfed2d218335fe430fe3b5, 0x52833db2353cb8e1fe099c57b52e5cc10fc1da85, 0.0
0, 0, 0, 1576564068, 0x0a48c7907d0f2597f2d24c0ac3b30de604488814, 0x52833db2353cb8e1fe099c57b52e5cc10fc1da85, 24.36587907485799
0, 0, 0, 1576566402, 0x52833db2353cb8e1fe099c57b52e5cc10fc1da85, 0x03ca479de5e6e0b9688b5af488c197ec7b0b128a, 524.3656060748581
