, TxHash, BlockHeight, TimesStamp, From, To, Value
0, 0, 0, 1575635901, 0x541f5c20e1504bf749ea65328fb4fdda5cc3e6b9, 0x52f0eb37eba6f82c15d38f67a6438c5931714493, 15.000672000000002
0, 0, 0, 1575635905, 0x52f0eb37eba6f82c15d38f67a6438c5931714493, 0x17cc027da93a0ba4f0e94233e770528be2b185ea, 15.000336
0, 0, 0, 1575636082, 0x83053c32b7819f420dcfed2d218335fe430fe3b5, 0x52f0eb37eba6f82c15d38f67a6438c5931714493, 0.0
