, TxHash, BlockHeight, TimesStamp, From, To, Value
0, 0, 0, 1576934167, 0x703263482f88a61a020c69e647b15993115ab515, 0x52355573954f413f3ea88931a8c661a50221c678, 2000.0000000000002
0, 0, 0, 1576934265, 0x1b3512734f7d913ae66a978e4ba5ae89fbfb372d, 0x52355573954f413f3ea88931a8c661a50221c678, 1999.997984
0, 0, 0, 1576934297, 0x52355573954f413f3ea88931a8c661a50221c678, 0xba5cdcf928fad3a643c545edcc99047c8d2b6d95, 500.00000000000006
0, 0, 0, 1576938552, 0x83053c32b7819f420dcfed2d218335fe430fe3b5, 0x52355573954f413f3ea88931a8c661a50221c678, 0.0
0, 0, 0, 1576939325, 0x52355573954f413f3ea88931a8c661a50221c678, 0x3605c692e486817c5e3276ea8f253ba784fe34e0, 250.00000000000003
0, 0, 0, 1576939370, 0x52355573954f413f3ea88931a8c661a50221c678, 0xf4dce6fd37e8e53388334642c1e2b404a4327d47, 250.00000000000003
0, 0, 0, 1576939407, 0x52355573954f413f3ea88931a8c661a50221c678, 0x7db2d7cfd980e64bd19dcf17a0a38193d9477b70, 250.00000000000003
0, 0, 0, 1576939495, 0x52355573954f413f3ea88931a8c661a50221c678, 0xaee59714795f46067e817d58ac6c3b4ca548cc53, 250.00000000000003
0, 0, 0, 1576939880, 0x52355573954f413f3ea88931a8c661a50221c678, 0x97ed3a19b02a59c107ff9147742cab4bafc19c3f, 500.00000000000006
0, 0, 0, 1576942640, 0x52355573954f413f3ea88931a8c661a50221c678, 0xd61e0306d4b8bcf1a7750e3fcd17a6eb1c3052e0, 500.00000000000006
0, 0, 0, 1576943957, 0x52355573954f413f3ea88931a8c661a50221c678, 0x4301997436979b3eb9968afed8cbf3c5c9052ff1, 500.00000000000006
0, 0, 0, 1576944165, 0x52355573954f413f3ea88931a8c661a50221c678, 0xdf96e1b8d74cf68f65d956f75c01ed9d33610514, 500.00000000000006
0, 0, 0, 1576944836, 0xde3704af556fa5fb0b74c6fbd6c489ba0ef82535, 0x52355573954f413f3ea88931a8c661a50221c678, 0.00491014
0, 0, 0, 1576945094, 0x52355573954f413f3ea88931a8c661a50221c678, 0x20fea0f2382340aeeaee2658adaf641e2067e1f5, 499.99949214000003
