, TxHash, BlockHeight, TimesStamp, From, To, Value
0, 0, 0, 1575703025, 0x52c2e3a608f7e6f32a829b017788c24309dd33ce, 0x52b5b693f6ec06cd3a9312146d3ae23829c12a3d, 40.000714
0, 0, 0, 1575703039, 0x52b5b693f6ec06cd3a9312146d3ae23829c12a3d, 0xc70a5d2a27416c261c9fe952db16bf2ea2c3bbc1, 40.000357
0, 0, 0, 1575703227, 0x83053c32b7819f420dcfed2d218335fe430fe3b5, 0x52b5b693f6ec06cd3a9312146d3ae23829c12a3d, 0.0
