, TxHash, BlockHeight, TimesStamp, From, To, Value
0, 0, 0, 1575283715, 0xec87b798ae833e964fd50b64864a80fc5b19eb69, 0x53186601306500c58ed68e4c60b4c7180a62f88f, 1000.0000000000001
0, 0, 0, 1575283871, 0x53186601306500c58ed68e4c60b4c7180a62f88f, 0xeae4e10e6ecb2faf781796406490132ff1c99ec2, 220.00000000000003
0, 0, 0, 1575294655, 0x53186601306500c58ed68e4c60b4c7180a62f88f, 0x75bada55d5378334225eba166a9ae1bc85808f76, 20.100502512562816
0, 0, 0, 1575299056, 0x53186601306500c58ed68e4c60b4c7180a62f88f, 0x75bada55d5378334225eba166a9ae1bc85808f76, 33.82949932341002
0, 0, 0, 1575299113, 0x53186601306500c58ed68e4c60b4c7180a62f88f, 0xec58ad57e467ac3084676cee9122ee9e3e9d54f8, 33.82949932341002
0, 0, 0, 1575333980, 0x53186601306500c58ed68e4c60b4c7180a62f88f, 0x855f22809df5f5222d70f8df47369462c555db0d, 692.2380628406172
0, 0, 0, 1575465771, 0x83053c32b7819f420dcfed2d218335fe430fe3b5, 0x53186601306500c58ed68e4c60b4c7180a62f88f, 0.0
