, TxHash, BlockHeight, TimesStamp, From, To, Value
0, 0, 0, 1575634430, 0x541f5c20e1504bf749ea65328fb4fdda5cc3e6b9, 0x53ccd3a032bbb2865415ec8f77b1fe3947e54b85, 10.000714
0, 0, 0, 1575634446, 0x83053c32b7819f420dcfed2d218335fe430fe3b5, 0x53ccd3a032bbb2865415ec8f77b1fe3947e54b85, 0.0
0, 0, 0, 1575634446, 0x53ccd3a032bbb2865415ec8f77b1fe3947e54b85, 0xea880302c8697bc75e2664d0aadf0e7a04b0bf9b, 10.000357000000001
