, TxHash, BlockHeight, TimesStamp, From, To, Value
0, 0, 0, 1576848508, 0xa75606650971ce1ef7cffdd670f466be15cd3b96, 0x53c2d0406341a6d9262789f030a74c6a12d0743b, 538.8107636548581
0, 0, 0, 1576848524, 0x83053c32b7819f420dcfed2d218335fe430fe3b5, 0x53c2d0406341a6d9262789f030a74c6a12d0743b, 0.0
0, 0, 0, 1576848524, 0x53c2d0406341a6d9262789f030a74c6a12d0743b, 0x18da554b38a52e1d6d249f615f425f9041577e4a, 538.810469654858
