, TxHash, BlockHeight, TimesStamp, From, To, Value
0, 0, 0, 1575653769, 0x541f5c20e1504bf749ea65328fb4fdda5cc3e6b9, 0x53154b9f2a7142286b1b0b9205875acb3335dbc7, 15.000504000000001
0, 0, 0, 1575653805, 0x83053c32b7819f420dcfed2d218335fe430fe3b5, 0x53154b9f2a7142286b1b0b9205875acb3335dbc7, 0.0
0, 0, 0, 1575653805, 0x53154b9f2a7142286b1b0b9205875acb3335dbc7, 0x37fe62455584dc4d6c611990be55a7206ffb822e, 15.000252000000001
