, TxHash, BlockHeight, TimesStamp, From, To, Value
0, 0, 0, 1575659532, 0x541f5c20e1504bf749ea65328fb4fdda5cc3e6b9, 0x54e3014ee86cfa9ccde6a858f5759ce66ebc9d26, 20.000504000000003
0, 0, 0, 1575659570, 0x54e3014ee86cfa9ccde6a858f5759ce66ebc9d26, 0xe254cb8d6715975c61dde1aebe1beb3911ff0e74, 20.000252
0, 0, 0, 1575659582, 0x83053c32b7819f420dcfed2d218335fe430fe3b5, 0x54e3014ee86cfa9ccde6a858f5759ce66ebc9d26, 0.0
