, TxHash, BlockHeight, TimesStamp, From, To, Value
0, 0, 0, 1576899109, 0xf5ef2fd1a0a512bd145b34a8de8652bc0f289415, 0x558c7fe59cff5b39e17be3de8e66a0e2e11be127, 999.999622
0, 0, 0, 1576899222, 0x558c7fe59cff5b39e17be3de8e66a0e2e11be127, 0x657cf457101ef5474ab99a186db2fb8c7e137a96, 999.999244
0, 0, 0, 1576899230, 0x83053c32b7819f420dcfed2d218335fe430fe3b5, 0x558c7fe59cff5b39e17be3de8e66a0e2e11be127, 0.0
