, TxHash, BlockHeight, TimesStamp, From, To, Value
0, 0, 0, 1575634011, 0x8af9f9c100d128d857d2b50b15492e7c3b8f2adc, 0x556d09d087976ab9631f5abe95b5549a1077673a, 15.000252000000001
0, 0, 0, 1575634015, 0x556d09d087976ab9631f5abe95b5549a1077673a, 0x55e5c96ca86b3bbd33e29c756c0785616fff6559, 15.000000000000002
0, 0, 0, 1575634088, 0x83053c32b7819f420dcfed2d218335fe430fe3b5, 0x556d09d087976ab9631f5abe95b5549a1077673a, 0.0
