, TxHash, BlockHeight, TimesStamp, From, To, Value
0, 0, 0, 1575639012, 0x541f5c20e1504bf749ea65328fb4fdda5cc3e6b9, 0x5639c4fee4510919c0f364b7b1c66d35e4e50223, 15.000546000000002
0, 0, 0, 1575639174, 0x83053c32b7819f420dcfed2d218335fe430fe3b5, 0x5639c4fee4510919c0f364b7b1c66d35e4e50223, 0.0
0, 0, 0, 1575642761, 0x5639c4fee4510919c0f364b7b1c66d35e4e50223, 0x55e5c96ca86b3bbd33e29c756c0785616fff6559, 15.000126000000002
