, TxHash, BlockHeight, TimesStamp, From, To, Value
0, 0, 0, 1575643907, 0x541f5c20e1504bf749ea65328fb4fdda5cc3e6b9, 0x568c17eedb6308ffc697fee73702da1c920b7529, 15.000504000000001
0, 0, 0, 1575643915, 0x568c17eedb6308ffc697fee73702da1c920b7529, 0x7af031055959eb88e400d53a56002d2cbe13bffe, 15.000252000000001
0, 0, 0, 1575644116, 0x83053c32b7819f420dcfed2d218335fe430fe3b5, 0x568c17eedb6308ffc697fee73702da1c920b7529, 0.0
