, TxHash, BlockHeight, TimesStamp, From, To, Value
0, 0, 0, 1577101138, 0x987f8cfb36086c78becc03e4e3369c69e195d476, 0x57398c069005e8f1b52c29b6fa37ce873999613a, 200.001323
0, 0, 0, 1577101204, 0x83053c32b7819f420dcfed2d218335fe430fe3b5, 0x57398c069005e8f1b52c29b6fa37ce873999613a, 0.0
0, 0, 0, 1577101204, 0x57398c069005e8f1b52c29b6fa37ce873999613a, 0x4b0a3ce1f5df61dde5b05022119305e995eca377, 200.00088200000002
