, TxHash, BlockHeight, TimesStamp, From, To, Value
0, 0, 0, 1578628601, 0x245a902d6e69c5f3bf7ced01d67e56038675bc98, 0x5790440e76caac9cda4761402b749f9b0a831ff9, 1549.3954280000003
0, 0, 0, 1578628625, 0x83053c32b7819f420dcfed2d218335fe430fe3b5, 0x5790440e76caac9cda4761402b749f9b0a831ff9, 0.0
0, 0, 0, 1578628625, 0x5790440e76caac9cda4761402b749f9b0a831ff9, 0xd40885c8d582a2b8d7c5e3627d6f116dc37772dc, 1549.3950080000002
