, TxHash, BlockHeight, TimesStamp, From, To, Value
0, 0, 0, 1576309078, 0xc2baa6b8dfb3ca561619a9f9518e1f9652103d63, 0x58c0128254359132975001c3787f2ef3169897fa, 1000.5000000000001
0, 0, 0, 1576309117, 0x83053c32b7819f420dcfed2d218335fe430fe3b5, 0x58c0128254359132975001c3787f2ef3169897fa, 0.0
0, 0, 0, 1576309728, 0x58c0128254359132975001c3787f2ef3169897fa, 0x126c59d50815beec5392457305671eabf6df5780, 500.00000000000006
0, 0, 0, 1576310256, 0xc122aa7fd42a842f114e526b6c89ca7e26813ca7, 0x58c0128254359132975001c3787f2ef3169897fa, 0.0001
0, 0, 0, 1576503688, 0x58c0128254359132975001c3787f2ef3169897fa, 0xd235bac9ad71b3dfc205936828f17ad7638c198d, 500.00000000000006
0, 0, 0, 1576503767, 0x58c0128254359132975001c3787f2ef3169897fa, 0xc2baa6b8dfb3ca561619a9f9518e1f9652103d63, 0.49900800000000006
