, TxHash, BlockHeight, TimesStamp, From, To, Value
0, 0, 0, 1575712619, 0x725f644f9346a4d6103eb303aefa0fe15605d37b, 0x587a5dc90d5fe31d32cff6a442ac97843c1f573d, 30.000420000000002
0, 0, 0, 1575712635, 0x587a5dc90d5fe31d32cff6a442ac97843c1f573d, 0xab1facf1c14585c1918506a4f36a8707df77e555, 30.000000000000004
0, 0, 0, 1575712733, 0x83053c32b7819f420dcfed2d218335fe430fe3b5, 0x587a5dc90d5fe31d32cff6a442ac97843c1f573d, 0.0
