, TxHash, BlockHeight, TimesStamp, From, To, Value
0, 0, 0, 1576997347, 0x812e25e989c17f23299393520fba33d6bbc93ad1, 0x59e3e05e9f1baa2a8f12e73f76713de00fb7f2ff, 199.99968500000003
0, 0, 0, 1576997390, 0x83053c32b7819f420dcfed2d218335fe430fe3b5, 0x59e3e05e9f1baa2a8f12e73f76713de00fb7f2ff, 0.0
0, 0, 0, 1576997448, 0x59e3e05e9f1baa2a8f12e73f76713de00fb7f2ff, 0x5a84e1dd7fa351950c62b7ae2691ed55f24eb21c, 199.99937
