, TxHash, BlockHeight, TimesStamp, From, To, Value
0, 0, 0, 1576507872, 0xc2baa6b8dfb3ca561619a9f9518e1f9652103d63, 0x593c7cb8a7cf14064a67fc252726a7b38aa81ff7, 1000.5000000000001
0, 0, 0, 1576507936, 0x83053c32b7819f420dcfed2d218335fe430fe3b5, 0x593c7cb8a7cf14064a67fc252726a7b38aa81ff7, 0.0
0, 0, 0, 1576570887, 0x2dc027f9f7f865452b9001a8f257030c16d76dc7, 0x593c7cb8a7cf14064a67fc252726a7b38aa81ff7, 500.499202
0, 0, 0, 1576575921, 0x593c7cb8a7cf14064a67fc252726a7b38aa81ff7, 0xb75f87c467b78445ecb8901b4cb839a8c199046a, 500.00000000000006
0, 0, 0, 1576576132, 0x593c7cb8a7cf14064a67fc252726a7b38aa81ff7, 0xb8e4ebc840ecfb64d0070f964c3da61cf70adfb7, 1000.9983410000001
0, 0, 0, 1595710892, 0x696835231104d67326fc15fc6658b2b2dbc49273, 0x593c7cb8a7cf14064a67fc252726a7b38aa81ff7, 0.11478120000000001
0, 0, 0, 1595711039, 0x593c7cb8a7cf14064a67fc252726a7b38aa81ff7, 0xdac17f958d2ee523a2206206994597c13d831ec7, 0.0
0, 0, 0, 1595711115, 0x593c7cb8a7cf14064a67fc252726a7b38aa81ff7, 0xdac17f958d2ee523a2206206994597c13d831ec7, 0.0
0, 0, 0, 1595711172, 0x593c7cb8a7cf14064a67fc252726a7b38aa81ff7, 0xdac17f958d2ee523a2206206994597c13d831ec7, 0.0
0, 0, 0, 1595711303, 0x593c7cb8a7cf14064a67fc252726a7b38aa81ff7, 0xdac17f958d2ee523a2206206994597c13d831ec7, 0.0
0, 0, 0, 1595711473, 0x593c7cb8a7cf14064a67fc252726a7b38aa81ff7, 0xdac17f958d2ee523a2206206994597c13d831ec7, 0.0
0, 0, 0, 1595711548, 0x593c7cb8a7cf14064a67fc252726a7b38aa81ff7, 0xdac17f958d2ee523a2206206994597c13d831ec7, 0.0
0, 0, 0, 1595711906, 0x593c7cb8a7cf14064a67fc252726a7b38aa81ff7, 0xdac17f958d2ee523a2206206994597c13d831ec7, 0.0
0, 0, 0, 1595711972, 0x593c7cb8a7cf14064a67fc252726a7b38aa81ff7, 0xdac17f958d2ee523a2206206994597c13d831ec7, 0.0
0, 0, 0, 1595717157, 0x593c7cb8a7cf14064a67fc252726a7b38aa81ff7, 0xa8bedc189bb8f8b200871152af7c94a9273c300b, 0.030000000000000002
0, 0, 0, 1595717642, 0x593c7cb8a7cf14064a67fc252726a7b38aa81ff7, 0xdac17f958d2ee523a2206206994597c13d831ec7, 0.0
0, 0, 0, 1595717676, 0x593c7cb8a7cf14064a67fc252726a7b38aa81ff7, 0xa8bedc189bb8f8b200871152af7c94a9273c300b, 0.0314943
