, TxHash, BlockHeight, TimesStamp, From, To, Value
0, 0, 0, 1575537069, 0x2b6007ef815a557c1b50a808957046f58e0c96c8, 0x59d4def7c023566dcb55626a0c99da5849390f0e, 15.000000000000002
0, 0, 0, 1575537083, 0x83053c32b7819f420dcfed2d218335fe430fe3b5, 0x59d4def7c023566dcb55626a0c99da5849390f0e, 0.0
0, 0, 0, 1581529785, 0x59d4def7c023566dcb55626a0c99da5849390f0e, 0xb12b1e1bf934b0b07b68ccea770f14a519c2aeca, 14.999895
