, TxHash, BlockHeight, TimesStamp, From, To, Value
0, 0, 0, 1575714557, 0x52c2e3a608f7e6f32a829b017788c24309dd33ce, 0x59ea60ab5c7640a3018dc8b7fef9e5d0f182f4a6, 50.000840000000004
0, 0, 0, 1575714562, 0x59ea60ab5c7640a3018dc8b7fef9e5d0f182f4a6, 0x020608c33f6145a10938a8faccaf2ee9d3cef1db, 50.000420000000005
0, 0, 0, 1575714599, 0x83053c32b7819f420dcfed2d218335fe430fe3b5, 0x59ea60ab5c7640a3018dc8b7fef9e5d0f182f4a6, 0.0
