, TxHash, BlockHeight, TimesStamp, From, To, Value
0, 0, 0, 1576997448, 0x59e3e05e9f1baa2a8f12e73f76713de00fb7f2ff, 0x5a84e1dd7fa351950c62b7ae2691ed55f24eb21c, 199.99937
0, 0, 0, 1576997463, 0x83053c32b7819f420dcfed2d218335fe430fe3b5, 0x5a84e1dd7fa351950c62b7ae2691ed55f24eb21c, 0.0
0, 0, 0, 1576997463, 0x5a84e1dd7fa351950c62b7ae2691ed55f24eb21c, 0x37bcb8fa56a8becfc093dbef200aae058adea59e, 199.99905500000003
