, TxHash, BlockHeight, TimesStamp, From, To, Value
0, 0, 0, 1576729107, 0xdbc0bd8a73a98c1741228ed81325b21a46d3a1e4, 0x5a7490fc0e568df765e781ce54f43c4011549814, 499.99966400000005
0, 0, 0, 1576729219, 0x83053c32b7819f420dcfed2d218335fe430fe3b5, 0x5a7490fc0e568df765e781ce54f43c4011549814, 0.0
0, 0, 0, 1576729219, 0x5a7490fc0e568df765e781ce54f43c4011549814, 0xf6e36a3e5aaa7a55c434e3161a968acb6a3b4824, 499.99932800000005
