, TxHash, BlockHeight, TimesStamp, From, To, Value
0, 0, 0, 1575680823, 0x541f5c20e1504bf749ea65328fb4fdda5cc3e6b9, 0x5b9d6af44d40ce45093fe36281f621048f3e78af, 30.000840000000004
0, 0, 0, 1575680869, 0x5b9d6af44d40ce45093fe36281f621048f3e78af, 0xcc33d067ea4f78e4d02d8d9965fb0da1cd6924e3, 30.000420000000002
0, 0, 0, 1575680893, 0x83053c32b7819f420dcfed2d218335fe430fe3b5, 0x5b9d6af44d40ce45093fe36281f621048f3e78af, 0.0
