, TxHash, BlockHeight, TimesStamp, From, To, Value
0, 0, 0, 1575365058, 0xdfe60534291bb4a3b308b7c31684cec69d3cde05, 0x5b82e0496017aaa0d8a8b4574b0a80675a903148, 15.000000000000002
0, 0, 0, 1575465691, 0x83053c32b7819f420dcfed2d218335fe430fe3b5, 0x5b82e0496017aaa0d8a8b4574b0a80675a903148, 0.0
0, 0, 0, 1577034662, 0x5b82e0496017aaa0d8a8b4574b0a80675a903148, 0xd04442707c6fa19055f74d0f2e320b56556f4a0f, 0.5296746788000001
