, TxHash, BlockHeight, TimesStamp, From, To, Value
0, 0, 0, 1575717939, 0x52c2e3a608f7e6f32a829b017788c24309dd33ce, 0x5b609729bde65c134c6d12966b7c2d15f732c994, 50.000924000000005
0, 0, 0, 1575717957, 0x83053c32b7819f420dcfed2d218335fe430fe3b5, 0x5b609729bde65c134c6d12966b7c2d15f732c994, 0.0
0, 0, 0, 1575717957, 0x5b609729bde65c134c6d12966b7c2d15f732c994, 0x069274eb7732a2f9f71af27af37d882127fdfd29, 50.000462000000006
