, TxHash, BlockHeight, TimesStamp, From, To, Value
0, 0, 0, 1575682912, 0x541f5c20e1504bf749ea65328fb4fdda5cc3e6b9, 0x5b9f0cbd86dfbfec0a04fc0c49de08c3779003d2, 40.000714
0, 0, 0, 1575682975, 0x5b9f0cbd86dfbfec0a04fc0c49de08c3779003d2, 0x14db15fae3ff023015ee4a7afb150a78e2542863, 40.000357
0, 0, 0, 1575683064, 0x83053c32b7819f420dcfed2d218335fe430fe3b5, 0x5b9f0cbd86dfbfec0a04fc0c49de08c3779003d2, 0.0
