, TxHash, BlockHeight, TimesStamp, From, To, Value
0, 0, 0, 1575650163, 0x541f5c20e1504bf749ea65328fb4fdda5cc3e6b9, 0x5c3de14575cb0ee551c6ed3a61a4afaee0c408f2, 1.000798
0, 0, 0, 1575650180, 0x5c3de14575cb0ee551c6ed3a61a4afaee0c408f2, 0x95e8e8a7b0a48c1543599d9bc50a69da1b2dd755, 1.000399
0, 0, 0, 1575650236, 0x83053c32b7819f420dcfed2d218335fe430fe3b5, 0x5c3de14575cb0ee551c6ed3a61a4afaee0c408f2, 0.0
