, TxHash, BlockHeight, TimesStamp, From, To, Value
0, 0, 0, 1576768702, 0xf1b018b8af075d3053d2f06203baa54d4df8b82b, 0x5d1989c4e7805a150b73f7816d7460fed4a85e14, 0.01
0, 0, 0, 1576768729, 0x83053c32b7819f420dcfed2d218335fe430fe3b5, 0x5d1989c4e7805a150b73f7816d7460fed4a85e14, 0.0
0, 0, 0, 1576826880, 0x84f4bcc4e841afdfde7899662f8bbd7d6a71c112, 0x5d1989c4e7805a150b73f7816d7460fed4a85e14, 0.187361
0, 0, 0, 1576828129, 0x84f4bcc4e841afdfde7899662f8bbd7d6a71c112, 0x5d1989c4e7805a150b73f7816d7460fed4a85e14, 0.37427900000000003
0, 0, 0, 1576834328, 0x5d1989c4e7805a150b73f7816d7460fed4a85e14, 0xb725a4b44b4ba99e718f779a0cfa04767ffaf242, 0.561388
0, 0, 0, 1576850324, 0xf1b018b8af075d3053d2f06203baa54d4df8b82b, 0x5d1989c4e7805a150b73f7816d7460fed4a85e14, 60.169000000000004
0, 0, 0, 1576851402, 0x5d1989c4e7805a150b73f7816d7460fed4a85e14, 0xb725a4b44b4ba99e718f779a0cfa04767ffaf242, 60.168748
0, 0, 0, 1576855556, 0x84f4bcc4e841afdfde7899662f8bbd7d6a71c112, 0x5d1989c4e7805a150b73f7816d7460fed4a85e14, 24.611600000000003
0, 0, 0, 1576856782, 0x5d1989c4e7805a150b73f7816d7460fed4a85e14, 0xb725a4b44b4ba99e718f779a0cfa04767ffaf242, 24.611348000000003
0, 0, 0, 1576864411, 0x84f4bcc4e841afdfde7899662f8bbd7d6a71c112, 0x5d1989c4e7805a150b73f7816d7460fed4a85e14, 63.557100000000005
0, 0, 0, 1576864422, 0x5d1989c4e7805a150b73f7816d7460fed4a85e14, 0xb725a4b44b4ba99e718f779a0cfa04767ffaf242, 24.611348000000003
0, 0, 0, 1576893163, 0x5d1989c4e7805a150b73f7816d7460fed4a85e14, 0xb725a4b44b4ba99e718f779a0cfa04767ffaf242, 38.945248
