, TxHash, BlockHeight, TimesStamp, From, To, Value
0, 0, 0, 1575299206, 0x963710e4e2bd42065e211140cdba1b5d172f30f4, 0x5d264badb648038bee6bc4e57882ee8e8463e404, 33.829016323410016
0, 0, 0, 1575465771, 0x83053c32b7819f420dcfed2d218335fe430fe3b5, 0x5d264badb648038bee6bc4e57882ee8e8463e404, 0.0
0, 0, 0, 1576000585, 0x5d264badb648038bee6bc4e57882ee8e8463e404, 0xa12431d0b9db640034b0cdfceef9cce161e62be4, 33.828993223410016
