, TxHash, BlockHeight, TimesStamp, From, To, Value
0, 0, 0, 1577101441, 0x969340fc458f44802be7159361874fef17cdd775, 0x5ddadd75e6b80f931046a14e9d40efc12a19aecd, 3000.0009240000004
0, 0, 0, 1577101487, 0x83053c32b7819f420dcfed2d218335fe430fe3b5, 0x5ddadd75e6b80f931046a14e9d40efc12a19aecd, 0.0
0, 0, 0, 1577101487, 0x5ddadd75e6b80f931046a14e9d40efc12a19aecd, 0x2aee204507c3a00ee2df22da3f1b762e9558554b, 3000.000462
