, TxHash, BlockHeight, TimesStamp, From, To, Value
0, 0, 0, 1577088046, 0x987f8cfb36086c78becc03e4e3369c69e195d476, 0x5ebbbd3581dbe87a29eb9bc9d33353a3b2428abe, 500.00144900000004
0, 0, 0, 1577088098, 0x83053c32b7819f420dcfed2d218335fe430fe3b5, 0x5ebbbd3581dbe87a29eb9bc9d33353a3b2428abe, 0.0
0, 0, 0, 1577088098, 0x5ebbbd3581dbe87a29eb9bc9d33353a3b2428abe, 0xc702a0f8278973cf80491d2c060dc1835489578d, 500.000966
