, TxHash, BlockHeight, TimesStamp, From, To, Value
0, 0, 0, 1575710554, 0xea8fd4137a03e472d1e0acfc90c45b1dac1f4af1, 0x5e4b5b809a7d95147ceed14774c116968793a35b, 50.000462000000006
0, 0, 0, 1575710683, 0x5e4b5b809a7d95147ceed14774c116968793a35b, 0xab1facf1c14585c1918506a4f36a8707df77e555, 50.000042
0, 0, 0, 1575710783, 0x83053c32b7819f420dcfed2d218335fe430fe3b5, 0x5e4b5b809a7d95147ceed14774c116968793a35b, 0.0
