, TxHash, BlockHeight, TimesStamp, From, To, Value
0, 0, 0, 1575659396, 0x541f5c20e1504bf749ea65328fb4fdda5cc3e6b9, 0x5fafe102bec4f4b5b44939fe998e79e06a94b980, 20.000798000000003
0, 0, 0, 1575659415, 0x5fafe102bec4f4b5b44939fe998e79e06a94b980, 0xbdd1abbc9cbe6c252c3914bfad3f059870f5d7ae, 20.000399
0, 0, 0, 1575659491, 0x83053c32b7819f420dcfed2d218335fe430fe3b5, 0x5fafe102bec4f4b5b44939fe998e79e06a94b980, 0.0
