, TxHash, BlockHeight, TimesStamp, From, To, Value
0, 0, 0, 1575665342, 0x541f5c20e1504bf749ea65328fb4fdda5cc3e6b9, 0x5f4484f6cca8071fead0b27c9e3a46348059c969, 30.000714000000002
0, 0, 0, 1575665354, 0x5f4484f6cca8071fead0b27c9e3a46348059c969, 0x9593a569764c1c48d1a43908f447edc194f2ad4e, 30.000357
0, 0, 0, 1575665399, 0x83053c32b7819f420dcfed2d218335fe430fe3b5, 0x5f4484f6cca8071fead0b27c9e3a46348059c969, 0.0
