, TxHash, BlockHeight, TimesStamp, From, To, Value
0, 0, 0, 1576945889, 0xb3396d65a4e9b9979cb50b35b3da5e5dcb0ea809, 0x5f73016b556290b7a7ea6e72fa0d808bb9f2ea0e, 2500.0
0, 0, 0, 1576945942, 0x83053c32b7819f420dcfed2d218335fe430fe3b5, 0x5f73016b556290b7a7ea6e72fa0d808bb9f2ea0e, 0.0
0, 0, 0, 1576946002, 0x9b561837a1b4ab1fa92f27f5878d394a23aff321, 0x5f73016b556290b7a7ea6e72fa0d808bb9f2ea0e, 2499.997543
0, 0, 0, 1576946394, 0x5f73016b556290b7a7ea6e72fa0d808bb9f2ea0e, 0xf861463d0b651830b33a85cb3419b23f64638805, 500.00000000000006
0, 0, 0, 1576948323, 0x5f73016b556290b7a7ea6e72fa0d808bb9f2ea0e, 0x8abf6a55b742574b592ff25f2f201b7c1a456a51, 500.0004410000001
0, 0, 0, 1576949187, 0x5f73016b556290b7a7ea6e72fa0d808bb9f2ea0e, 0xc753ed45abf44f64dad2812e0bae662e3fca2364, 500.00031500000006
0, 0, 0, 1576949474, 0x5f73016b556290b7a7ea6e72fa0d808bb9f2ea0e, 0x192ffd2a3a09bfe70248109089d2a586987e3d03, 500.000399
0, 0, 0, 1576953539, 0x5f73016b556290b7a7ea6e72fa0d808bb9f2ea0e, 0x0e40fd74122a23b960af3dd84084500e83e4d915, 500.000399
0, 0, 0, 1576954770, 0x5f73016b556290b7a7ea6e72fa0d808bb9f2ea0e, 0xab9d44b412e0272ad71170cbfae409d7a1e6d0d1, 2499.9936580000003
