, TxHash, BlockHeight, TimesStamp, From, To, Value
0, 0, 0, 1575623573, 0x796da9bc884f02f1484ec4290c5e30768c283260, 0x6091046ac8a30be88246cf8e39cd6ccb8520ca5d, 65.998614
0, 0, 0, 1575623581, 0x6091046ac8a30be88246cf8e39cd6ccb8520ca5d, 0xbbe8f2b29ccc2fce1d2654c50a98a5344a8eabcf, 65.998341
0, 0, 0, 1575623637, 0x83053c32b7819f420dcfed2d218335fe430fe3b5, 0x6091046ac8a30be88246cf8e39cd6ccb8520ca5d, 0.0
