, TxHash, BlockHeight, TimesStamp, From, To, Value
0, 0, 0, 1577098237, 0x2e1ca57b918a4b6cf8977d3fccc736fd888dde6b, 0x61460a327c98b50926f358ffbdfa859f1846fc5d, 500.00027300000005
0, 0, 0, 1577098274, 0x83053c32b7819f420dcfed2d218335fe430fe3b5, 0x61460a327c98b50926f358ffbdfa859f1846fc5d, 0.0
0, 0, 0, 1577098274, 0x61460a327c98b50926f358ffbdfa859f1846fc5d, 0x84f4bcc4e841afdfde7899662f8bbd7d6a71c112, 500.00000000000006
