, TxHash, BlockHeight, TimesStamp, From, To, Value
0, 0, 0, 1575679897, 0x541f5c20e1504bf749ea65328fb4fdda5cc3e6b9, 0x61010ba8e2f3822f2b7e4e21b4da6c1dfc269ebb, 15.000966000000002
0, 0, 0, 1575679923, 0x83053c32b7819f420dcfed2d218335fe430fe3b5, 0x61010ba8e2f3822f2b7e4e21b4da6c1dfc269ebb, 0.0
0, 0, 0, 1575679923, 0x61010ba8e2f3822f2b7e4e21b4da6c1dfc269ebb, 0xdaeb267a2b32b6677273a45a9faa9459952a4479, 15.000483000000001
