, TxHash, BlockHeight, TimesStamp, From, To, Value
0, 0, 0, 1578140259, 0x1df42375928b16cd46e7ad14db2e3124ee267ece, 0x62db02856db5826063e6043da550626a86f831c5, 2000.0003570000001
0, 0, 0, 1578140264, 0x62db02856db5826063e6043da550626a86f831c5, 0xc098fc492f85e81497eaec28dd47f8d0b8149fed, 2000.0000000000002
0, 0, 0, 1578140288, 0x83053c32b7819f420dcfed2d218335fe430fe3b5, 0x62db02856db5826063e6043da550626a86f831c5, 0.0
