, TxHash, BlockHeight, TimesStamp, From, To, Value
0, 0, 0, 1575682495, 0x541f5c20e1504bf749ea65328fb4fdda5cc3e6b9, 0x62ae009dc226bfcc3ebc671e9cca1ae21f368b58, 5.000756
0, 0, 0, 1575682521, 0x62ae009dc226bfcc3ebc671e9cca1ae21f368b58, 0x2aa222a9de884eb543edd905ff11b823bbb2bec1, 5.000378
0, 0, 0, 1575682581, 0x83053c32b7819f420dcfed2d218335fe430fe3b5, 0x62ae009dc226bfcc3ebc671e9cca1ae21f368b58, 0.0
