, TxHash, BlockHeight, TimesStamp, From, To, Value
0, 0, 0, 1577084623, 0x987f8cfb36086c78becc03e4e3369c69e195d476, 0x62108b74884851deed799eaadc39248f99e2b138, 504.999013
0, 0, 0, 1577084650, 0x83053c32b7819f420dcfed2d218335fe430fe3b5, 0x62108b74884851deed799eaadc39248f99e2b138, 0.0
0, 0, 0, 1577084650, 0x62108b74884851deed799eaadc39248f99e2b138, 0xebdb62d895c6dfbb7a2dcb386f5bdcfc1dd7122a, 504.99874
