, TxHash, BlockHeight, TimesStamp, From, To, Value
0, 0, 0, 1575451816, 0x4af57e659b71dfacad5777a7d25c5ac1625f1a30, 0x632f47d0b28ee1e794b65d94c313de696083660c, 199.99874
0, 0, 0, 1575451911, 0x632f47d0b28ee1e794b65d94c313de696083660c, 0x857a47706e7b3e7d99170f0d239a6a408169e937, 100.00000000000001
0, 0, 0, 1575464428, 0x0158cdd1ba234c9311e42890d00397b7478b5699, 0x632f47d0b28ee1e794b65d94c313de696083660c, 499.99874
0, 0, 0, 1575464560, 0x632f47d0b28ee1e794b65d94c313de696083660c, 0x857a47706e7b3e7d99170f0d239a6a408169e937, 100.00000000000001
0, 0, 0, 1575465673, 0x83053c32b7819f420dcfed2d218335fe430fe3b5, 0x632f47d0b28ee1e794b65d94c313de696083660c, 0.0
0, 0, 0, 1575465888, 0x632f47d0b28ee1e794b65d94c313de696083660c, 0x857a47706e7b3e7d99170f0d239a6a408169e937, 200.00000000000003
0, 0, 0, 1575478463, 0x632f47d0b28ee1e794b65d94c313de696083660c, 0x857a47706e7b3e7d99170f0d239a6a408169e937, 200.00000000000003
0, 0, 0, 1575557342, 0x632f47d0b28ee1e794b65d94c313de696083660c, 0xac7e62039fda74b2d09dd433055eb14711709852, 99.99546400000001
