, TxHash, BlockHeight, TimesStamp, From, To, Value
0, 0, 0, 1578649061, 0x757cc4111a6df5f48803b607e9c170c8a1cc51b1, 0x633e56224baba2e03390815c2dd430d0998aa5ce, 2795.9761861686
0, 0, 0, 1578649080, 0x83053c32b7819f420dcfed2d218335fe430fe3b5, 0x633e56224baba2e03390815c2dd430d0998aa5ce, 0.0
0, 0, 0, 1578649080, 0x633e56224baba2e03390815c2dd430d0998aa5ce, 0xd40885c8d582a2b8d7c5e3627d6f116dc37772dc, 2795.9757661686
