, TxHash, BlockHeight, TimesStamp, From, To, Value
0, 0, 0, 1576227202, 0x0651ccbcf0dadcea7b6696024c94a235eb2921c6, 0x630cf30ee39403cd677ea1fb564b219867b6e568, 5005.0
0, 0, 0, 1576227209, 0x83053c32b7819f420dcfed2d218335fe430fe3b5, 0x630cf30ee39403cd677ea1fb564b219867b6e568, 0.0
0, 0, 0, 1576285121, 0x630cf30ee39403cd677ea1fb564b219867b6e568, 0x29aa7c37a626a8644bb2c589e4a8a71e33f51bb6, 500.00000000000006
0, 0, 0, 1576286417, 0x630cf30ee39403cd677ea1fb564b219867b6e568, 0xe07568ecb6d47fe17e6233b4b7a0f2056adc59aa, 1000.5000000000001
0, 0, 0, 1576286665, 0x630cf30ee39403cd677ea1fb564b219867b6e568, 0xfddb61d4886bd552f121bcc5873e822c7c20de3c, 1000.5000000000001
0, 0, 0, 1576289020, 0x630cf30ee39403cd677ea1fb564b219867b6e568, 0x443c1d93b8501702fa4c025932c167d92fc239c7, 1000.5000000000001
0, 0, 0, 1576289175, 0x630cf30ee39403cd677ea1fb564b219867b6e568, 0xddb6a9073b1b63cef502aa94f9f3293676fe5fd6, 1500.5
0, 0, 0, 1576308568, 0xddb6a9073b1b63cef502aa94f9f3293676fe5fd6, 0x630cf30ee39403cd677ea1fb564b219867b6e568, 0.49842500000000006
0, 0, 0, 1576308763, 0xe07568ecb6d47fe17e6233b4b7a0f2056adc59aa, 0x630cf30ee39403cd677ea1fb564b219867b6e568, 0.49878200000000006
0, 0, 0, 1576482070, 0x443c1d93b8501702fa4c025932c167d92fc239c7, 0x630cf30ee39403cd677ea1fb564b219867b6e568, 0.499244
0, 0, 0, 1576486011, 0xfddb61d4886bd552f121bcc5873e822c7c20de3c, 0x630cf30ee39403cd677ea1fb564b219867b6e568, 0.49867700000000004
0, 0, 0, 1576486207, 0x630cf30ee39403cd677ea1fb564b219867b6e568, 0xc2baa6b8dfb3ca561619a9f9518e1f9652103d63, 4.992776
