, TxHash, BlockHeight, TimesStamp, From, To, Value
0, 0, 0, 1576908684, 0xb725a4b44b4ba99e718f779a0cfa04767ffaf242, 0x64e3643a2c38f86f3739f0e9ceb6e703237235c6, 1.0
0, 0, 0, 1576908704, 0x83053c32b7819f420dcfed2d218335fe430fe3b5, 0x64e3643a2c38f86f3739f0e9ceb6e703237235c6, 0.0
0, 0, 0, 1576995141, 0x64e3643a2c38f86f3739f0e9ceb6e703237235c6, 0x238df93aaba00d7956267465cb3869e81447fc63, 0.9990000000000001
0, 0, 0, 1576995659, 0x238df93aaba00d7956267465cb3869e81447fc63, 0x64e3643a2c38f86f3739f0e9ceb6e703237235c6, 0.9989580000000001
0, 0, 0, 1577012490, 0x64e3643a2c38f86f3739f0e9ceb6e703237235c6, 0x655283cf56c067dd30cb43f12824dadb96ce818e, 0.1
0, 0, 0, 1577105269, 0x64e3643a2c38f86f3739f0e9ceb6e703237235c6, 0xe329e8b95ae3c8beffd72c19ff9e68be6a831ccb, 0.899
