, TxHash, BlockHeight, TimesStamp, From, To, Value
0, 0, 0, 1577148180, 0x3160e45b267c4b865ccfd228a3c51e505e2b3943, 0x65f999eeb433d68064e9cb277c37123ccef028d7, 4000.00021
0, 0, 0, 1577148199, 0x83053c32b7819f420dcfed2d218335fe430fe3b5, 0x65f999eeb433d68064e9cb277c37123ccef028d7, 0.0
0, 0, 0, 1577148258, 0x65f999eeb433d68064e9cb277c37123ccef028d7, 0x84f4bcc4e841afdfde7899662f8bbd7d6a71c112, 3999.9997900000003
