, TxHash, BlockHeight, TimesStamp, From, To, Value
0, 0, 0, 1575620857, 0xbce84011f50a3f4ba1dae522b918ad21794d236a, 0x65461347657d15fe5a9a698095d87dc971a63c9f, 3.0009240000000004
0, 0, 0, 1575620892, 0x65461347657d15fe5a9a698095d87dc971a63c9f, 0xbdf4b4b0eca8ea5625c75630b0b533394b8e6494, 3.000462
0, 0, 0, 1575620896, 0x83053c32b7819f420dcfed2d218335fe430fe3b5, 0x65461347657d15fe5a9a698095d87dc971a63c9f, 0.0
