, TxHash, BlockHeight, TimesStamp, From, To, Value
0, 0, 0, 1578197250, 0xa4b78b0a18d523fda973a2e540d7880da4cc7b1e, 0x65b04162003977873cb18e54ecef805186a559b6, 200.00000000000003
0, 0, 0, 1578197260, 0x83053c32b7819f420dcfed2d218335fe430fe3b5, 0x65b04162003977873cb18e54ecef805186a559b6, 0.0
0, 0, 0, 1578197308, 0x65b04162003977873cb18e54ecef805186a559b6, 0x093e846e793c795be7213dd2fa4a14c9ccb0546b, 100.00048300000002
0, 0, 0, 1578202155, 0xa4b78b0a18d523fda973a2e540d7880da4cc7b1e, 0x65b04162003977873cb18e54ecef805186a559b6, 4800.0
0, 0, 0, 1578202247, 0x65b04162003977873cb18e54ecef805186a559b6, 0xa67b10a29ee714f35cd2b669556b60505e7227ba, 2500.0003570000003
0, 0, 0, 1578211877, 0x65b04162003977873cb18e54ecef805186a559b6, 0xbd671b2fdca2f89d2080265c37e189b0ec7a5cb8, 2399.998068
