, TxHash, BlockHeight, TimesStamp, From, To, Value
0, 0, 0, 1577012490, 0x64e3643a2c38f86f3739f0e9ceb6e703237235c6, 0x655283cf56c067dd30cb43f12824dadb96ce818e, 0.1
0, 0, 0, 1577012582, 0x83053c32b7819f420dcfed2d218335fe430fe3b5, 0x655283cf56c067dd30cb43f12824dadb96ce818e, 0.0
0, 0, 0, 1577170175, 0x05913d14599ef3416f06698db33341e9e7f60392, 0x655283cf56c067dd30cb43f12824dadb96ce818e, 301.24617068000003
0, 0, 0, 1577525690, 0x05913d14599ef3416f06698db33341e9e7f60392, 0x655283cf56c067dd30cb43f12824dadb96ce818e, 13.843000000000002
0, 0, 0, 1578135612, 0xc55e41763796698b533f343ca9fc3c4b4ed40693, 0x655283cf56c067dd30cb43f12824dadb96ce818e, 28.899400000000004
0, 0, 0, 1578136736, 0x542724a5d04516cd1b14ee9a6f348c40cf8efd16, 0x655283cf56c067dd30cb43f12824dadb96ce818e, 57.773410000000005
0, 0, 0, 1578139236, 0x542724a5d04516cd1b14ee9a6f348c40cf8efd16, 0x655283cf56c067dd30cb43f12824dadb96ce818e, 346.35533000000004
0, 0, 0, 1578139650, 0x542724a5d04516cd1b14ee9a6f348c40cf8efd16, 0x655283cf56c067dd30cb43f12824dadb96ce818e, 577.41721
0, 0, 0, 1578144905, 0x655283cf56c067dd30cb43f12824dadb96ce818e, 0x1d3ae66660753fd385dc9640da2015dfd7497e75, 653.25
0, 0, 0, 1578145018, 0x655283cf56c067dd30cb43f12824dadb96ce818e, 0x1d3ae66660753fd385dc9640da2015dfd7497e75, 672.38
0, 0, 0, 1578493943, 0x75390be98104cd2f6a15a5a894cce8a926664d5f, 0x655283cf56c067dd30cb43f12824dadb96ce818e, 1.0
0, 0, 0, 1578494908, 0x75390be98104cd2f6a15a5a894cce8a926664d5f, 0x655283cf56c067dd30cb43f12824dadb96ce818e, 721.5457600000001
0, 0, 0, 1578639424, 0x655283cf56c067dd30cb43f12824dadb96ce818e, 0xd09e64eeef63eb6aa2bd612d1573f666d3a30cb5, 722.5400000000001
