, TxHash, BlockHeight, TimesStamp, From, To, Value
0, 0, 0, 1576899222, 0x558c7fe59cff5b39e17be3de8e66a0e2e11be127, 0x657cf457101ef5474ab99a186db2fb8c7e137a96, 999.999244
0, 0, 0, 1576899237, 0x657cf457101ef5474ab99a186db2fb8c7e137a96, 0xdd700824b592f818fa51e6af793f74e9cff88a4f, 999.9988660000001
0, 0, 0, 1576899254, 0x83053c32b7819f420dcfed2d218335fe430fe3b5, 0x657cf457101ef5474ab99a186db2fb8c7e137a96, 0.0
