, TxHash, BlockHeight, TimesStamp, From, To, Value
0, 0, 0, 1575634661, 0x4352d915c44bb26a58e0636d7a2ae390def5bbd5, 0x66896a1875cd1b187ae32126387027f83bea207c, 15.000378000000001
0, 0, 0, 1575634694, 0x66896a1875cd1b187ae32126387027f83bea207c, 0x55e5c96ca86b3bbd33e29c756c0785616fff6559, 15.000000000000002
0, 0, 0, 1575634704, 0x83053c32b7819f420dcfed2d218335fe430fe3b5, 0x66896a1875cd1b187ae32126387027f83bea207c, 0.0
