, TxHash, BlockHeight, TimesStamp, From, To, Value
0, 0, 0, 1575717121, 0x153f5691b44561df7c3ee00492590a973d8e0c29, 0x66919ec3392534920a6b44b60596755fb673b6a5, 50.000441
0, 0, 0, 1575717143, 0x66919ec3392534920a6b44b60596755fb673b6a5, 0xab1facf1c14585c1918506a4f36a8707df77e555, 50.00000000000001
0, 0, 0, 1575717407, 0x83053c32b7819f420dcfed2d218335fe430fe3b5, 0x66919ec3392534920a6b44b60596755fb673b6a5, 0.0
