, TxHash, BlockHeight, TimesStamp, From, To, Value
0, 0, 0, 1575704000, 0x52c2e3a608f7e6f32a829b017788c24309dd33ce, 0x66f381b894d1ec071e9926535cbee3968aed2c8c, 20.00063
0, 0, 0, 1575704070, 0x83053c32b7819f420dcfed2d218335fe430fe3b5, 0x66f381b894d1ec071e9926535cbee3968aed2c8c, 0.0
0, 0, 0, 1575704123, 0x66f381b894d1ec071e9926535cbee3968aed2c8c, 0xf2bfcf3033d761979d72860c0bde14b883af6178, 20.000315
