, TxHash, BlockHeight, TimesStamp, From, To, Value
0, 0, 0, 1575662441, 0x541f5c20e1504bf749ea65328fb4fdda5cc3e6b9, 0x6627a3d99ca07eb53a2b8504018122b9934a1bba, 20.000672
0, 0, 0, 1575662510, 0x83053c32b7819f420dcfed2d218335fe430fe3b5, 0x6627a3d99ca07eb53a2b8504018122b9934a1bba, 0.0
0, 0, 0, 1575662510, 0x6627a3d99ca07eb53a2b8504018122b9934a1bba, 0x56311c49691b240515f0fe5a6ed0656aa958ad9b, 20.000336
