, TxHash, BlockHeight, TimesStamp, From, To, Value
0, 0, 0, 1576199432, 0xe6291d20d0aaa4f5ecd42ae61138bf9ecc22a2d4, 0x666a68ada357213ed4297c0837c752839f984701, 1.0
0, 0, 0, 1576199456, 0x83053c32b7819f420dcfed2d218335fe430fe3b5, 0x666a68ada357213ed4297c0837c752839f984701, 0.0
0, 0, 0, 1576199883, 0xc06cd473e5e04ebff2d773fc2438b45566f857cd, 0x666a68ada357213ed4297c0837c752839f984701, 10.0
0, 0, 0, 1576200142, 0xc98dd37445230aa241930b8a15b0b1e23e26e045, 0x666a68ada357213ed4297c0837c752839f984701, 10.0
0, 0, 0, 1576200352, 0x7ad24cf27176d180904a66ff9678f9ae33d9f7f2, 0x666a68ada357213ed4297c0837c752839f984701, 50.00000000000001
0, 0, 0, 1576200512, 0x1c7cae44726978f3548f9fbb3dca13962da1a01e, 0x666a68ada357213ed4297c0837c752839f984701, 50.00000000000001
0, 0, 0, 1576200748, 0x05a232e0e9be90b597b724fd308ae1e65e1da4f3, 0x666a68ada357213ed4297c0837c752839f984701, 50.00000000000001
0, 0, 0, 1576200825, 0x3f8b743a8cbc78c5b6c3f0fb4fa3be159c0bb740, 0x666a68ada357213ed4297c0837c752839f984701, 328.99151600000005
0, 0, 0, 1576201183, 0x666a68ada357213ed4297c0837c752839f984701, 0x17c96b587fe67f469a5093f462834fa1e0431a64, 499.9910960000001
