, TxHash, BlockHeight, TimesStamp, From, To, Value
0, 0, 0, 1575368512, 0x2b61f5e26260ef2fbe4cf3f6df5bc46dc491e788, 0x67deae52fbca8a161c25c0b79a2f7a025e0e284b, 5.0
0, 0, 0, 1575465691, 0x83053c32b7819f420dcfed2d218335fe430fe3b5, 0x67deae52fbca8a161c25c0b79a2f7a025e0e284b, 0.0
0, 0, 0, 1575545074, 0x67deae52fbca8a161c25c0b79a2f7a025e0e284b, 0x000c571b5f39b5039db8262618120f2646e121ad, 3.74107297562249
0, 0, 0, 1575585400, 0x67deae52fbca8a161c25c0b79a2f7a025e0e284b, 0x9f91debc79ac15d651d82fd3fd5aa5bf2bc4a148, 0.9805070267277614
0, 0, 0, 1575739445, 0x67deae52fbca8a161c25c0b79a2f7a025e0e284b, 0xa168f71aa8e9122aed605d9bc9989c036b769a8d, 0.2107807628867444
0, 0, 0, 1579255216, 0x67deae52fbca8a161c25c0b79a2f7a025e0e284b, 0xbf21232d01f70e4dd58e46a7aa26773e8083d708, 0.06712473476300472
