, TxHash, BlockHeight, TimesStamp, From, To, Value
0, 0, 0, 1575657461, 0x541f5c20e1504bf749ea65328fb4fdda5cc3e6b9, 0x673410c5bc3210a245184058c0659017c11388d4, 20.000588
0, 0, 0, 1575657492, 0x673410c5bc3210a245184058c0659017c11388d4, 0x74f706cbb074e86b94760d4c2dce148c6ad429cc, 20.000294
0, 0, 0, 1575657496, 0x83053c32b7819f420dcfed2d218335fe430fe3b5, 0x673410c5bc3210a245184058c0659017c11388d4, 0.0
