, TxHash, BlockHeight, TimesStamp, From, To, Value
0, 0, 0, 1577144724, 0xbcbdccd39c32590e6a04cb7ae6b917c942e0bbfd, 0x67cc3c0226f73b940dc03c939eb1c510c2570c78, 500.000399
0, 0, 0, 1577144772, 0x83053c32b7819f420dcfed2d218335fe430fe3b5, 0x67cc3c0226f73b940dc03c939eb1c510c2570c78, 0.0
0, 0, 0, 1577144772, 0x67cc3c0226f73b940dc03c939eb1c510c2570c78, 0x84f4bcc4e841afdfde7899662f8bbd7d6a71c112, 500.00000000000006
