, TxHash, BlockHeight, TimesStamp, From, To, Value
0, 0, 0, 1575620896, 0xbdf4b4b0eca8ea5625c75630b0b533394b8e6494, 0x69889d755aa7be685d253bf98ae42d6d1f0dc341, 3.0
0, 0, 0, 1575620955, 0x83053c32b7819f420dcfed2d218335fe430fe3b5, 0x69889d755aa7be685d253bf98ae42d6d1f0dc341, 0.0
0, 0, 0, 1575622984, 0x164446dbb4404d5d60355e8736c60d395eacf5f4, 0x69889d755aa7be685d253bf98ae42d6d1f0dc341, 10.0
0, 0, 0, 1575624850, 0xe2c2a09a02e5fdb93cc6e45beca32a620f464c0f, 0x69889d755aa7be685d253bf98ae42d6d1f0dc341, 4.697026
0, 0, 0, 1575626620, 0x39f0a1847b61f87063512a2889e4492a134fe792, 0x69889d755aa7be685d253bf98ae42d6d1f0dc341, 10.992188
0, 0, 0, 1575629009, 0xb333096049179d7876226465fa31990e1f36ea1c, 0x69889d755aa7be685d253bf98ae42d6d1f0dc341, 10.0
0, 0, 0, 1575633310, 0xc96b97f2efb4457b488306e2dfbef8abe116e4cf, 0x69889d755aa7be685d253bf98ae42d6d1f0dc341, 14.999958000000001
0, 0, 0, 1575635802, 0xf84cab478f36f7ece15723e8c1317d6ecc93aaba, 0x69889d755aa7be685d253bf98ae42d6d1f0dc341, 14.999937000000001
0, 0, 0, 1575678657, 0xf1e56a1706d573c03b8c4e2ba6427680ea11a817, 0x69889d755aa7be685d253bf98ae42d6d1f0dc341, 15.000000000000002
0, 0, 0, 1575680529, 0x8a683d41bcf23fd1e326cd4a19a024e7224da208, 0x69889d755aa7be685d253bf98ae42d6d1f0dc341, 15.000000000000002
0, 0, 0, 1575682907, 0xf2d1a80e8637a17d7417b5ecc891fb048350a749, 0x69889d755aa7be685d253bf98ae42d6d1f0dc341, 15.000000000000002
0, 0, 0, 1575687701, 0xdcfcac7aca18a6327a34079264b7e671ca6bde28, 0x69889d755aa7be685d253bf98ae42d6d1f0dc341, 15.000000000000002
0, 0, 0, 1575689492, 0x1b129edf8656d55a60e3eb0665af0e054ae089f9, 0x69889d755aa7be685d253bf98ae42d6d1f0dc341, 15.000000000000002
0, 0, 0, 1575692533, 0xebd742d5aa662cf53362780d96982d1012ebb8a6, 0x69889d755aa7be685d253bf98ae42d6d1f0dc341, 15.000000000000002
0, 0, 0, 1575699955, 0x2c64fe1bf2a1d75cd72b804434ec1be5373275c8, 0x69889d755aa7be685d253bf98ae42d6d1f0dc341, 15.000000000000002
0, 0, 0, 1575703227, 0xdc3d88a1ec8d4a25d56e6c1e2a909ea26cff9465, 0x69889d755aa7be685d253bf98ae42d6d1f0dc341, 15.000000000000002
0, 0, 0, 1575703883, 0x504557667da3ea837e0420e268bf8173e5151915, 0x69889d755aa7be685d253bf98ae42d6d1f0dc341, 15.000000000000002
0, 0, 0, 1579480816, 0x69889d755aa7be685d253bf98ae42d6d1f0dc341, 0x2515ad48abee2218bf25f6dd4a9321cfc1e5d1fa, 203.688794
