, TxHash, BlockHeight, TimesStamp, From, To, Value
0, 0, 0, 1575299206, 0xf1bf959e38bb4f0b38616ebfeafe2b99050ac2c8, 0x6bb5e0aa55225272867708b21824983587236d36, 33.829016323410016
0, 0, 0, 1575465771, 0x83053c32b7819f420dcfed2d218335fe430fe3b5, 0x6bb5e0aa55225272867708b21824983587236d36, 0.0
0, 0, 0, 1576000577, 0x6bb5e0aa55225272867708b21824983587236d36, 0xa12431d0b9db640034b0cdfceef9cce161e62be4, 33.828993223410016
