, TxHash, BlockHeight, TimesStamp, From, To, Value
0, 0, 0, 1575381748, 0x2b61f5e26260ef2fbe4cf3f6df5bc46dc491e788, 0x6bb98da2e0f962d4ddaf012fa26b8c4b4aece529, 10.0
0, 0, 0, 1575465691, 0x83053c32b7819f420dcfed2d218335fe430fe3b5, 0x6bb98da2e0f962d4ddaf012fa26b8c4b4aece529, 0.0
0, 0, 0, 1575798928, 0x6bb98da2e0f962d4ddaf012fa26b8c4b4aece529, 0x108f680731c464b5ae330e54abfd3ec3d03965da, 9.066073049730548
0, 0, 0, 1577845317, 0x6bb98da2e0f962d4ddaf012fa26b8c4b4aece529, 0xfc4f89e9e1e1fb6fa340a17679dbf383e3ea3404, 0.9114037968636949
0, 0, 0, 1579255295, 0x6bb98da2e0f962d4ddaf012fa26b8c4b4aece529, 0xbf21232d01f70e4dd58e46a7aa26773e8083d708, 0.022185053405758312
