, TxHash, BlockHeight, TimesStamp, From, To, Value
0, 0, 0, 1575364617, 0xdfe60534291bb4a3b308b7c31684cec69d3cde05, 0x6cfd4b6bfab9254e179cdb89b80f2200662f87f3, 15.000000000000002
0, 0, 0, 1575465691, 0x83053c32b7819f420dcfed2d218335fe430fe3b5, 0x6cfd4b6bfab9254e179cdb89b80f2200662f87f3, 0.0
0, 0, 0, 1575538028, 0x6cfd4b6bfab9254e179cdb89b80f2200662f87f3, 0x7baa4a73ff12810b3c5021bcd1d70f1f5b474437, 14.699000000000002
0, 0, 0, 1581529785, 0x6cfd4b6bfab9254e179cdb89b80f2200662f87f3, 0xb12b1e1bf934b0b07b68ccea770f14a519c2aeca, 0.30078412000000004
