, TxHash, BlockHeight, TimesStamp, From, To, Value
0, 0, 0, 1575663822, 0x541f5c20e1504bf749ea65328fb4fdda5cc3e6b9, 0x6d2323ae4b6c3733b5cf7abf35a132711a4748e7, 10.000714
0, 0, 0, 1575663850, 0x6d2323ae4b6c3733b5cf7abf35a132711a4748e7, 0x7ca83a846bb6b39aac8cd084dcab116bbf5c432f, 10.000357000000001
0, 0, 0, 1575664233, 0x83053c32b7819f420dcfed2d218335fe430fe3b5, 0x6d2323ae4b6c3733b5cf7abf35a132711a4748e7, 0.0
