, TxHash, BlockHeight, TimesStamp, From, To, Value
0, 0, 0, 1575715865, 0x52c2e3a608f7e6f32a829b017788c24309dd33ce, 0x6d1506b4abb3e4ade2076e2329cbecf74804897d, 50.000966000000005
0, 0, 0, 1575715905, 0x6d1506b4abb3e4ade2076e2329cbecf74804897d, 0x3d6654d669ff574f4f0ad15170577d6942a0d6de, 50.00048300000001
0, 0, 0, 1575715925, 0x83053c32b7819f420dcfed2d218335fe430fe3b5, 0x6d1506b4abb3e4ade2076e2329cbecf74804897d, 0.0
