, TxHash, BlockHeight, TimesStamp, From, To, Value
0, 0, 0, 1578140288, 0xc098fc492f85e81497eaec28dd47f8d0b8149fed, 0x6d3f25d0b46e998cec79be52e087ea1fa885ec3d, 577.73413
0, 0, 0, 1578140337, 0x83053c32b7819f420dcfed2d218335fe430fe3b5, 0x6d3f25d0b46e998cec79be52e087ea1fa885ec3d, 0.0
0, 0, 0, 1578140495, 0x6d3f25d0b46e998cec79be52e087ea1fa885ec3d, 0x313e3bff872fbd49b99f48fcfe11e1513e0ce859, 577.7238780000001
0, 0, 0, 1578141424, 0xc55e41763796698b533f343ca9fc3c4b4ed40693, 0x6d3f25d0b46e998cec79be52e087ea1fa885ec3d, 145.11481
0, 0, 0, 1578141794, 0x6d3f25d0b46e998cec79be52e087ea1fa885ec3d, 0x313e3bff872fbd49b99f48fcfe11e1513e0ce859, 145.11455800000002
