, TxHash, BlockHeight, TimesStamp, From, To, Value
0, 0, 0, 1575464386, 0xec305a14191fa627b151f16f59183e7e274d81ed, 0x6d44cc55dfd2dd0da5009c8973bbbf62b9afafb4, 499.99958000000004
0, 0, 0, 1575464404, 0x6d44cc55dfd2dd0da5009c8973bbbf62b9afafb4, 0x0158cdd1ba234c9311e42890d00397b7478b5699, 499.9991600000001
0, 0, 0, 1575465659, 0x83053c32b7819f420dcfed2d218335fe430fe3b5, 0x6d44cc55dfd2dd0da5009c8973bbbf62b9afafb4, 0.0
