, TxHash, BlockHeight, TimesStamp, From, To, Value
0, 0, 0, 1575632830, 0x541f5c20e1504bf749ea65328fb4fdda5cc3e6b9, 0x6e2ace1d8d17ea71f8ad047d89c8e58b7b9eae35, 15.000756
0, 0, 0, 1575632889, 0x83053c32b7819f420dcfed2d218335fe430fe3b5, 0x6e2ace1d8d17ea71f8ad047d89c8e58b7b9eae35, 0.0
0, 0, 0, 1575632889, 0x6e2ace1d8d17ea71f8ad047d89c8e58b7b9eae35, 0xc96b97f2efb4457b488306e2dfbef8abe116e4cf, 15.000378000000001
