, TxHash, BlockHeight, TimesStamp, From, To, Value
0, 0, 0, 1576552363, 0x8a44de8a80eb8f06762f5a4e538358490a1655be, 0x6ffd3b16c6fb35b5137f525d4857d6529985f392, 2607.1286319000005
0, 0, 0, 1576552381, 0x83053c32b7819f420dcfed2d218335fe430fe3b5, 0x6ffd3b16c6fb35b5137f525d4857d6529985f392, 0.0
0, 0, 0, 1576606765, 0x6ffd3b16c6fb35b5137f525d4857d6529985f392, 0x0cafff02bb1a7ed4e4a351a1767a05428cbc8b1e, 990.0000000000001
0, 0, 0, 1576630837, 0x6ffd3b16c6fb35b5137f525d4857d6529985f392, 0x96cc2f7e416d1356875193683d538fb81bc80663, 1617.1281699
