, TxHash, BlockHeight, TimesStamp, From, To, Value
0, 0, 0, 1575628900, 0x541f5c20e1504bf749ea65328fb4fdda5cc3e6b9, 0x70a37780994855c58282c901e752793fde684144, 10.000546
0, 0, 0, 1575628991, 0x70a37780994855c58282c901e752793fde684144, 0xb333096049179d7876226465fa31990e1f36ea1c, 10.000273
0, 0, 0, 1575629067, 0x83053c32b7819f420dcfed2d218335fe430fe3b5, 0x70a37780994855c58282c901e752793fde684144, 0.0
