, TxHash, BlockHeight, TimesStamp, From, To, Value
0, 0, 0, 1575676807, 0x541f5c20e1504bf749ea65328fb4fdda5cc3e6b9, 0x709a295da6189f8243b768b9881167fd3f23904d, 40.000966000000005
0, 0, 0, 1575676845, 0x709a295da6189f8243b768b9881167fd3f23904d, 0x7986877e6d0d39114853ee5685ab61a409d3d265, 40.00048300000001
0, 0, 0, 1575676861, 0x83053c32b7819f420dcfed2d218335fe430fe3b5, 0x709a295da6189f8243b768b9881167fd3f23904d, 0.0
