, TxHash, BlockHeight, TimesStamp, From, To, Value
0, 0, 0, 1575643587, 0x541f5c20e1504bf749ea65328fb4fdda5cc3e6b9, 0x70088fb6236e0a9e8288fccadb1f6692731cbe36, 1.000756
0, 0, 0, 1575643658, 0x70088fb6236e0a9e8288fccadb1f6692731cbe36, 0xa6ddca42b0da82fca583f0de55681eb2bef9cce5, 1.000378
0, 0, 0, 1575643698, 0x83053c32b7819f420dcfed2d218335fe430fe3b5, 0x70088fb6236e0a9e8288fccadb1f6692731cbe36, 0.0
