, TxHash, BlockHeight, TimesStamp, From, To, Value
0, 0, 0, 1575301394, 0xf52baeb41abf6a9001f42246d5a3a9e2677bc8f5, 0x70aebc098d264115421b78f4d51fededcd74a735, 10001.0
0, 0, 0, 1575310362, 0xab8c19d8b2f1f2fbcf845463587646862fc09550, 0x70aebc098d264115421b78f4d51fededcd74a735, 0.00025868
0, 0, 0, 1575465771, 0x83053c32b7819f420dcfed2d218335fe430fe3b5, 0x70aebc098d264115421b78f4d51fededcd74a735, 0.0
0, 0, 0, 1576807355, 0x70aebc098d264115421b78f4d51fededcd74a735, 0x7cf95087195e1f4ddb66ef7da1d01fb40684cbdd, 1.0
0, 0, 0, 1576808150, 0x70aebc098d264115421b78f4d51fededcd74a735, 0x70aebc098d264115421b78f4d51fededcd74a735, 5000.0
0, 0, 0, 1576808277, 0x70aebc098d264115421b78f4d51fededcd74a735, 0x7cf95087195e1f4ddb66ef7da1d01fb40684cbdd, 5000.0
0, 0, 0, 1577608299, 0x51a2176a38db9e5ebdecadd2b6142d13f2382c86, 0x70aebc098d264115421b78f4d51fededcd74a735, 0.001
0, 0, 0, 1577618984, 0xd1bfd64896ff02e8e33123ed1575d7d1efa6cb42, 0x70aebc098d264115421b78f4d51fededcd74a735, 0.001
0, 0, 0, 1577675593, 0xd1bfd64896ff02e8e33123ed1575d7d1efa6cb42, 0x70aebc098d264115421b78f4d51fededcd74a735, 0.001
0, 0, 0, 1577871364, 0xd1bfd64896ff02e8e33123ed1575d7d1efa6cb42, 0x70aebc098d264115421b78f4d51fededcd74a735, 0.001
0, 0, 0, 1577963088, 0xd1bfd64896ff02e8e33123ed1575d7d1efa6cb42, 0x70aebc098d264115421b78f4d51fededcd74a735, 0.001
0, 0, 0, 1578065139, 0xd1bfd64896ff02e8e33123ed1575d7d1efa6cb42, 0x70aebc098d264115421b78f4d51fededcd74a735, 0.0001
0, 0, 0, 1578133805, 0x70aebc098d264115421b78f4d51fededcd74a735, 0xa317dab3553e987c79d098c6fcccf0f002f6e163, 2000.0000000000002
0, 0, 0, 1578148272, 0x70aebc098d264115421b78f4d51fededcd74a735, 0xa317dab3553e987c79d098c6fcccf0f002f6e163, 3000.00323768
0, 0, 0, 1578149931, 0xd1bfd64896ff02e8e33123ed1575d7d1efa6cb42, 0x70aebc098d264115421b78f4d51fededcd74a735, 0.0001
