, TxHash, BlockHeight, TimesStamp, From, To, Value
0, 0, 0, 1578137889, 0x1df42375928b16cd46e7ad14db2e3124ee267ece, 0x718e25447b8cffef6ab20b937b9b7cf369b0b349, 389.99722800000006
0, 0, 0, 1578137902, 0x718e25447b8cffef6ab20b937b9b7cf369b0b349, 0xc098fc492f85e81497eaec28dd47f8d0b8149fed, 389.996808
0, 0, 0, 1578137935, 0x83053c32b7819f420dcfed2d218335fe430fe3b5, 0x718e25447b8cffef6ab20b937b9b7cf369b0b349, 0.0
