, TxHash, BlockHeight, TimesStamp, From, To, Value
0, 0, 0, 1575712603, 0x52c2e3a608f7e6f32a829b017788c24309dd33ce, 0x725f644f9346a4d6103eb303aefa0fe15605d37b, 30.000840000000004
0, 0, 0, 1575712619, 0x725f644f9346a4d6103eb303aefa0fe15605d37b, 0x587a5dc90d5fe31d32cff6a442ac97843c1f573d, 30.000420000000002
0, 0, 0, 1575712733, 0x83053c32b7819f420dcfed2d218335fe430fe3b5, 0x725f644f9346a4d6103eb303aefa0fe15605d37b, 0.0
