, TxHash, BlockHeight, TimesStamp, From, To, Value
0, 0, 0, 1575365006, 0xb3a9b79f4d5dc2cdcdc00da22869502cbf65a0a5, 0x73d7f91ef3cd31bfac0c3ea3713c37b55b8e40bc, 1001.0000000000001
0, 0, 0, 1575365091, 0xb3a9b79f4d5dc2cdcdc00da22869502cbf65a0a5, 0x73d7f91ef3cd31bfac0c3ea3713c37b55b8e40bc, 10000.0
0, 0, 0, 1575365117, 0x4cf285e48d57fe785ff4980feeb450af34c80886, 0x73d7f91ef3cd31bfac0c3ea3713c37b55b8e40bc, 0.001
0, 0, 0, 1575465691, 0x83053c32b7819f420dcfed2d218335fe430fe3b5, 0x73d7f91ef3cd31bfac0c3ea3713c37b55b8e40bc, 0.0
0, 0, 0, 1576480947, 0x73d7f91ef3cd31bfac0c3ea3713c37b55b8e40bc, 0x2baebf778520fb8150848591eabc8919d96a0f80, 5005.0
0, 0, 0, 1577608395, 0x51a2176a38db9e5ebdecadd2b6142d13f2382c86, 0x73d7f91ef3cd31bfac0c3ea3713c37b55b8e40bc, 0.001
0, 0, 0, 1577619215, 0xd1bfd64896ff02e8e33123ed1575d7d1efa6cb42, 0x73d7f91ef3cd31bfac0c3ea3713c37b55b8e40bc, 0.001
0, 0, 0, 1577676854, 0xd1bfd64896ff02e8e33123ed1575d7d1efa6cb42, 0x73d7f91ef3cd31bfac0c3ea3713c37b55b8e40bc, 0.001
0, 0, 0, 1577871720, 0xd1bfd64896ff02e8e33123ed1575d7d1efa6cb42, 0x73d7f91ef3cd31bfac0c3ea3713c37b55b8e40bc, 0.001
0, 0, 0, 1577963263, 0xd1bfd64896ff02e8e33123ed1575d7d1efa6cb42, 0x73d7f91ef3cd31bfac0c3ea3713c37b55b8e40bc, 0.001
0, 0, 0, 1578065512, 0xd1bfd64896ff02e8e33123ed1575d7d1efa6cb42, 0x73d7f91ef3cd31bfac0c3ea3713c37b55b8e40bc, 0.0001
0, 0, 0, 1578150065, 0xd1bfd64896ff02e8e33123ed1575d7d1efa6cb42, 0x73d7f91ef3cd31bfac0c3ea3713c37b55b8e40bc, 0.0001
0, 0, 0, 1578752420, 0x73d7f91ef3cd31bfac0c3ea3713c37b55b8e40bc, 0xcfaa9ecdccecbcbf4886b158d52e94aad19c6602, 5996.005381000001
