, TxHash, BlockHeight, TimesStamp, From, To, Value
0, 0, 0, 1576967073, 0xeaeb04c84d48f6641c61b6f290931e8f481c2a5c, 0x7458e554e5d51c3391a3b3720d5be40cca4b08a3, 2000.0003990000002
0, 0, 0, 1576967128, 0x83053c32b7819f420dcfed2d218335fe430fe3b5, 0x7458e554e5d51c3391a3b3720d5be40cca4b08a3, 0.0
0, 0, 0, 1576967128, 0x7458e554e5d51c3391a3b3720d5be40cca4b08a3, 0x00b1480259b3c9f9b0cb9b62bafac3c10c0d08bd, 2000.0000000000002
