, TxHash, BlockHeight, TimesStamp, From, To, Value
0, 0, 0, 1575709961, 0x30eec09f344dce617ff04acf78355b9eef25017c, 0x7400a255a7521f4007e7c6dfbdd135f0b136e715, 1.0003570000000002
0, 0, 0, 1575709972, 0x7400a255a7521f4007e7c6dfbdd135f0b136e715, 0xbd29d94eeebf1d50544cea16a800946e186c0aaa, 1.0
0, 0, 0, 1575710001, 0x83053c32b7819f420dcfed2d218335fe430fe3b5, 0x7400a255a7521f4007e7c6dfbdd135f0b136e715, 0.0
0, 0, 0, 1575710404, 0x7400a255a7521f4007e7c6dfbdd135f0b136e715, 0xb3c0a782a457b4baab622a96af8312d882ffb725, 0.9995170000000001
