, TxHash, BlockHeight, TimesStamp, From, To, Value
0, 0, 0, 1575633407, 0x388a1584e7efa0f562d31d55d985dc8a17d10e27, 0x7536f6f43962f3846872ffd66ba84a6994860864, 15.000399000000002
0, 0, 0, 1575633529, 0x7536f6f43962f3846872ffd66ba84a6994860864, 0x55e5c96ca86b3bbd33e29c756c0785616fff6559, 15.000000000000002
0, 0, 0, 1575633815, 0x83053c32b7819f420dcfed2d218335fe430fe3b5, 0x7536f6f43962f3846872ffd66ba84a6994860864, 0.0
