, TxHash, BlockHeight, TimesStamp, From, To, Value
0, 0, 0, 1575294655, 0x53186601306500c58ed68e4c60b4c7180a62f88f, 0x75bada55d5378334225eba166a9ae1bc85808f76, 20.100502512562816
0, 0, 0, 1575294734, 0x75bada55d5378334225eba166a9ae1bc85808f76, 0xf1bf959e38bb4f0b38616ebfeafe2b99050ac2c8, 20.100392262562817
0, 0, 0, 1575299056, 0x53186601306500c58ed68e4c60b4c7180a62f88f, 0x75bada55d5378334225eba166a9ae1bc85808f76, 33.82949932341002
0, 0, 0, 1575299164, 0x75bada55d5378334225eba166a9ae1bc85808f76, 0xf1bf959e38bb4f0b38616ebfeafe2b99050ac2c8, 33.829394323410014
0, 0, 0, 1575465771, 0x83053c32b7819f420dcfed2d218335fe430fe3b5, 0x75bada55d5378334225eba166a9ae1bc85808f76, 0.0
