, TxHash, BlockHeight, TimesStamp, From, To, Value
0, 0, 0, 1578648967, 0xf4678169b1eb0c141fd99942ac02191145fefe3f, 0x757cc4111a6df5f48803b607e9c170c8a1cc51b1, 2795.9766061686
0, 0, 0, 1578648986, 0x83053c32b7819f420dcfed2d218335fe430fe3b5, 0x757cc4111a6df5f48803b607e9c170c8a1cc51b1, 0.0
0, 0, 0, 1578649061, 0x757cc4111a6df5f48803b607e9c170c8a1cc51b1, 0x633e56224baba2e03390815c2dd430d0998aa5ce, 2795.9761861686
0, 0, 0, 1578649330, 0x9409d7ea71294fc5561e5fdd47d4a9f5993948c5, 0x757cc4111a6df5f48803b607e9c170c8a1cc51b1, 7707.992666054
0, 0, 0, 1578652443, 0xd1bfd64896ff02e8e33123ed1575d7d1efa6cb42, 0x757cc4111a6df5f48803b607e9c170c8a1cc51b1, 0.0001
0, 0, 0, 1578675649, 0x757cc4111a6df5f48803b607e9c170c8a1cc51b1, 0x111f76006af0306fe02d8ed5b306f34d8f64798a, 7707.992367054
