, TxHash, BlockHeight, TimesStamp, From, To, Value
0, 0, 0, 1576224065, 0xd2b5383854cf2fcdb75bfc5b280defbf5121c1d1, 0x772ac4aecfba051ed256715f61821ac85c741cf2, 1001.0000000000001
0, 0, 0, 1576224068, 0x83053c32b7819f420dcfed2d218335fe430fe3b5, 0x772ac4aecfba051ed256715f61821ac85c741cf2, 0.0
0, 0, 0, 1576224171, 0x772ac4aecfba051ed256715f61821ac85c741cf2, 0xb7300518548351b8c6911405f148a241d9a25213, 500.00000000000006
0, 0, 0, 1576227847, 0x772ac4aecfba051ed256715f61821ac85c741cf2, 0xe4a905caf662f8ae1be079160a28e483b7ca9296, 500.00000000000006
0, 0, 0, 1576228686, 0x772ac4aecfba051ed256715f61821ac85c741cf2, 0xd2b5383854cf2fcdb75bfc5b280defbf5121c1d1, 0.9987820000000001
