, TxHash, BlockHeight, TimesStamp, From, To, Value
0, 0, 0, 1575640381, 0x541f5c20e1504bf749ea65328fb4fdda5cc3e6b9, 0x78fd2789da9229aeaecc35cf9d42d2f04fd7e16a, 10.000546
0, 0, 0, 1575640400, 0x78fd2789da9229aeaecc35cf9d42d2f04fd7e16a, 0xa35a878ac7664fa38c77c5605a51388ab3044a51, 10.000273
0, 0, 0, 1575640431, 0x83053c32b7819f420dcfed2d218335fe430fe3b5, 0x78fd2789da9229aeaecc35cf9d42d2f04fd7e16a, 0.0
