, TxHash, BlockHeight, TimesStamp, From, To, Value
0, 0, 0, 1575643698, 0x541f5c20e1504bf749ea65328fb4fdda5cc3e6b9, 0x78c0f6ac5805a65d59a6cb7c7fd5ef53277d54ea, 1.0008400000000002
0, 0, 0, 1575643783, 0x78c0f6ac5805a65d59a6cb7c7fd5ef53277d54ea, 0x59b0bc26d2112bcc5125dc3c424e7044f9b9e44e, 1.00042
0, 0, 0, 1575643798, 0x83053c32b7819f420dcfed2d218335fe430fe3b5, 0x78c0f6ac5805a65d59a6cb7c7fd5ef53277d54ea, 0.0
