, TxHash, BlockHeight, TimesStamp, From, To, Value
0, 0, 0, 1577087835, 0xc09c89e0f35a3b6435a59190a6ce8b46458070d5, 0x784af80c3549399f362e6f2d024903fdaa417fb0, 500.00048300000003
0, 0, 0, 1577087856, 0x83053c32b7819f420dcfed2d218335fe430fe3b5, 0x784af80c3549399f362e6f2d024903fdaa417fb0, 0.0
0, 0, 0, 1577087856, 0x784af80c3549399f362e6f2d024903fdaa417fb0, 0x84f4bcc4e841afdfde7899662f8bbd7d6a71c112, 500.00000000000006
