, TxHash, BlockHeight, TimesStamp, From, To, Value
0, 0, 0, 1576967178, 0x00b1480259b3c9f9b0cb9b62bafac3c10c0d08bd, 0x79f7a9c8a6170f95ff8532415c59599232537f67, 500.00031500000006
0, 0, 0, 1576967208, 0x83053c32b7819f420dcfed2d218335fe430fe3b5, 0x79f7a9c8a6170f95ff8532415c59599232537f67, 0.0
0, 0, 0, 1576967208, 0x79f7a9c8a6170f95ff8532415c59599232537f67, 0x84f4bcc4e841afdfde7899662f8bbd7d6a71c112, 500.00000000000006
