, TxHash, BlockHeight, TimesStamp, From, To, Value
0, 0, 0, 1575623531, 0xe8f9bbdc2c214683779b9c297f4b6739549fdb9f, 0x796da9bc884f02f1484ec4290c5e30768c283260, 65.99888700000001
0, 0, 0, 1575623573, 0x83053c32b7819f420dcfed2d218335fe430fe3b5, 0x796da9bc884f02f1484ec4290c5e30768c283260, 0.0
0, 0, 0, 1575623573, 0x796da9bc884f02f1484ec4290c5e30768c283260, 0x6091046ac8a30be88246cf8e39cd6ccb8520ca5d, 65.998614
