, TxHash, BlockHeight, TimesStamp, From, To, Value
0, 0, 0, 1575645596, 0x646dc0fa095734b26081640cd0ad4520a6e7f73d, 0x79817532604b2db84daf411d676853ac0fd4e3bb, 10.000462
0, 0, 0, 1575645808, 0x83053c32b7819f420dcfed2d218335fe430fe3b5, 0x79817532604b2db84daf411d676853ac0fd4e3bb, 0.0
0, 0, 0, 1575646104, 0x79817532604b2db84daf411d676853ac0fd4e3bb, 0xa89509bebfd26c3651bb2c8a3571323bf6abed95, 10.000042
