, TxHash, BlockHeight, TimesStamp, From, To, Value
0, 0, 0, 1578390887, 0x1b1685f173a09785e5e74028db39a68c1ca6eb56, 0x7a9e09316bb086faf6c215deb9481f77979affb9, 2000.0003150000002
0, 0, 0, 1578390979, 0x83053c32b7819f420dcfed2d218335fe430fe3b5, 0x7a9e09316bb086faf6c215deb9481f77979affb9, 0.0
0, 0, 0, 1578390979, 0x7a9e09316bb086faf6c215deb9481f77979affb9, 0x5bf95e3c39e0a392718560ce6eb8db948244c721, 2000.0000000000002
