, TxHash, BlockHeight, TimesStamp, From, To, Value
0, 0, 0, 1575643915, 0x568c17eedb6308ffc697fee73702da1c920b7529, 0x7af031055959eb88e400d53a56002d2cbe13bffe, 15.000252000000001
0, 0, 0, 1575643932, 0x7af031055959eb88e400d53a56002d2cbe13bffe, 0x55e5c96ca86b3bbd33e29c756c0785616fff6559, 15.000000000000002
0, 0, 0, 1575644116, 0x83053c32b7819f420dcfed2d218335fe430fe3b5, 0x7af031055959eb88e400d53a56002d2cbe13bffe, 0.0
