, TxHash, BlockHeight, TimesStamp, From, To, Value
0, 0, 0, 1576934142, 0x33dc6f9659963174ca26559636502f70fd7ec85c, 0x7b548d24c06f02bf9c73444fa3bedce6039189a3, 2000.000588
0, 0, 0, 1576934145, 0x7b548d24c06f02bf9c73444fa3bedce6039189a3, 0x703263482f88a61a020c69e647b15993115ab515, 2000.0002940000002
0, 0, 0, 1576935457, 0x83053c32b7819f420dcfed2d218335fe430fe3b5, 0x7b548d24c06f02bf9c73444fa3bedce6039189a3, 0.0
