, TxHash, BlockHeight, TimesStamp, From, To, Value
0, 0, 0, 1578138339, 0x39274196b366a9718a227708f0a02abd845e2cb1, 0x7c92b5d12e15440838a7e263e5b7dd4842f3dfc9, 379.997312
0, 0, 0, 1578138353, 0x83053c32b7819f420dcfed2d218335fe430fe3b5, 0x7c92b5d12e15440838a7e263e5b7dd4842f3dfc9, 0.0
0, 0, 0, 1578138353, 0x7c92b5d12e15440838a7e263e5b7dd4842f3dfc9, 0xc55e41763796698b533f343ca9fc3c4b4ed40693, 379.996934
