, TxHash, BlockHeight, TimesStamp, From, To, Value
0, 0, 0, 1575680413, 0x541f5c20e1504bf749ea65328fb4fdda5cc3e6b9, 0x7c697b10563933eb5f04f9047a85073a47d80d56, 15.000840000000002
0, 0, 0, 1575680440, 0x7c697b10563933eb5f04f9047a85073a47d80d56, 0x4b523684b2ba11090f6ba5fb9dc527ca49d5dc1a, 15.000420000000002
0, 0, 0, 1575680451, 0x83053c32b7819f420dcfed2d218335fe430fe3b5, 0x7c697b10563933eb5f04f9047a85073a47d80d56, 0.0
