, TxHash, BlockHeight, TimesStamp, From, To, Value
0, 0, 0, 1576635012, 0x96cc2f7e416d1356875193683d538fb81bc80663, 0x7eb77258be2fd49beedef0acf8050913cc1a9874, 1377.5000000000002
0, 0, 0, 1576635030, 0x83053c32b7819f420dcfed2d218335fe430fe3b5, 0x7eb77258be2fd49beedef0acf8050913cc1a9874, 0.0
0, 0, 0, 1576642161, 0x7eb77258be2fd49beedef0acf8050913cc1a9874, 0xd7920eb1edf9c4ccba0a343ad1a83797269c86ed, 1377.49979
