, TxHash, BlockHeight, TimesStamp, From, To, Value
0, 0, 0, 1575652172, 0x541f5c20e1504bf749ea65328fb4fdda5cc3e6b9, 0x7ee5a664adc927f5c569f989800a4bc31b1a4df7, 10.00084
0, 0, 0, 1575652182, 0x7ee5a664adc927f5c569f989800a4bc31b1a4df7, 0xd0decb80426c40a368dd9d6733db453b9ea4c2d7, 10.00042
0, 0, 0, 1575652616, 0x83053c32b7819f420dcfed2d218335fe430fe3b5, 0x7ee5a664adc927f5c569f989800a4bc31b1a4df7, 0.0
