, TxHash, BlockHeight, TimesStamp, From, To, Value
0, 0, 0, 1578374559, 0x245a902d6e69c5f3bf7ced01d67e56038675bc98, 0x7ef794a65be671b0fe7eda7b00ad5aa8efe408b7, 579.77064
0, 0, 0, 1578374578, 0x83053c32b7819f420dcfed2d218335fe430fe3b5, 0x7ef794a65be671b0fe7eda7b00ad5aa8efe408b7, 0.0
0, 0, 0, 1578375157, 0x7ef794a65be671b0fe7eda7b00ad5aa8efe408b7, 0x75390be98104cd2f6a15a5a894cce8a926664d5f, 579.7603879999999
