, TxHash, BlockHeight, TimesStamp, From, To, Value
0, 0, 0, 1575618408, 0xc40b12f527061bec7b1f036a4d036c6ae7fe93e2, 0x7f6482e5019b6fc3359c345e64a373bdb931a2b7, 10.578818
0, 0, 0, 1575618438, 0x7f6482e5019b6fc3359c345e64a373bdb931a2b7, 0x07cee4c3da9630218cbed1732455d94247fe5bda, 10.578482000000001
0, 0, 0, 1575618472, 0x83053c32b7819f420dcfed2d218335fe430fe3b5, 0x7f6482e5019b6fc3359c345e64a373bdb931a2b7, 0.0
