, TxHash, BlockHeight, TimesStamp, From, To, Value
0, 0, 0, 1575652914, 0x68c53925a5514e9dfecd3944ddafb8c38ca19644, 0x7f7b75d53ab4b1de6a659d0f062d9cf99dadec68, 15.000483000000001
0, 0, 0, 1575652929, 0x7f7b75d53ab4b1de6a659d0f062d9cf99dadec68, 0xc1292d5598a4887b8eb5a557688f21f8f9661bcf, 15.000000000000002
0, 0, 0, 1575653547, 0x83053c32b7819f420dcfed2d218335fe430fe3b5, 0x7f7b75d53ab4b1de6a659d0f062d9cf99dadec68, 0.0
