, TxHash, BlockHeight, TimesStamp, From, To, Value
0, 0, 0, 1575684021, 0x09cd7ed06653d97a9a1a12a59c1c1c07aaa16d16, 0x805fdbd651a061f2e701525c1a71d9f959d73779, 5.0
0, 0, 0, 1575684113, 0x83053c32b7819f420dcfed2d218335fe430fe3b5, 0x805fdbd651a061f2e701525c1a71d9f959d73779, 0.0
0, 0, 0, 1575684739, 0x05e5882625efa915f99c7a9be589672ac8601c0f, 0x805fdbd651a061f2e701525c1a71d9f959d73779, 12.98112995812818
0, 0, 0, 1575684932, 0x805fdbd651a061f2e701525c1a71d9f959d73779, 0x5852c8973ac167267d3cd60361a0196ecb3913aa, 17.98091995812818
0, 0, 0, 1575685633, 0x443cf8e2f483dca70e9caf251bf8e59883c12305, 0x805fdbd651a061f2e701525c1a71d9f959d73779, 15.000000000000002
0, 0, 0, 1575686492, 0x561e6245cb499682299909c89eed8b0d1ce20a67, 0x805fdbd651a061f2e701525c1a71d9f959d73779, 15.000000000000002
0, 0, 0, 1575686773, 0x805fdbd651a061f2e701525c1a71d9f959d73779, 0x5852c8973ac167267d3cd60361a0196ecb3913aa, 29.99979
0, 0, 0, 1575687273, 0xc298be92ea4ce61bd58879672956aaf28dbb0a4f, 0x805fdbd651a061f2e701525c1a71d9f959d73779, 15.000000000000002
0, 0, 0, 1575688139, 0xf98c75a1fbb16aa3c7f9ba7d3935e105e14bffe9, 0x805fdbd651a061f2e701525c1a71d9f959d73779, 15.000000000000002
0, 0, 0, 1575688615, 0x805fdbd651a061f2e701525c1a71d9f959d73779, 0x5852c8973ac167267d3cd60361a0196ecb3913aa, 29.99979
0, 0, 0, 1575700029, 0xda04fcbc615ef4ff3b39866a906614ce613b1d0e, 0x805fdbd651a061f2e701525c1a71d9f959d73779, 15.000000000000002
0, 0, 0, 1575701485, 0x805fdbd651a061f2e701525c1a71d9f959d73779, 0x5852c8973ac167267d3cd60361a0196ecb3913aa, 14.99979
