, TxHash, BlockHeight, TimesStamp, From, To, Value
0, 0, 0, 1576926303, 0x9927a5fd12d56d30a0ddb3e239e61fdd435a6457, 0x809227a7c9ea294d3e4f2be82da12572e8156142, 1499.998089
0, 0, 0, 1576926375, 0x83053c32b7819f420dcfed2d218335fe430fe3b5, 0x809227a7c9ea294d3e4f2be82da12572e8156142, 0.0
0, 0, 0, 1576926375, 0x809227a7c9ea294d3e4f2be82da12572e8156142, 0x17c68a3439ffe6351b97a2eb4188b5f0a09715bb, 1499.997669
