, TxHash, BlockHeight, TimesStamp, From, To, Value
0, 0, 0, 1576994631, 0xb725a4b44b4ba99e718f779a0cfa04767ffaf242, 0x8010eea901319fa82f4391b07eafc7fa3c6c9b99, 948.9000000000001
0, 0, 0, 1576994651, 0x83053c32b7819f420dcfed2d218335fe430fe3b5, 0x8010eea901319fa82f4391b07eafc7fa3c6c9b99, 0.0
0, 0, 0, 1577069663, 0xf9a422bedfe883f539271aa479dd70125f927443, 0x8010eea901319fa82f4391b07eafc7fa3c6c9b99, 7.086991510000001
0, 0, 0, 1577082570, 0x8010eea901319fa82f4391b07eafc7fa3c6c9b99, 0xa72e917a995d8145f181cf1c37cdeb4e47562ef1, 480.90000000000003
0, 0, 0, 1577083309, 0x8010eea901319fa82f4391b07eafc7fa3c6c9b99, 0xa72e917a995d8145f181cf1c37cdeb4e47562ef1, 475.08000000000004
