, TxHash, BlockHeight, TimesStamp, From, To, Value
0, 0, 0, 1575645259, 0x541f5c20e1504bf749ea65328fb4fdda5cc3e6b9, 0x8042d11e2788c1867efb795fbdfff513ffcf188b, 10.000966
0, 0, 0, 1575645264, 0x8042d11e2788c1867efb795fbdfff513ffcf188b, 0x4cea5c6613c3cd8cc6b1674d8c3bc7d80349f8c6, 10.000483000000001
0, 0, 0, 1575645451, 0x83053c32b7819f420dcfed2d218335fe430fe3b5, 0x8042d11e2788c1867efb795fbdfff513ffcf188b, 0.0
