, TxHash, BlockHeight, TimesStamp, From, To, Value
0, 0, 0, 1575361559, 0x7e31fac61eb7a69fe559161e87504b1cbc2ffedc, 0x80dbae1e8ff0e7b4ed144e772c5ad5239d1d9a42, 14.996220000000001
0, 0, 0, 1575465691, 0x83053c32b7819f420dcfed2d218335fe430fe3b5, 0x80dbae1e8ff0e7b4ed144e772c5ad5239d1d9a42, 0.0
0, 0, 0, 1579460117, 0x80dbae1e8ff0e7b4ed144e772c5ad5239d1d9a42, 0x8b1f9072b162b5187f1d59f7edc6005c7a29c742, 0.8766174030386082
0, 0, 0, 1580337537, 0x80dbae1e8ff0e7b4ed144e772c5ad5239d1d9a42, 0xfe9dd46eecdc5a91658793bc944e5959964dee5d, 11.069068259385666
