, TxHash, BlockHeight, TimesStamp, From, To, Value
0, 0, 0, 1576992684, 0x72fc57dfa1dcd0269fe4af86f7aee496174a96df, 0x812e25e989c17f23299393520fba33d6bbc93ad1, 1000.0000000000001
0, 0, 0, 1576992826, 0x812e25e989c17f23299393520fba33d6bbc93ad1, 0xcae097f61c9cb27a2552123a615ccdb2d12e67d7, 500.00054600000004
0, 0, 0, 1576994157, 0x812e25e989c17f23299393520fba33d6bbc93ad1, 0x410ee2e3752ab080a06ce8297100a6513fe94bc0, 499.9988450000001
0, 0, 0, 1576994241, 0x83053c32b7819f420dcfed2d218335fe430fe3b5, 0x812e25e989c17f23299393520fba33d6bbc93ad1, 0.0
0, 0, 0, 1576995926, 0x72fc57dfa1dcd0269fe4af86f7aee496174a96df, 0x812e25e989c17f23299393520fba33d6bbc93ad1, 1000.0000000000001
0, 0, 0, 1576996005, 0x812e25e989c17f23299393520fba33d6bbc93ad1, 0x253df2bd10772a1903199ff5c289d7a94cc43492, 999.999517
0, 0, 0, 1576997270, 0x72fc57dfa1dcd0269fe4af86f7aee496174a96df, 0x812e25e989c17f23299393520fba33d6bbc93ad1, 200.00000000000003
0, 0, 0, 1576997347, 0x812e25e989c17f23299393520fba33d6bbc93ad1, 0x59e3e05e9f1baa2a8f12e73f76713de00fb7f2ff, 199.99968500000003
