, TxHash, BlockHeight, TimesStamp, From, To, Value
0, 0, 0, 1576915846, 0x17560d0b04f481f359e2ffe0b292b6ee40db8029, 0x826f976d0e1c247e22f55be60ff509460744ada0, 1499.99874
0, 0, 0, 1576915857, 0x83053c32b7819f420dcfed2d218335fe430fe3b5, 0x826f976d0e1c247e22f55be60ff509460744ada0, 0.0
0, 0, 0, 1576915857, 0x826f976d0e1c247e22f55be60ff509460744ada0, 0xe8ef215e3544f9bd0207922d5d0659535f0e45d1, 1499.998299
