, TxHash, BlockHeight, TimesStamp, From, To, Value
0, 0, 0, 1575358868, 0x20a41844d89c646ec2bee518e4b2376a883f9ab9, 0x82f4d449973001c3a3a2c5cc432ee31407a4e862, 90.0
0, 0, 0, 1575359038, 0x82f4d449973001c3a3a2c5cc432ee31407a4e862, 0x45b7194074be6d1e0e544e5091053703c0cc7060, 20.0
0, 0, 0, 1575359448, 0x82f4d449973001c3a3a2c5cc432ee31407a4e862, 0x6b17141d06d70b50aa4e8c263c0b4ba598c4b8a0, 20.0
0, 0, 0, 1575359806, 0x82f4d449973001c3a3a2c5cc432ee31407a4e862, 0x68e13173c40ab7c7ecefc993938178cf690cdd5c, 20.0
0, 0, 0, 1575360294, 0x82f4d449973001c3a3a2c5cc432ee31407a4e862, 0x45b7194074be6d1e0e544e5091053703c0cc7060, 15.000000000000002
0, 0, 0, 1575360491, 0x20a41844d89c646ec2bee518e4b2376a883f9ab9, 0x82f4d449973001c3a3a2c5cc432ee31407a4e862, 60.00000000000001
0, 0, 0, 1575360627, 0x82f4d449973001c3a3a2c5cc432ee31407a4e862, 0x3123c4396f1306678f382c186aee2dccce44f72c, 15.000000000000002
0, 0, 0, 1575360783, 0x82f4d449973001c3a3a2c5cc432ee31407a4e862, 0x6b17141d06d70b50aa4e8c263c0b4ba598c4b8a0, 15.000000000000002
0, 0, 0, 1575361036, 0x82f4d449973001c3a3a2c5cc432ee31407a4e862, 0x20883176c2c3c5dd86aa2ce9ac0afa25bcac9d12, 20.0
0, 0, 0, 1575361322, 0x82f4d449973001c3a3a2c5cc432ee31407a4e862, 0x20e3a9cf9f2d4773de24fb50b1eff25fed70acc3, 20.0
0, 0, 0, 1575361539, 0x20a41844d89c646ec2bee518e4b2376a883f9ab9, 0x82f4d449973001c3a3a2c5cc432ee31407a4e862, 120.00000000000001
0, 0, 0, 1575361683, 0x82f4d449973001c3a3a2c5cc432ee31407a4e862, 0x2bc812c70dcd634a07ce4fb9cd9ba4319fd9898d, 20.0
0, 0, 0, 1575361824, 0x82f4d449973001c3a3a2c5cc432ee31407a4e862, 0x2b9a95c4f3924465fdbcded0a79cbd879830a04f, 20.0
0, 0, 0, 1575362056, 0x82f4d449973001c3a3a2c5cc432ee31407a4e862, 0x2ec6bdeccbdec4657127b76b9ff74143cfe021d5, 20.0
0, 0, 0, 1575362188, 0x82f4d449973001c3a3a2c5cc432ee31407a4e862, 0x2bc3678d93e7c82bc37cc951b608ca5ade962e2b, 20.0
0, 0, 0, 1575362308, 0x82f4d449973001c3a3a2c5cc432ee31407a4e862, 0x2ec40a6a3cca5e67c650051a41a4b51f590063cc, 20.0
0, 0, 0, 1575362452, 0x82f4d449973001c3a3a2c5cc432ee31407a4e862, 0x2ecb7cf6a9a05773ed759d42e603dcb9aafffe6f, 20.0
0, 0, 0, 1575362948, 0x82f4d449973001c3a3a2c5cc432ee31407a4e862, 0xec305a14191fa627b151f16f59183e7e274d81ed, 4.9937000000000005
0, 0, 0, 1575465771, 0x83053c32b7819f420dcfed2d218335fe430fe3b5, 0x82f4d449973001c3a3a2c5cc432ee31407a4e862, 0.0
