, TxHash, BlockHeight, TimesStamp, From, To, Value
0, 0, 0, 1575618747, 0xeed2bb3aa8edbb357756432da0223b8f3226887f, 0x82ef962f29719b1ab907b2e8479ad64c602a551d, 1001.0000000000001
0, 0, 0, 1575618764, 0x83053c32b7819f420dcfed2d218335fe430fe3b5, 0x82ef962f29719b1ab907b2e8479ad64c602a551d, 0.0
0, 0, 0, 1575618813, 0xeed2bb3aa8edbb357756432da0223b8f3226887f, 0x82ef962f29719b1ab907b2e8479ad64c602a551d, 10000.0
0, 0, 0, 1577607987, 0x51a2176a38db9e5ebdecadd2b6142d13f2382c86, 0x82ef962f29719b1ab907b2e8479ad64c602a551d, 0.001
0, 0, 0, 1577617845, 0xd1bfd64896ff02e8e33123ed1575d7d1efa6cb42, 0x82ef962f29719b1ab907b2e8479ad64c602a551d, 0.001
0, 0, 0, 1577674230, 0xd1bfd64896ff02e8e33123ed1575d7d1efa6cb42, 0x82ef962f29719b1ab907b2e8479ad64c602a551d, 0.001
0, 0, 0, 1577869101, 0xd1bfd64896ff02e8e33123ed1575d7d1efa6cb42, 0x82ef962f29719b1ab907b2e8479ad64c602a551d, 0.001
0, 0, 0, 1577962615, 0xd1bfd64896ff02e8e33123ed1575d7d1efa6cb42, 0x82ef962f29719b1ab907b2e8479ad64c602a551d, 0.001
0, 0, 0, 1578063161, 0xd1bfd64896ff02e8e33123ed1575d7d1efa6cb42, 0x82ef962f29719b1ab907b2e8479ad64c602a551d, 0.0001
0, 0, 0, 1578149550, 0xd1bfd64896ff02e8e33123ed1575d7d1efa6cb42, 0x82ef962f29719b1ab907b2e8479ad64c602a551d, 0.0001
0, 0, 0, 1589372610, 0x82ef962f29719b1ab907b2e8479ad64c602a551d, 0x128ad7cae77601de808649f01e6f1d499fe524db, 450.00000000000006
0, 0, 0, 1589375954, 0x82ef962f29719b1ab907b2e8479ad64c602a551d, 0x128ad7cae77601de808649f01e6f1d499fe524db, 450.00000000000006
0, 0, 0, 1589375954, 0x82ef962f29719b1ab907b2e8479ad64c602a551d, 0x128ad7cae77601de808649f01e6f1d499fe524db, 450.00000000000006
0, 0, 0, 1589469583, 0x82ef962f29719b1ab907b2e8479ad64c602a551d, 0x128ad7cae77601de808649f01e6f1d499fe524db, 3000.0
0, 0, 0, 1589525407, 0x82ef962f29719b1ab907b2e8479ad64c602a551d, 0x128ad7cae77601de808649f01e6f1d499fe524db, 3000.0
0, 0, 0, 1589537020, 0x82ef962f29719b1ab907b2e8479ad64c602a551d, 0x128ad7cae77601de808649f01e6f1d499fe524db, 3500.0000000000005
0, 0, 0, 1614845266, 0x82ef962f29719b1ab907b2e8479ad64c602a551d, 0x5a88a3ad66234861621e983a498948ffe6641857, 150.99533
