, TxHash, BlockHeight, TimesStamp, From, To, Value
0, 0, 0, 1577077292, 0x987f8cfb36086c78becc03e4e3369c69e195d476, 0x8322f6c3fa6820207e31b15d1b305cd55f626903, 999.9996640000002
0, 0, 0, 1577077334, 0x83053c32b7819f420dcfed2d218335fe430fe3b5, 0x8322f6c3fa6820207e31b15d1b305cd55f626903, 0.0
0, 0, 0, 1577077334, 0x8322f6c3fa6820207e31b15d1b305cd55f626903, 0xfa053dd188ca5a25dd7980fd3bbb175ea5b9cc86, 999.9993280000001
