, TxHash, BlockHeight, TimesStamp, From, To, Value
0, 0, 0, 1576633002, 0x510ad53add453ecb5ffaf2c854d9db523d0fc267, 0x834433cdb30eba01b7b75c45b0698a104f4e9002, 1300.0
0, 0, 0, 1576633042, 0x83053c32b7819f420dcfed2d218335fe430fe3b5, 0x834433cdb30eba01b7b75c45b0698a104f4e9002, 0.0
0, 0, 0, 1576633407, 0x834433cdb30eba01b7b75c45b0698a104f4e9002, 0x90e9ddd9d8d5ae4e3763d0cf856c97594dea7325, 1299.9998950000002
0, 0, 0, 1576634406, 0xaf5fd52fe7b2887ede9b37ff9af5ceedc3388041, 0x834433cdb30eba01b7b75c45b0698a104f4e9002, 1500.0
0, 0, 0, 1576634991, 0x834433cdb30eba01b7b75c45b0698a104f4e9002, 0x90e9ddd9d8d5ae4e3763d0cf856c97594dea7325, 1499.99979
0, 0, 0, 1585909023, 0xfd54078badd5653571726c3370afb127351a6f26, 0x834433cdb30eba01b7b75c45b0698a104f4e9002, 0.0014000000000000002
0, 0, 0, 1585909285, 0x834433cdb30eba01b7b75c45b0698a104f4e9002, 0xdac17f958d2ee523a2206206994597c13d831ec7, 0.0
0, 0, 0, 1585910179, 0xfd54078badd5653571726c3370afb127351a6f26, 0x834433cdb30eba01b7b75c45b0698a104f4e9002, 0.0014000000000000002
0, 0, 0, 1585910489, 0x834433cdb30eba01b7b75c45b0698a104f4e9002, 0xdac17f958d2ee523a2206206994597c13d831ec7, 0.0
0, 0, 0, 1586155584, 0x4147916c2d92cdf06ca7443471d2dacc80f39660, 0x834433cdb30eba01b7b75c45b0698a104f4e9002, 399.90000000000003
0, 0, 0, 1586155845, 0x834433cdb30eba01b7b75c45b0698a104f4e9002, 0x794d28ac31bcb136294761a556b68d2634094153, 399.90206569800006
