, TxHash, BlockHeight, TimesStamp, From, To, Value
0, 0, 0, 1576403550, 0xd7ff5a673b8c3396b38fc5cfbbf3630dc00459ca, 0x8427e26bffa966cf4ada8b00ad1f8f3324c087dd, 1000.0000000000001
0, 0, 0, 1576403662, 0x83053c32b7819f420dcfed2d218335fe430fe3b5, 0x8427e26bffa966cf4ada8b00ad1f8f3324c087dd, 0.0
0, 0, 0, 1576829084, 0x8427e26bffa966cf4ada8b00ad1f8f3324c087dd, 0xf8b781628af53646657ee6247131ea880e6f3336, 999.9995380000001
