, TxHash, BlockHeight, TimesStamp, From, To, Value
0, 0, 0, 1575725568, 0x52c2e3a608f7e6f32a829b017788c24309dd33ce, 0x8449a23f31a90dccce954218e79ba160b5ed3f37, 10.000798000000001
0, 0, 0, 1575725610, 0x8449a23f31a90dccce954218e79ba160b5ed3f37, 0x1cb620d10559cbcc5083e783b01f07481c043b74, 10.000399000000002
0, 0, 0, 1575725803, 0x83053c32b7819f420dcfed2d218335fe430fe3b5, 0x8449a23f31a90dccce954218e79ba160b5ed3f37, 0.0
