, TxHash, BlockHeight, TimesStamp, From, To, Value
0, 0, 0, 1575333980, 0x53186601306500c58ed68e4c60b4c7180a62f88f, 0x855f22809df5f5222d70f8df47369462c555db0d, 692.2380628406172
0, 0, 0, 1575425842, 0x855f22809df5f5222d70f8df47369462c555db0d, 0xe68325da464279655cb948d9bcf02df6a7283994, 100.00000000000001
0, 0, 0, 1575431244, 0x855f22809df5f5222d70f8df47369462c555db0d, 0xe68325da464279655cb948d9bcf02df6a7283994, 390.0
0, 0, 0, 1575431320, 0x855f22809df5f5222d70f8df47369462c555db0d, 0xe68325da464279655cb948d9bcf02df6a7283994, 200.00000000000003
0, 0, 0, 1575465771, 0x83053c32b7819f420dcfed2d218335fe430fe3b5, 0x855f22809df5f5222d70f8df47369462c555db0d, 0.0
0, 0, 0, 1575623871, 0x855f22809df5f5222d70f8df47369462c555db0d, 0x3a16faf01f9146a5205e03b54ad9f3146f597be5, 2.0
0, 0, 0, 1575626987, 0x3a16faf01f9146a5205e03b54ad9f3146f597be5, 0x855f22809df5f5222d70f8df47369462c555db0d, 0.10022621100000001
0, 0, 0, 1576809073, 0x855f22809df5f5222d70f8df47369462c555db0d, 0x7cf95087195e1f4ddb66ef7da1d01fb40684cbdd, 0.3363570516171589
