, TxHash, BlockHeight, TimesStamp, From, To, Value
0, 0, 0, 1575706120, 0x52c2e3a608f7e6f32a829b017788c24309dd33ce, 0x85423c38013f540cadc7fc15cd9a53bfe3116358, 40.000546
0, 0, 0, 1575706121, 0x85423c38013f540cadc7fc15cd9a53bfe3116358, 0xc3042ad20d3a2878d521b1754316f87674108486, 40.000273
0, 0, 0, 1575706935, 0x83053c32b7819f420dcfed2d218335fe430fe3b5, 0x85423c38013f540cadc7fc15cd9a53bfe3116358, 0.0
