, TxHash, BlockHeight, TimesStamp, From, To, Value
0, 0, 0, 1575675682, 0x541f5c20e1504bf749ea65328fb4fdda5cc3e6b9, 0x864597bcdc9da7a047ad196206b967ebd84db905, 30.000588
0, 0, 0, 1575675692, 0x864597bcdc9da7a047ad196206b967ebd84db905, 0x3c3a588b9da6ec149ee24ffc435410375ad6f53d, 30.000294000000004
0, 0, 0, 1575675734, 0x83053c32b7819f420dcfed2d218335fe430fe3b5, 0x864597bcdc9da7a047ad196206b967ebd84db905, 0.0
