, TxHash, BlockHeight, TimesStamp, From, To, Value
0, 0, 0, 1575703333, 0x52c2e3a608f7e6f32a829b017788c24309dd33ce, 0x86ee5e4e33f41de1b884eaf69283e6e3e9c763c8, 20.000504000000003
0, 0, 0, 1575703404, 0x86ee5e4e33f41de1b884eaf69283e6e3e9c763c8, 0xdda3f58f5a2dbdf791dee3e70f08319811e878dd, 20.000252
0, 0, 0, 1575703485, 0x83053c32b7819f420dcfed2d218335fe430fe3b5, 0x86ee5e4e33f41de1b884eaf69283e6e3e9c763c8, 0.0
