, TxHash, BlockHeight, TimesStamp, From, To, Value
0, 0, 0, 1576248734, 0xa539f7d620571492fa639d4c54f5030030190a80, 0x8651bf958c46ff9cb7c49cd62099ab2b7fff9328, 1004.9991390000001
0, 0, 0, 1576248767, 0x83053c32b7819f420dcfed2d218335fe430fe3b5, 0x8651bf958c46ff9cb7c49cd62099ab2b7fff9328, 0.0
0, 0, 0, 1576248871, 0x8651bf958c46ff9cb7c49cd62099ab2b7fff9328, 0x5e16cc64e7e86324bb20630b3fb1f111da00934f, 5.0
0, 0, 0, 1576249958, 0x27e6b7a248ac8f2321f1dd29695aaf38b07e9c1c, 0x8651bf958c46ff9cb7c49cd62099ab2b7fff9328, 1000.0000000000001
0, 0, 0, 1576250067, 0x8651bf958c46ff9cb7c49cd62099ab2b7fff9328, 0xb4f1750d09825e7075d500806256c21165251e86, 1000.0000000000001
0, 0, 0, 1576250930, 0x1f4bc9444445c629c6bb496b76c87c552e6f6e46, 0x8651bf958c46ff9cb7c49cd62099ab2b7fff9328, 10000.0
0, 0, 0, 1576283281, 0x8651bf958c46ff9cb7c49cd62099ab2b7fff9328, 0x21dfc99a0fcc62ddc220be6a98518718fd85f46a, 5.0
0, 0, 0, 1576283603, 0x8651bf958c46ff9cb7c49cd62099ab2b7fff9328, 0x21dfc99a0fcc62ddc220be6a98518718fd85f46a, 50.00000000000001
0, 0, 0, 1576285443, 0x8651bf958c46ff9cb7c49cd62099ab2b7fff9328, 0x64665453ec2deb481a0171da7ad83ab280625f6a, 10.0
0, 0, 0, 1576288597, 0x8651bf958c46ff9cb7c49cd62099ab2b7fff9328, 0x64665453ec2deb481a0171da7ad83ab280625f6a, 10.0
0, 0, 0, 1576340234, 0x8651bf958c46ff9cb7c49cd62099ab2b7fff9328, 0x2d108740a7839bc0d62cb61cce2205a32a56fd38, 2000.5
0, 0, 0, 1576349192, 0x8651bf958c46ff9cb7c49cd62099ab2b7fff9328, 0x2d108740a7839bc0d62cb61cce2205a32a56fd38, 50.00000000000001
0, 0, 0, 1576354684, 0x8651bf958c46ff9cb7c49cd62099ab2b7fff9328, 0x2d108740a7839bc0d62cb61cce2205a32a56fd38, 500.00000000000006
0, 0, 0, 1576441183, 0x8651bf958c46ff9cb7c49cd62099ab2b7fff9328, 0xcb07317383bb229aa9411003b50ffc2d541d9df3, 1000.0000000000001
0, 0, 0, 1576473603, 0x8651bf958c46ff9cb7c49cd62099ab2b7fff9328, 0xcb07317383bb229aa9411003b50ffc2d541d9df3, 1000.0000000000001
0, 0, 0, 1576489488, 0x8651bf958c46ff9cb7c49cd62099ab2b7fff9328, 0xc7e61a2d83710c740105017579e0b7cb2438b6df, 3883.0000000000005
0, 0, 0, 1576552078, 0x8651bf958c46ff9cb7c49cd62099ab2b7fff9328, 0x8a44de8a80eb8f06762f5a4e538358490a1655be, 2491.4971209
