, TxHash, BlockHeight, TimesStamp, From, To, Value
0, 0, 0, 1575448689, 0x9409d7ea71294fc5561e5fdd47d4a9f5993948c5, 0x86ba4702a66abebc3f7286ffbebe4d1be8f2d3fe, 1001.0000000000001
0, 0, 0, 1575448783, 0x9409d7ea71294fc5561e5fdd47d4a9f5993948c5, 0x86ba4702a66abebc3f7286ffbebe4d1be8f2d3fe, 10000.0
0, 0, 0, 1575465673, 0x83053c32b7819f420dcfed2d218335fe430fe3b5, 0x86ba4702a66abebc3f7286ffbebe4d1be8f2d3fe, 0.0
0, 0, 0, 1576552920, 0x86ba4702a66abebc3f7286ffbebe4d1be8f2d3fe, 0x8adc5941b9bffd4a62ce442fff1ee079fe565f5c, 5005.0
0, 0, 0, 1577087752, 0x86ba4702a66abebc3f7286ffbebe4d1be8f2d3fe, 0x987f8cfb36086c78becc03e4e3369c69e195d476, 2000.0000000000002
0, 0, 0, 1577607811, 0x51a2176a38db9e5ebdecadd2b6142d13f2382c86, 0x86ba4702a66abebc3f7286ffbebe4d1be8f2d3fe, 0.001
0, 0, 0, 1577617317, 0xd1bfd64896ff02e8e33123ed1575d7d1efa6cb42, 0x86ba4702a66abebc3f7286ffbebe4d1be8f2d3fe, 0.001
0, 0, 0, 1577673620, 0xd1bfd64896ff02e8e33123ed1575d7d1efa6cb42, 0x86ba4702a66abebc3f7286ffbebe4d1be8f2d3fe, 0.001
0, 0, 0, 1577866794, 0xd1bfd64896ff02e8e33123ed1575d7d1efa6cb42, 0x86ba4702a66abebc3f7286ffbebe4d1be8f2d3fe, 0.001
0, 0, 0, 1577961446, 0xd1bfd64896ff02e8e33123ed1575d7d1efa6cb42, 0x86ba4702a66abebc3f7286ffbebe4d1be8f2d3fe, 0.001
0, 0, 0, 1578062823, 0xd1bfd64896ff02e8e33123ed1575d7d1efa6cb42, 0x86ba4702a66abebc3f7286ffbebe4d1be8f2d3fe, 0.0001
0, 0, 0, 1578149167, 0xd1bfd64896ff02e8e33123ed1575d7d1efa6cb42, 0x86ba4702a66abebc3f7286ffbebe4d1be8f2d3fe, 0.0001
0, 0, 0, 1578715281, 0x86ba4702a66abebc3f7286ffbebe4d1be8f2d3fe, 0x0a0282fc1c74eb5a094b5bb43530320a0fd26206, 3996.0038980000004
