, TxHash, BlockHeight, TimesStamp, From, To, Value
0, 0, 0, 1575708989, 0x52c2e3a608f7e6f32a829b017788c24309dd33ce, 0x866de6295df5e3ccb1fcc1f4723a949c64fd4466, 50.00054600000001
0, 0, 0, 1575709025, 0x866de6295df5e3ccb1fcc1f4723a949c64fd4466, 0x8725602845606742060777cfebd318511af785d8, 50.000273
0, 0, 0, 1575709081, 0x83053c32b7819f420dcfed2d218335fe430fe3b5, 0x866de6295df5e3ccb1fcc1f4723a949c64fd4466, 0.0
