, TxHash, BlockHeight, TimesStamp, From, To, Value
0, 0, 0, 1575705949, 0x52c2e3a608f7e6f32a829b017788c24309dd33ce, 0x87e2245ae6652f96d0661dd9d4ed3c13700c9b28, 5.000714
0, 0, 0, 1575705991, 0x87e2245ae6652f96d0661dd9d4ed3c13700c9b28, 0x736741131835cd1f3dd62bffe81da574ca635f4e, 5.000357
0, 0, 0, 1575706107, 0x83053c32b7819f420dcfed2d218335fe430fe3b5, 0x87e2245ae6652f96d0661dd9d4ed3c13700c9b28, 0.0
