, TxHash, BlockHeight, TimesStamp, From, To, Value
0, 0, 0, 1575709025, 0x866de6295df5e3ccb1fcc1f4723a949c64fd4466, 0x8725602845606742060777cfebd318511af785d8, 50.000273
0, 0, 0, 1575709039, 0x8725602845606742060777cfebd318511af785d8, 0xab1facf1c14585c1918506a4f36a8707df77e555, 50.00000000000001
0, 0, 0, 1575709081, 0x83053c32b7819f420dcfed2d218335fe430fe3b5, 0x8725602845606742060777cfebd318511af785d8, 0.0
