, TxHash, BlockHeight, TimesStamp, From, To, Value
0, 0, 0, 1575662364, 0x541f5c20e1504bf749ea65328fb4fdda5cc3e6b9, 0x882065de69cc91157a563ace85318f9661e8aa86, 20.000504000000003
0, 0, 0, 1575662383, 0x83053c32b7819f420dcfed2d218335fe430fe3b5, 0x882065de69cc91157a563ace85318f9661e8aa86, 0.0
0, 0, 0, 1575662383, 0x882065de69cc91157a563ace85318f9661e8aa86, 0x99bd43152fd4fd3f595762d55a8e1bb687e6692c, 20.000252
