, TxHash, BlockHeight, TimesStamp, From, To, Value
0, 0, 0, 1576224799, 0xd2b5383854cf2fcdb75bfc5b280defbf5121c1d1, 0x899fd66c52a09ef6fb6d10549b08e030a4e366ad, 1000.0000000000001
0, 0, 0, 1576224832, 0x83053c32b7819f420dcfed2d218335fe430fe3b5, 0x899fd66c52a09ef6fb6d10549b08e030a4e366ad, 0.0
0, 0, 0, 1576228911, 0xd2b5383854cf2fcdb75bfc5b280defbf5121c1d1, 0x899fd66c52a09ef6fb6d10549b08e030a4e366ad, 1.0
0, 0, 0, 1576238214, 0x899fd66c52a09ef6fb6d10549b08e030a4e366ad, 0xea8aa4458c39265f1427fe1231534c419a7ebdfc, 500.00000000000006
0, 0, 0, 1576252748, 0x899fd66c52a09ef6fb6d10549b08e030a4e366ad, 0x1e2f4e5753ad6a67a2cdbb6f2c8d60f006eea0f1, 500.00000000000006
0, 0, 0, 1576253452, 0x899fd66c52a09ef6fb6d10549b08e030a4e366ad, 0xd2b5383854cf2fcdb75bfc5b280defbf5121c1d1, 0.998719
