, TxHash, BlockHeight, TimesStamp, From, To, Value
0, 0, 0, 1575651241, 0x541f5c20e1504bf749ea65328fb4fdda5cc3e6b9, 0x89f307e79cb0a61e4bca8c555694614d3b578ce1, 10.000672000000002
0, 0, 0, 1575651304, 0x83053c32b7819f420dcfed2d218335fe430fe3b5, 0x89f307e79cb0a61e4bca8c555694614d3b578ce1, 0.0
0, 0, 0, 1575651304, 0x89f307e79cb0a61e4bca8c555694614d3b578ce1, 0xa45dee0ebae8ff437d898c26fc245c688d9d2487, 10.000336
