, TxHash, BlockHeight, TimesStamp, From, To, Value
0, 0, 0, 1575527850, 0x2b61f5e26260ef2fbe4cf3f6df5bc46dc491e788, 0x89ae7523b73060cece4e28e03ad898a97e3557e3, 16.113904
0, 0, 0, 1575527892, 0x83053c32b7819f420dcfed2d218335fe430fe3b5, 0x89ae7523b73060cece4e28e03ad898a97e3557e3, 0.0
0, 0, 0, 1575527892, 0x89ae7523b73060cece4e28e03ad898a97e3557e3, 0x451893b8d51384166d0f5ecf52f89f5c3071299c, 16.11361
