, TxHash, BlockHeight, TimesStamp, From, To, Value
0, 0, 0, 1575654079, 0x541f5c20e1504bf749ea65328fb4fdda5cc3e6b9, 0x8afea41196fdd321cda73bfaac4e8c3d657a7eee, 15.000798000000001
0, 0, 0, 1575654091, 0x83053c32b7819f420dcfed2d218335fe430fe3b5, 0x8afea41196fdd321cda73bfaac4e8c3d657a7eee, 0.0
0, 0, 0, 1575654091, 0x8afea41196fdd321cda73bfaac4e8c3d657a7eee, 0x2a0a0e256a86e92e4159155d75ea6211c4fc1f6d, 15.000399000000002
