, TxHash, BlockHeight, TimesStamp, From, To, Value
0, 0, 0, 1575633987, 0x541f5c20e1504bf749ea65328fb4fdda5cc3e6b9, 0x8af9f9c100d128d857d2b50b15492e7c3b8f2adc, 15.000504000000001
0, 0, 0, 1575634011, 0x8af9f9c100d128d857d2b50b15492e7c3b8f2adc, 0x556d09d087976ab9631f5abe95b5549a1077673a, 15.000252000000001
0, 0, 0, 1575634088, 0x83053c32b7819f420dcfed2d218335fe430fe3b5, 0x8af9f9c100d128d857d2b50b15492e7c3b8f2adc, 0.0
