, TxHash, BlockHeight, TimesStamp, From, To, Value
0, 0, 0, 1575659301, 0x541f5c20e1504bf749ea65328fb4fdda5cc3e6b9, 0x8af2a1331d6a252181e40bc7e342f8883bc73b2c, 20.000966000000002
0, 0, 0, 1575659319, 0x8af2a1331d6a252181e40bc7e342f8883bc73b2c, 0x973e3a4f164d45733a8e1089e9b9cc4c964d7abf, 20.000483000000003
0, 0, 0, 1575659491, 0x83053c32b7819f420dcfed2d218335fe430fe3b5, 0x8af2a1331d6a252181e40bc7e342f8883bc73b2c, 0.0
