, TxHash, BlockHeight, TimesStamp, From, To, Value
0, 0, 0, 1576948323, 0x5f73016b556290b7a7ea6e72fa0d808bb9f2ea0e, 0x8abf6a55b742574b592ff25f2f201b7c1a456a51, 500.0004410000001
0, 0, 0, 1576948372, 0x83053c32b7819f420dcfed2d218335fe430fe3b5, 0x8abf6a55b742574b592ff25f2f201b7c1a456a51, 0.0
0, 0, 0, 1576948372, 0x8abf6a55b742574b592ff25f2f201b7c1a456a51, 0x84f4bcc4e841afdfde7899662f8bbd7d6a71c112, 500.00000000000006
