, TxHash, BlockHeight, TimesStamp, From, To, Value
0, 0, 0, 1575680522, 0xc830f89e324e9c1ab59890541a9f4970c19dccd9, 0x8a683d41bcf23fd1e326cd4a19a024e7224da208, 15.000420000000002
0, 0, 0, 1575680529, 0x8a683d41bcf23fd1e326cd4a19a024e7224da208, 0x69889d755aa7be685d253bf98ae42d6d1f0dc341, 15.000000000000002
0, 0, 0, 1575680823, 0x83053c32b7819f420dcfed2d218335fe430fe3b5, 0x8a683d41bcf23fd1e326cd4a19a024e7224da208, 0.0
