, TxHash, BlockHeight, TimesStamp, From, To, Value
0, 0, 0, 1576305672, 0xddb6a9073b1b63cef502aa94f9f3293676fe5fd6, 0x8a30e409cf90ffa37ea8ac1cf4d4a64de4476268, 500.00000000000006
0, 0, 0, 1576305721, 0x83053c32b7819f420dcfed2d218335fe430fe3b5, 0x8a30e409cf90ffa37ea8ac1cf4d4a64de4476268, 0.0
0, 0, 0, 1576305721, 0x8a30e409cf90ffa37ea8ac1cf4d4a64de4476268, 0xe948b951aee94aaa24ec9e8182a374feffca7706, 20.0
0, 0, 0, 1576306359, 0x8a30e409cf90ffa37ea8ac1cf4d4a64de4476268, 0xe948b951aee94aaa24ec9e8182a374feffca7706, 25.000000000000004
0, 0, 0, 1576307138, 0x8a30e409cf90ffa37ea8ac1cf4d4a64de4476268, 0xe948b951aee94aaa24ec9e8182a374feffca7706, 30.000000000000004
0, 0, 0, 1576307734, 0x8a30e409cf90ffa37ea8ac1cf4d4a64de4476268, 0xe948b951aee94aaa24ec9e8182a374feffca7706, 30.000000000000004
0, 0, 0, 1576308384, 0x8a30e409cf90ffa37ea8ac1cf4d4a64de4476268, 0xe948b951aee94aaa24ec9e8182a374feffca7706, 30.000000000000004
0, 0, 0, 1576309078, 0xc122aa7fd42a842f114e526b6c89ca7e26813ca7, 0x8a30e409cf90ffa37ea8ac1cf4d4a64de4476268, 0.001
0, 0, 0, 1576309151, 0x8a30e409cf90ffa37ea8ac1cf4d4a64de4476268, 0xe948b951aee94aaa24ec9e8182a374feffca7706, 30.000000000000004
0, 0, 0, 1576309435, 0x8a30e409cf90ffa37ea8ac1cf4d4a64de4476268, 0xd1e92364569d797c44f5be372b9ccd0adc164da8, 334.99806000000007
