, TxHash, BlockHeight, TimesStamp, From, To, Value
0, 0, 0, 1575528328, 0xcfb140774bb6dba3480619feffc05d9020503e35, 0x8ad8717f20169df861ee8c30f6d6a410a3e48797, 10.0
0, 0, 0, 1575528393, 0x83053c32b7819f420dcfed2d218335fe430fe3b5, 0x8ad8717f20169df861ee8c30f6d6a410a3e48797, 0.0
0, 0, 0, 1576533790, 0x8ad8717f20169df861ee8c30f6d6a410a3e48797, 0x769f4c2e16aa01b653e1f07f48a343b05a80a4b1, 5.396625640551561
0, 0, 0, 1576740411, 0x8ad8717f20169df861ee8c30f6d6a410a3e48797, 0xb0eda0a705de7760d6d6b050da4027bb2e39402e, 3.0387173589392082
0, 0, 0, 1577130655, 0x8ad8717f20169df861ee8c30f6d6a410a3e48797, 0x81cf3dc29a655d91877a5de5acd58aa6f5bb0232, 1.4688758858951532
0, 0, 0, 1579255157, 0x8ad8717f20169df861ee8c30f6d6a410a3e48797, 0xbf21232d01f70e4dd58e46a7aa26773e8083d708, 0.09528446461407747
