, TxHash, BlockHeight, TimesStamp, From, To, Value
0, 0, 0, 1576552078, 0x8651bf958c46ff9cb7c49cd62099ab2b7fff9328, 0x8a44de8a80eb8f06762f5a4e538358490a1655be, 2491.4971209
0, 0, 0, 1576552103, 0x83053c32b7819f420dcfed2d218335fe430fe3b5, 0x8a44de8a80eb8f06762f5a4e538358490a1655be, 0.0
0, 0, 0, 1576552179, 0xdd0901caf66fc20c090f497bc0c4963581b5a91e, 0x8a44de8a80eb8f06762f5a4e538358490a1655be, 115.63170000000001
0, 0, 0, 1576552363, 0x8a44de8a80eb8f06762f5a4e538358490a1655be, 0x6ffd3b16c6fb35b5137f525d4857d6529985f392, 2607.1286319000005
