, TxHash, BlockHeight, TimesStamp, From, To, Value
0, 0, 0, 1575367832, 0x9409d7ea71294fc5561e5fdd47d4a9f5993948c5, 0x8b1b315c76ae6eb0601e816afdf038b48d72728f, 1001.0000000000001
0, 0, 0, 1575367867, 0x9409d7ea71294fc5561e5fdd47d4a9f5993948c5, 0x8b1b315c76ae6eb0601e816afdf038b48d72728f, 10000.0
0, 0, 0, 1575465691, 0x83053c32b7819f420dcfed2d218335fe430fe3b5, 0x8b1b315c76ae6eb0601e816afdf038b48d72728f, 0.0
0, 0, 0, 1576508491, 0x8b1b315c76ae6eb0601e816afdf038b48d72728f, 0xa4b78b0a18d523fda973a2e540d7880da4cc7b1e, 5005.0
0, 0, 0, 1577607811, 0x51a2176a38db9e5ebdecadd2b6142d13f2382c86, 0x8b1b315c76ae6eb0601e816afdf038b48d72728f, 0.001
0, 0, 0, 1577617254, 0xd1bfd64896ff02e8e33123ed1575d7d1efa6cb42, 0x8b1b315c76ae6eb0601e816afdf038b48d72728f, 0.001
0, 0, 0, 1577673476, 0xd1bfd64896ff02e8e33123ed1575d7d1efa6cb42, 0x8b1b315c76ae6eb0601e816afdf038b48d72728f, 0.001
0, 0, 0, 1577866684, 0xd1bfd64896ff02e8e33123ed1575d7d1efa6cb42, 0x8b1b315c76ae6eb0601e816afdf038b48d72728f, 0.001
0, 0, 0, 1577961437, 0xd1bfd64896ff02e8e33123ed1575d7d1efa6cb42, 0x8b1b315c76ae6eb0601e816afdf038b48d72728f, 0.001
0, 0, 0, 1578062771, 0xd1bfd64896ff02e8e33123ed1575d7d1efa6cb42, 0x8b1b315c76ae6eb0601e816afdf038b48d72728f, 0.0001
0, 0, 0, 1578149116, 0xd1bfd64896ff02e8e33123ed1575d7d1efa6cb42, 0x8b1b315c76ae6eb0601e816afdf038b48d72728f, 0.0001
0, 0, 0, 1578318677, 0xa4b78b0a18d523fda973a2e540d7880da4cc7b1e, 0x8b1b315c76ae6eb0601e816afdf038b48d72728f, 5.003877
0, 0, 0, 1578387883, 0x8b1b315c76ae6eb0601e816afdf038b48d72728f, 0x1b1685f173a09785e5e74028db39a68c1ca6eb56, 200.00000000000003
0, 0, 0, 1578390837, 0x8b1b315c76ae6eb0601e816afdf038b48d72728f, 0x1b1685f173a09785e5e74028db39a68c1ca6eb56, 2000.0000000000002
0, 0, 0, 1578648284, 0x8b1b315c76ae6eb0601e816afdf038b48d72728f, 0x1b1685f173a09785e5e74028db39a68c1ca6eb56, 3801.0074180000006
