, TxHash, BlockHeight, TimesStamp, From, To, Value
0, 0, 0, 1575362031, 0xdfe60534291bb4a3b308b7c31684cec69d3cde05, 0x8d81f9f4b86df7c643a94bb90e73c6067bdb6c6e, 15.000000000000002
0, 0, 0, 1575465691, 0x83053c32b7819f420dcfed2d218335fe430fe3b5, 0x8d81f9f4b86df7c643a94bb90e73c6067bdb6c6e, 0.0
0, 0, 0, 1575537812, 0x8d81f9f4b86df7c643a94bb90e73c6067bdb6c6e, 0xbce84011f50a3f4ba1dae522b918ad21794d236a, 14.686925
