, TxHash, BlockHeight, TimesStamp, From, To, Value
0, 0, 0, 1575635202, 0x541f5c20e1504bf749ea65328fb4fdda5cc3e6b9, 0x8d5d3ebfefd331df5e29dd734a7d8dd501ef0572, 15.000756
0, 0, 0, 1575635227, 0x8d5d3ebfefd331df5e29dd734a7d8dd501ef0572, 0xefcca3809e4bd6ddd4dfd4035cca78c49d1847ea, 15.000378000000001
0, 0, 0, 1575635237, 0x83053c32b7819f420dcfed2d218335fe430fe3b5, 0x8d5d3ebfefd331df5e29dd734a7d8dd501ef0572, 0.0
