, TxHash, BlockHeight, TimesStamp, From, To, Value
0, 0, 0, 1575679329, 0x1c58db35b5e725e9e511725d774393ddbb327ae0, 0x8dc15b781c3f3a6d344a63c629c17b07aff32cfb, 15.000315
0, 0, 0, 1575679396, 0x8dc15b781c3f3a6d344a63c629c17b07aff32cfb, 0x03b06736f7bbace341a25e19eb758efdb77c0395, 15.000000000000002
0, 0, 0, 1575679421, 0x83053c32b7819f420dcfed2d218335fe430fe3b5, 0x8dc15b781c3f3a6d344a63c629c17b07aff32cfb, 0.0
