, TxHash, BlockHeight, TimesStamp, From, To, Value
0, 0, 0, 1575367163, 0x2b61f5e26260ef2fbe4cf3f6df5bc46dc491e788, 0x8eb5324c78254b8b3789be919ce9d255afb0e9aa, 5.0
0, 0, 0, 1575368738, 0x8eb5324c78254b8b3789be919ce9d255afb0e9aa, 0x5038570bd2b758236fc879ecd3f16e04d0c66063, 4.8990747148792115
0, 0, 0, 1575458561, 0x8eb5324c78254b8b3789be919ce9d255afb0e9aa, 0x6c98934154de6ef38ab20c57bc90f8624b484f85, 0.08734569111696246
0, 0, 0, 1575464364, 0x8eb5324c78254b8b3789be919ce9d255afb0e9aa, 0xca6c4a5c7b4405a48b5617aff4ef2aa2696016b8, 0.0068674745752227455
0, 0, 0, 1575465691, 0x83053c32b7819f420dcfed2d218335fe430fe3b5, 0x8eb5324c78254b8b3789be919ce9d255afb0e9aa, 0.0
0, 0, 0, 1575497506, 0x8eb5324c78254b8b3789be919ce9d255afb0e9aa, 0x55c8596e0222ace6dad806ed906724c6802eda2b, 0.0057683691399302295
