, TxHash, BlockHeight, TimesStamp, From, To, Value
0, 0, 0, 1575472842, 0xeed2bb3aa8edbb357756432da0223b8f3226887f, 0x90c345c1184cd5b1bfee7d517fc48482cc045628, 1001.0000000000001
0, 0, 0, 1575472926, 0xeed2bb3aa8edbb357756432da0223b8f3226887f, 0x90c345c1184cd5b1bfee7d517fc48482cc045628, 10000.0
0, 0, 0, 1575474390, 0x83053c32b7819f420dcfed2d218335fe430fe3b5, 0x90c345c1184cd5b1bfee7d517fc48482cc045628, 0.0
0, 0, 0, 1577607951, 0x51a2176a38db9e5ebdecadd2b6142d13f2382c86, 0x90c345c1184cd5b1bfee7d517fc48482cc045628, 0.001
0, 0, 0, 1577617786, 0xd1bfd64896ff02e8e33123ed1575d7d1efa6cb42, 0x90c345c1184cd5b1bfee7d517fc48482cc045628, 0.001
0, 0, 0, 1577674159, 0xd1bfd64896ff02e8e33123ed1575d7d1efa6cb42, 0x90c345c1184cd5b1bfee7d517fc48482cc045628, 0.001
0, 0, 0, 1577869029, 0xd1bfd64896ff02e8e33123ed1575d7d1efa6cb42, 0x90c345c1184cd5b1bfee7d517fc48482cc045628, 0.001
0, 0, 0, 1577961976, 0xd1bfd64896ff02e8e33123ed1575d7d1efa6cb42, 0x90c345c1184cd5b1bfee7d517fc48482cc045628, 0.001
0, 0, 0, 1578063125, 0xd1bfd64896ff02e8e33123ed1575d7d1efa6cb42, 0x90c345c1184cd5b1bfee7d517fc48482cc045628, 0.0001
0, 0, 0, 1578149462, 0xd1bfd64896ff02e8e33123ed1575d7d1efa6cb42, 0x90c345c1184cd5b1bfee7d517fc48482cc045628, 0.0001
0, 0, 0, 1589371151, 0x90c345c1184cd5b1bfee7d517fc48482cc045628, 0xc8b8adf196ee29fc6c4f28b416eb331daee40060, 450.00000000000006
0, 0, 0, 1589469507, 0x90c345c1184cd5b1bfee7d517fc48482cc045628, 0xc8b8adf196ee29fc6c4f28b416eb331daee40060, 3000.0
0, 0, 0, 1589528479, 0x90c345c1184cd5b1bfee7d517fc48482cc045628, 0xc8b8adf196ee29fc6c4f28b416eb331daee40060, 5000.0
0, 0, 0, 1589537020, 0x90c345c1184cd5b1bfee7d517fc48482cc045628, 0xc8b8adf196ee29fc6c4f28b416eb331daee40060, 2500.0
0, 0, 0, 1614845359, 0x90c345c1184cd5b1bfee7d517fc48482cc045628, 0x5a88a3ad66234861621e983a498948ffe6641857, 50.99785000000001
