, TxHash, BlockHeight, TimesStamp, From, To, Value
0, 0, 0, 1575658864, 0x541f5c20e1504bf749ea65328fb4fdda5cc3e6b9, 0x921bfad1afd4f198b0d8f98cadee277e6836c1ae, 20.000672
0, 0, 0, 1575658897, 0x83053c32b7819f420dcfed2d218335fe430fe3b5, 0x921bfad1afd4f198b0d8f98cadee277e6836c1ae, 0.0
0, 0, 0, 1575658897, 0x921bfad1afd4f198b0d8f98cadee277e6836c1ae, 0xd9e27af4d2d620c06b9e9e2174867b7700963ce5, 20.000336
