, TxHash, BlockHeight, TimesStamp, From, To, Value
0, 0, 0, 1575662060, 0x541f5c20e1504bf749ea65328fb4fdda5cc3e6b9, 0x9282ca4d63609d90e9ed40f0b0988a781b2ae33b, 20.000756000000003
0, 0, 0, 1575662109, 0x9282ca4d63609d90e9ed40f0b0988a781b2ae33b, 0x44417f797acbbc010f9563f6725eb78be259e53a, 20.000378
0, 0, 0, 1575662202, 0x83053c32b7819f420dcfed2d218335fe430fe3b5, 0x9282ca4d63609d90e9ed40f0b0988a781b2ae33b, 0.0
