, TxHash, BlockHeight, TimesStamp, From, To, Value
0, 0, 0, 1578154584, 0x1195a388ad15e792b0c8d1c4d0c81827cb3d9682, 0x934e1ba940c28969f4902786fa2d540b618715db, 201.00000000000003
0, 0, 0, 1578154595, 0x83053c32b7819f420dcfed2d218335fe430fe3b5, 0x934e1ba940c28969f4902786fa2d540b618715db, 0.0
0, 0, 0, 1578154694, 0x934e1ba940c28969f4902786fa2d540b618715db, 0xa2c70f94dcac0759b0691054f6147bb5834c8023, 100.00046200000001
0, 0, 0, 1578154825, 0x1195a388ad15e792b0c8d1c4d0c81827cb3d9682, 0x934e1ba940c28969f4902786fa2d540b618715db, 201.00000000000003
0, 0, 0, 1578154876, 0x934e1ba940c28969f4902786fa2d540b618715db, 0x7fadb00c6405bd8a09486d24d2861ac604a96df2, 300.00037800000007
0, 0, 0, 1578155180, 0x1195a388ad15e792b0c8d1c4d0c81827cb3d9682, 0x934e1ba940c28969f4902786fa2d540b618715db, 5000.0
0, 0, 0, 1578155302, 0x934e1ba940c28969f4902786fa2d540b618715db, 0x7fe73d8036a232ecc56bda1e89f0beea1c90693c, 3000.0002940000004
0, 0, 0, 1578158226, 0x934e1ba940c28969f4902786fa2d540b618715db, 0x4af1f00c45a4ff5434c2457b6f2a29273c00547f, 2001.9974170000003
0, 0, 0, 1578232412, 0x1195a388ad15e792b0c8d1c4d0c81827cb3d9682, 0x934e1ba940c28969f4902786fa2d540b618715db, 5000.0
0, 0, 0, 1578232496, 0x934e1ba940c28969f4902786fa2d540b618715db, 0x3ddfd1e1770ccf485356a30d5964c46176773507, 4999.999748
