, TxHash, BlockHeight, TimesStamp, From, To, Value
0, 0, 0, 1577169131, 0xc15b4810ec213787a336f40166468d51f5b37547, 0x93b6b0446cc2435fc6111e138a60ee758e11ba2e, 1000.000924
0, 0, 0, 1577169161, 0x83053c32b7819f420dcfed2d218335fe430fe3b5, 0x93b6b0446cc2435fc6111e138a60ee758e11ba2e, 0.0
0, 0, 0, 1577169161, 0x93b6b0446cc2435fc6111e138a60ee758e11ba2e, 0xdbc9b79896ff32cc60dfd292e505fd41295fb3e0, 1000.000462
