, TxHash, BlockHeight, TimesStamp, From, To, Value
0, 0, 0, 1575624937, 0x2b6007ef815a557c1b50a808957046f58e0c96c8, 0x94a1c23b0e4bd0fe0b0d0f19d900a43b4a7d3420, 10.000756
0, 0, 0, 1575624940, 0x94a1c23b0e4bd0fe0b0d0f19d900a43b4a7d3420, 0xdbb168fd6547888e14030a5836dc44a4974b7bde, 10.000378000000001
0, 0, 0, 1575625053, 0x83053c32b7819f420dcfed2d218335fe430fe3b5, 0x94a1c23b0e4bd0fe0b0d0f19d900a43b4a7d3420, 0.0
