, TxHash, BlockHeight, TimesStamp, From, To, Value
0, 0, 0, 1576310376, 0xc0b420c5c47d1b6c594579c1103ac0ff6f73fc70, 0x947ff37f71df8556e49400170fdb9b6999ebde03, 1000.5000000000001
0, 0, 0, 1576310426, 0x83053c32b7819f420dcfed2d218335fe430fe3b5, 0x947ff37f71df8556e49400170fdb9b6999ebde03, 0.0
0, 0, 0, 1576316109, 0x947ff37f71df8556e49400170fdb9b6999ebde03, 0x4d95dd682959af169dc84405871c5b53e864560d, 1000.0000000000001
0, 0, 0, 1578315295, 0x947ff37f71df8556e49400170fdb9b6999ebde03, 0xc0b420c5c47d1b6c594579c1103ac0ff6f73fc70, 0.49922300000000003
