, TxHash, BlockHeight, TimesStamp, From, To, Value
0, 0, 0, 1575665354, 0x5f4484f6cca8071fead0b27c9e3a46348059c969, 0x9593a569764c1c48d1a43908f447edc194f2ad4e, 30.000357
0, 0, 0, 1575665357, 0x9593a569764c1c48d1a43908f447edc194f2ad4e, 0xab1facf1c14585c1918506a4f36a8707df77e555, 30.000000000000004
0, 0, 0, 1575665399, 0x83053c32b7819f420dcfed2d218335fe430fe3b5, 0x9593a569764c1c48d1a43908f447edc194f2ad4e, 0.0
