, TxHash, BlockHeight, TimesStamp, From, To, Value
0, 0, 0, 1576316907, 0x42aa399ce8052360e01d088eedfa4985a5fe3a2b, 0x95f1c03793ac5374deef7d909b6a9a92b110455f, 1000.5000000000001
0, 0, 0, 1576316975, 0x83053c32b7819f420dcfed2d218335fe430fe3b5, 0x95f1c03793ac5374deef7d909b6a9a92b110455f, 0.0
0, 0, 0, 1576552432, 0x95f1c03793ac5374deef7d909b6a9a92b110455f, 0xcac10e269df2225e6fb5b4ee096e09f47d5c62c9, 500.00000000000006
0, 0, 0, 1588831797, 0x95f1c03793ac5374deef7d909b6a9a92b110455f, 0x1437014677d1b273ef32d38b6e815a882ab8fb5b, 400.00000000000006
0, 0, 0, 1588832272, 0x95f1c03793ac5374deef7d909b6a9a92b110455f, 0x1437014677d1b273ef32d38b6e815a882ab8fb5b, 100.498908
