, TxHash, BlockHeight, TimesStamp, From, To, Value
0, 0, 0, 1575299164, 0xec58ad57e467ac3084676cee9122ee9e3e9d54f8, 0x963710e4e2bd42065e211140cdba1b5d172f30f4, 33.829394323410014
0, 0, 0, 1575299206, 0x963710e4e2bd42065e211140cdba1b5d172f30f4, 0x5d264badb648038bee6bc4e57882ee8e8463e404, 33.829016323410016
0, 0, 0, 1575465771, 0x83053c32b7819f420dcfed2d218335fe430fe3b5, 0x963710e4e2bd42065e211140cdba1b5d172f30f4, 0.0
