, TxHash, BlockHeight, TimesStamp, From, To, Value
0, 0, 0, 1575723538, 0x52c2e3a608f7e6f32a829b017788c24309dd33ce, 0x966ae1959f08f815e20e9624d23487c304f6749b, 1.000756
0, 0, 0, 1575723633, 0x83053c32b7819f420dcfed2d218335fe430fe3b5, 0x966ae1959f08f815e20e9624d23487c304f6749b, 0.0
0, 0, 0, 1575723633, 0x966ae1959f08f815e20e9624d23487c304f6749b, 0x3b1409d444642020d061e222c5523d9701284640, 1.000378
