, TxHash, BlockHeight, TimesStamp, From, To, Value
0, 0, 0, 1577101387, 0x987f8cfb36086c78becc03e4e3369c69e195d476, 0x969340fc458f44802be7159361874fef17cdd775, 3000.0013860000004
0, 0, 0, 1577101441, 0x83053c32b7819f420dcfed2d218335fe430fe3b5, 0x969340fc458f44802be7159361874fef17cdd775, 0.0
0, 0, 0, 1577101441, 0x969340fc458f44802be7159361874fef17cdd775, 0x5ddadd75e6b80f931046a14e9d40efc12a19aecd, 3000.0009240000004
