, TxHash, BlockHeight, TimesStamp, From, To, Value
0, 0, 0, 1578136736, 0xa317dab3553e987c79d098c6fcccf0f002f6e163, 0x971b5cd005f4cf001d21eb5e9c2ccc3f414810b6, 500.000294
0, 0, 0, 1578136778, 0x83053c32b7819f420dcfed2d218335fe430fe3b5, 0x971b5cd005f4cf001d21eb5e9c2ccc3f414810b6, 0.0
0, 0, 0, 1578136778, 0x971b5cd005f4cf001d21eb5e9c2ccc3f414810b6, 0x542724a5d04516cd1b14ee9a6f348c40cf8efd16, 500.00000000000006
