, TxHash, BlockHeight, TimesStamp, From, To, Value
0, 0, 0, 1575706479, 0xd7a1c15fcb970dd45d1af03ff2e7c6147dd6c2e2, 0x98ce766026174c0580e13ab1d98d939b99d9b3cc, 1000.0000000000001
0, 0, 0, 1575706935, 0x83053c32b7819f420dcfed2d218335fe430fe3b5, 0x98ce766026174c0580e13ab1d98d939b99d9b3cc, 0.0
0, 0, 0, 1575706935, 0x83053c32b7819f420dcfed2d218335fe430fe3b5, 0x98ce766026174c0580e13ab1d98d939b99d9b3cc, 0.0
0, 0, 0, 1575707121, 0x98ce766026174c0580e13ab1d98d939b99d9b3cc, 0xfff4431e9a460892d982c96ca3fdf70f07143e34, 100.00000000000001
0, 0, 0, 1575947595, 0x98ce766026174c0580e13ab1d98d939b99d9b3cc, 0x81eb924f4d6b5e1913ec163573faa4f90657451c, 500.00000000000006
0, 0, 0, 1575952687, 0x98ce766026174c0580e13ab1d98d939b99d9b3cc, 0x99c22e49844e994a3be5d26a6e04854f2ba40362, 300.0
0, 0, 0, 1575967949, 0xd7a1c15fcb970dd45d1af03ff2e7c6147dd6c2e2, 0x98ce766026174c0580e13ab1d98d939b99d9b3cc, 400.00000000000006
0, 0, 0, 1575968094, 0x98ce766026174c0580e13ab1d98d939b99d9b3cc, 0xfff4431e9a460892d982c96ca3fdf70f07143e34, 200.00000000000003
0, 0, 0, 1575971158, 0xd7a1c15fcb970dd45d1af03ff2e7c6147dd6c2e2, 0x98ce766026174c0580e13ab1d98d939b99d9b3cc, 197.994506
0, 0, 0, 1575977333, 0x98ce766026174c0580e13ab1d98d939b99d9b3cc, 0xfff4431e9a460892d982c96ca3fdf70f07143e34, 200.00000000000003
0, 0, 0, 1575979693, 0x98ce766026174c0580e13ab1d98d939b99d9b3cc, 0x99c22e49844e994a3be5d26a6e04854f2ba40362, 200.00000000000003
0, 0, 0, 1575980704, 0x98ce766026174c0580e13ab1d98d939b99d9b3cc, 0xfff4431e9a460892d982c96ca3fdf70f07143e34, 97.991692
