, TxHash, BlockHeight, TimesStamp, From, To, Value
0, 0, 0, 1575640334, 0xcaf4c35c59a99dbfa3ccba0e9c4e550ce2e6ab01, 0x98e443d113c63b14f82457aa3c63de52f8a91d3d, 15.000462
0, 0, 0, 1575640351, 0x98e443d113c63b14f82457aa3c63de52f8a91d3d, 0x55e5c96ca86b3bbd33e29c756c0785616fff6559, 15.000000000000002
0, 0, 0, 1575640431, 0x83053c32b7819f420dcfed2d218335fe430fe3b5, 0x98e443d113c63b14f82457aa3c63de52f8a91d3d, 0.0
