, TxHash, BlockHeight, TimesStamp, From, To, Value
0, 0, 0, 1576926300, 0xf3fe2154e7fc92e3e43dd3be39ca29d110a5c47d, 0x9927a5fd12d56d30a0ddb3e239e61fdd435a6457, 1499.998509
0, 0, 0, 1576926303, 0x83053c32b7819f420dcfed2d218335fe430fe3b5, 0x9927a5fd12d56d30a0ddb3e239e61fdd435a6457, 0.0
0, 0, 0, 1576926303, 0x9927a5fd12d56d30a0ddb3e239e61fdd435a6457, 0x809227a7c9ea294d3e4f2be82da12572e8156142, 1499.998089
