, TxHash, BlockHeight, TimesStamp, From, To, Value
0, 0, 0, 1575645175, 0xeed2bb3aa8edbb357756432da0223b8f3226887f, 0x99c1a0e9a0144ef625296e09a9b56d6078531854, 1001.0000000000001
0, 0, 0, 1575645451, 0x83053c32b7819f420dcfed2d218335fe430fe3b5, 0x99c1a0e9a0144ef625296e09a9b56d6078531854, 0.0
0, 0, 0, 1575645451, 0xeed2bb3aa8edbb357756432da0223b8f3226887f, 0x99c1a0e9a0144ef625296e09a9b56d6078531854, 10000.0
0, 0, 0, 1577608120, 0x51a2176a38db9e5ebdecadd2b6142d13f2382c86, 0x99c1a0e9a0144ef625296e09a9b56d6078531854, 0.001
0, 0, 0, 1577608149, 0x51a2176a38db9e5ebdecadd2b6142d13f2382c86, 0x99c1a0e9a0144ef625296e09a9b56d6078531854, 0.001
0, 0, 0, 1577618138, 0xd1bfd64896ff02e8e33123ed1575d7d1efa6cb42, 0x99c1a0e9a0144ef625296e09a9b56d6078531854, 0.001
0, 0, 0, 1577675321, 0xd1bfd64896ff02e8e33123ed1575d7d1efa6cb42, 0x99c1a0e9a0144ef625296e09a9b56d6078531854, 0.001
0, 0, 0, 1577871251, 0xd1bfd64896ff02e8e33123ed1575d7d1efa6cb42, 0x99c1a0e9a0144ef625296e09a9b56d6078531854, 0.001
0, 0, 0, 1577962970, 0xd1bfd64896ff02e8e33123ed1575d7d1efa6cb42, 0x99c1a0e9a0144ef625296e09a9b56d6078531854, 0.001
0, 0, 0, 1578065083, 0xd1bfd64896ff02e8e33123ed1575d7d1efa6cb42, 0x99c1a0e9a0144ef625296e09a9b56d6078531854, 0.0001
0, 0, 0, 1578149847, 0xd1bfd64896ff02e8e33123ed1575d7d1efa6cb42, 0x99c1a0e9a0144ef625296e09a9b56d6078531854, 0.0001
0, 0, 0, 1589372286, 0x99c1a0e9a0144ef625296e09a9b56d6078531854, 0x7a982aa463f8606470da31104b27bb08e4eb2669, 450.00000000000006
0, 0, 0, 1589469583, 0x99c1a0e9a0144ef625296e09a9b56d6078531854, 0x7a982aa463f8606470da31104b27bb08e4eb2669, 3000.0
0, 0, 0, 1589528479, 0x99c1a0e9a0144ef625296e09a9b56d6078531854, 0x7a982aa463f8606470da31104b27bb08e4eb2669, 4000.0000000000005
0, 0, 0, 1589537020, 0x99c1a0e9a0144ef625296e09a9b56d6078531854, 0x7a982aa463f8606470da31104b27bb08e4eb2669, 3500.0000000000005
0, 0, 0, 1614845359, 0x99c1a0e9a0144ef625296e09a9b56d6078531854, 0x5a88a3ad66234861621e983a498948ffe6641857, 50.998850000000004
