, TxHash, BlockHeight, TimesStamp, From, To, Value
0, 0, 0, 1575529049, 0x43cec25278867a5b4c8501aca93061cffaf2ea43, 0x9a7dc255df32a33fa768fed5871d5ab67548c704, 7.1120980000000005
0, 0, 0, 1575529051, 0x83053c32b7819f420dcfed2d218335fe430fe3b5, 0x9a7dc255df32a33fa768fed5871d5ab67548c704, 0.0
0, 0, 0, 1575529051, 0x9a7dc255df32a33fa768fed5871d5ab67548c704, 0x193bf69bf9e20b3ef08cc43264ed0184cfd80fea, 7.111762000000001
