, TxHash, BlockHeight, TimesStamp, From, To, Value
0, 0, 0, 1578149150, 0xc098fc492f85e81497eaec28dd47f8d0b8149fed, 0x9a7670856a99374c271f9b1e03c69bc9d878b6dd, 578.59153
0, 0, 0, 1578149167, 0x83053c32b7819f420dcfed2d218335fe430fe3b5, 0x9a7670856a99374c271f9b1e03c69bc9d878b6dd, 0.0
0, 0, 0, 1578149317, 0x9a7670856a99374c271f9b1e03c69bc9d878b6dd, 0x313e3bff872fbd49b99f48fcfe11e1513e0ce859, 578.581278
0, 0, 0, 1578149831, 0xc098fc492f85e81497eaec28dd47f8d0b8149fed, 0x9a7670856a99374c271f9b1e03c69bc9d878b6dd, 578.49614
0, 0, 0, 1578150111, 0x9a7670856a99374c271f9b1e03c69bc9d878b6dd, 0x313e3bff872fbd49b99f48fcfe11e1513e0ce859, 578.4958879999999
0, 0, 0, 1578150609, 0xc098fc492f85e81497eaec28dd47f8d0b8149fed, 0x9a7670856a99374c271f9b1e03c69bc9d878b6dd, 867.7919
0, 0, 0, 1578150886, 0x9a7670856a99374c271f9b1e03c69bc9d878b6dd, 0x313e3bff872fbd49b99f48fcfe11e1513e0ce859, 867.791648
