, TxHash, BlockHeight, TimesStamp, From, To, Value
0, 0, 0, 1575442980, 0xbe85ae91594f7d18f5b85e2a6c9ff9b369cbe51a, 0x9bb2d596447020e099322f25a9151911a2bf74bb, 0.99916
0, 0, 0, 1575443237, 0x8f4b2d313c332d4fe6f2c767715c80fb1c43dd3e, 0x9bb2d596447020e099322f25a9151911a2bf74bb, 98.9916
0, 0, 0, 1575443520, 0x9bb2d596447020e099322f25a9151911a2bf74bb, 0x230792ba1634cf6c79126485867a852b075d0760, 5.0
0, 0, 0, 1575447698, 0x9bb2d596447020e099322f25a9151911a2bf74bb, 0x04a8f7c634d2be0a7eeec8cc9153d1a214b4ff42, 50.00000000000001
0, 0, 0, 1575465691, 0x83053c32b7819f420dcfed2d218335fe430fe3b5, 0x9bb2d596447020e099322f25a9151911a2bf74bb, 0.0
0, 0, 0, 1575532752, 0xe9788439b1a493b36e5abfc49757060a985e02d0, 0x9bb2d596447020e099322f25a9151911a2bf74bb, 199.998929
0, 0, 0, 1575533074, 0x9bb2d596447020e099322f25a9151911a2bf74bb, 0x04a8f7c634d2be0a7eeec8cc9153d1a214b4ff42, 100.00000000000001
0, 0, 0, 1575538390, 0x9bb2d596447020e099322f25a9151911a2bf74bb, 0x04a8f7c634d2be0a7eeec8cc9153d1a214b4ff42, 100.00000000000001
0, 0, 0, 1575538924, 0x018ff67987ec311df3b61b5b544a1336571080ce, 0x9bb2d596447020e099322f25a9151911a2bf74bb, 399.99899200000004
0, 0, 0, 1575550268, 0x9bb2d596447020e099322f25a9151911a2bf74bb, 0x04a8f7c634d2be0a7eeec8cc9153d1a214b4ff42, 200.00000000000003
0, 0, 0, 1575555578, 0x9bb2d596447020e099322f25a9151911a2bf74bb, 0x04a8f7c634d2be0a7eeec8cc9153d1a214b4ff42, 200.00000000000003
0, 0, 0, 1575559319, 0x157d2cbfaebb54102a9a8f33dbac944f7f93512d, 0x9bb2d596447020e099322f25a9151911a2bf74bb, 499.99874
0, 0, 0, 1575559400, 0x9bb2d596447020e099322f25a9151911a2bf74bb, 0x04a8f7c634d2be0a7eeec8cc9153d1a214b4ff42, 300.0
0, 0, 0, 1575565377, 0x35db92b68e71f0c183257ce99f0e7c196813cabf, 0x9bb2d596447020e099322f25a9151911a2bf74bb, 305.7283529581282
0, 0, 0, 1575651705, 0x9bb2d596447020e099322f25a9151911a2bf74bb, 0x541f5c20e1504bf749ea65328fb4fdda5cc3e6b9, 200.00000000000003
0, 0, 0, 1575656086, 0x9bb2d596447020e099322f25a9151911a2bf74bb, 0x541f5c20e1504bf749ea65328fb4fdda5cc3e6b9, 300.0
0, 0, 0, 1575660117, 0x9bb2d596447020e099322f25a9151911a2bf74bb, 0x541f5c20e1504bf749ea65328fb4fdda5cc3e6b9, 50.711573958128184
