, TxHash, BlockHeight, TimesStamp, From, To, Value
0, 0, 0, 1576945976, 0xabe39b36812dfb800727433066de833ddfadd4b2, 0x9b561837a1b4ab1fa92f27f5878d394a23aff321, 2499.9978790000005
0, 0, 0, 1576946002, 0x83053c32b7819f420dcfed2d218335fe430fe3b5, 0x9b561837a1b4ab1fa92f27f5878d394a23aff321, 0.0
0, 0, 0, 1576946002, 0x9b561837a1b4ab1fa92f27f5878d394a23aff321, 0x5f73016b556290b7a7ea6e72fa0d808bb9f2ea0e, 2499.997543
