, TxHash, BlockHeight, TimesStamp, From, To, Value
0, 0, 0, 1575665578, 0x541f5c20e1504bf749ea65328fb4fdda5cc3e6b9, 0x9c79a97613f47ee75485e73392eb3e284da55a34, 20.00084
0, 0, 0, 1575665582, 0x9c79a97613f47ee75485e73392eb3e284da55a34, 0xf99b71fc01754ad24bae90e5ebe02d854f966779, 20.000420000000002
0, 0, 0, 1575665620, 0x83053c32b7819f420dcfed2d218335fe430fe3b5, 0x9c79a97613f47ee75485e73392eb3e284da55a34, 0.0
