, TxHash, BlockHeight, TimesStamp, From, To, Value
0, 0, 0, 1575647895, 0x541f5c20e1504bf749ea65328fb4fdda5cc3e6b9, 0x9cd2801db9a26ba9e148d3cc6242c177eef42515, 10.000630000000001
0, 0, 0, 1575647944, 0x9cd2801db9a26ba9e148d3cc6242c177eef42515, 0x15889f41369962f9ba5999cb25f82fc6c86a5de9, 10.000315
0, 0, 0, 1575647974, 0x83053c32b7819f420dcfed2d218335fe430fe3b5, 0x9cd2801db9a26ba9e148d3cc6242c177eef42515, 0.0
