, TxHash, BlockHeight, TimesStamp, From, To, Value
0, 0, 0, 1578724833, 0xd40885c8d582a2b8d7c5e3627d6f116dc37772dc, 0x9e586ef78aea14673c3d560b558108b5680a2399, 999.9995380000001
0, 0, 0, 1578724875, 0x83053c32b7819f420dcfed2d218335fe430fe3b5, 0x9e586ef78aea14673c3d560b558108b5680a2399, 0.0
0, 0, 0, 1578724875, 0x9e586ef78aea14673c3d560b558108b5680a2399, 0x5185381083355c5060964fe11ebee3acb4c07602, 999.9990760000001
