, TxHash, BlockHeight, TimesStamp, From, To, Value
0, 0, 0, 1577092567, 0x4a3b9c0b7dbda062e1796e4b764c6e0cbccd7779, 0x9faf104a65f8bcff232e33f8fa6e35fef51ec497, 500.00088200000005
0, 0, 0, 1577092604, 0x83053c32b7819f420dcfed2d218335fe430fe3b5, 0x9faf104a65f8bcff232e33f8fa6e35fef51ec497, 0.0
0, 0, 0, 1577092604, 0x9faf104a65f8bcff232e33f8fa6e35fef51ec497, 0xd1893e211e862b076b060b8c593e611f2be3a2b7, 500.0004410000001
