, TxHash, BlockHeight, TimesStamp, From, To, Value
0, 0, 0, 1578313765, 0x245a902d6e69c5f3bf7ced01d67e56038675bc98, 0x9f01f5b166ce91e2c4103a0d80e4e64b9bca565a, 561.01454
0, 0, 0, 1578313813, 0x83053c32b7819f420dcfed2d218335fe430fe3b5, 0x9f01f5b166ce91e2c4103a0d80e4e64b9bca565a, 0.0
0, 0, 0, 1578316310, 0x9f01f5b166ce91e2c4103a0d80e4e64b9bca565a, 0x75390be98104cd2f6a15a5a894cce8a926664d5f, 561.0042880000001
0, 0, 0, 1578324738, 0xd40885c8d582a2b8d7c5e3627d6f116dc37772dc, 0x9f01f5b166ce91e2c4103a0d80e4e64b9bca565a, 563.02502
0, 0, 0, 1578325436, 0x9f01f5b166ce91e2c4103a0d80e4e64b9bca565a, 0x75390be98104cd2f6a15a5a894cce8a926664d5f, 563.024768
0, 0, 0, 1578358990, 0xc55e41763796698b533f343ca9fc3c4b4ed40693, 0x9f01f5b166ce91e2c4103a0d80e4e64b9bca565a, 173.67292
0, 0, 0, 1578360427, 0x9f01f5b166ce91e2c4103a0d80e4e64b9bca565a, 0x75390be98104cd2f6a15a5a894cce8a926664d5f, 173.67266800000002
