, TxHash, BlockHeight, TimesStamp, From, To, Value
0, 0, 0, 1575636388, 0xc0c864b31eca27252c7465a99f3d856b7eebdd4e, 0x9fa1b287aa6ca062f0ea221759623e9d7ea0a676, 15.000483000000001
0, 0, 0, 1575636418, 0x9fa1b287aa6ca062f0ea221759623e9d7ea0a676, 0x55e5c96ca86b3bbd33e29c756c0785616fff6559, 15.000000000000002
0, 0, 0, 1575636848, 0x83053c32b7819f420dcfed2d218335fe430fe3b5, 0x9fa1b287aa6ca062f0ea221759623e9d7ea0a676, 0.0
