, TxHash, BlockHeight, TimesStamp, From, To, Value
0, 0, 0, 1575361162, 0x7e31fac61eb7a69fe559161e87504b1cbc2ffedc, 0xa0c737f6ef9c1a2f345b9205d8c91153334f081c, 15.000000000000002
0, 0, 0, 1575465771, 0x83053c32b7819f420dcfed2d218335fe430fe3b5, 0xa0c737f6ef9c1a2f345b9205d8c91153334f081c, 0.0
0, 0, 0, 1581296231, 0xa0c737f6ef9c1a2f345b9205d8c91153334f081c, 0x3305436493b8b0473991942772e88686ff335224, 3.851321504446155
