, TxHash, BlockHeight, TimesStamp, From, To, Value
0, 0, 0, 1578185020, 0xc55e41763796698b533f343ca9fc3c4b4ed40693, 0xa16218e702a96c6756fd44156038d22e4f7a6e79, 346.33634
0, 0, 0, 1578185031, 0x83053c32b7819f420dcfed2d218335fe430fe3b5, 0xa16218e702a96c6756fd44156038d22e4f7a6e79, 0.0
0, 0, 0, 1578190084, 0x245a902d6e69c5f3bf7ced01d67e56038675bc98, 0xa16218e702a96c6756fd44156038d22e4f7a6e79, 578.8779
0, 0, 0, 1578190800, 0x245a902d6e69c5f3bf7ced01d67e56038675bc98, 0xa16218e702a96c6756fd44156038d22e4f7a6e79, 578.46435
0, 0, 0, 1578207012, 0xa16218e702a96c6756fd44156038d22e4f7a6e79, 0x75390be98104cd2f6a15a5a894cce8a926664d5f, 1503.668338
