, TxHash, BlockHeight, TimesStamp, From, To, Value
0, 0, 0, 1574941353, 0xa450f85dbd67af714ea16a86982223231164fd23, 0xa11a97912e4ac4d31dce95b2bce0e5cb55f2554a, 1005.0000000000001
0, 0, 0, 1574941439, 0x39925dd94671970b23220cbd5b1e8ed5dd521f15, 0xa11a97912e4ac4d31dce95b2bce0e5cb55f2554a, 0.0001
0, 0, 0, 1574956593, 0xa11a97912e4ac4d31dce95b2bce0e5cb55f2554a, 0x254235a9ee94cc10ec08cc0c9b7a1b51acb8b921, 10.5
0, 0, 0, 1574957154, 0xa11a97912e4ac4d31dce95b2bce0e5cb55f2554a, 0x2e01b55e36ce9e12f8059e02044a670511ebcdfe, 20.1
0, 0, 0, 1575015526, 0x4b89836e6b7749bb97b576339060436186f96ab4, 0xa11a97912e4ac4d31dce95b2bce0e5cb55f2554a, 0.001
0, 0, 0, 1575019074, 0xa11a97912e4ac4d31dce95b2bce0e5cb55f2554a, 0xe5fe638a211cfb45c2067f353e471f44de9571c0, 974.39984
0, 0, 0, 1575465771, 0x83053c32b7819f420dcfed2d218335fe430fe3b5, 0xa11a97912e4ac4d31dce95b2bce0e5cb55f2554a, 0.0
