, TxHash, BlockHeight, TimesStamp, From, To, Value
0, 0, 0, 1575443179, 0xe68325da464279655cb948d9bcf02df6a7283994, 0xa13417d2350c155fa6a9e5ad00d5a455401d1a35, 999.99895
0, 0, 0, 1575453443, 0xa13417d2350c155fa6a9e5ad00d5a455401d1a35, 0x20a41844d89c646ec2bee518e4b2376a883f9ab9, 999.9984460000001
0, 0, 0, 1575465691, 0x83053c32b7819f420dcfed2d218335fe430fe3b5, 0xa13417d2350c155fa6a9e5ad00d5a455401d1a35, 0.0
