, TxHash, BlockHeight, TimesStamp, From, To, Value
0, 0, 0, 1577087277, 0x4e711847917e22837d1499577f94a736fdc9e671, 0xa2ab85f48d4ff750a4f30fdca1c8c8b6861fdba8, 6217.339660141127
0, 0, 0, 1577087348, 0x83053c32b7819f420dcfed2d218335fe430fe3b5, 0xa2ab85f48d4ff750a4f30fdca1c8c8b6861fdba8, 0.0
0, 0, 0, 1577096364, 0xa2ab85f48d4ff750a4f30fdca1c8c8b6861fdba8, 0xbcae4ed06c9a62c1ffa0307190437c4d41ab4549, 32.0
0, 0, 0, 1577096395, 0xa2ab85f48d4ff750a4f30fdca1c8c8b6861fdba8, 0x2c5bb39e2693f373bbfe9a59b65132a98fd2750e, 6185.339219141127
