, TxHash, BlockHeight, TimesStamp, From, To, Value
0, 0, 0, 1575636961, 0x541f5c20e1504bf749ea65328fb4fdda5cc3e6b9, 0xa2ad1df8363b471ab7f859aeaacad6de05793029, 15.000504000000001
0, 0, 0, 1575637002, 0xa2ad1df8363b471ab7f859aeaacad6de05793029, 0x424aa705a2a7dbeb04f29553a2d4e7f00f2b59f0, 15.000252000000001
0, 0, 0, 1575637299, 0x83053c32b7819f420dcfed2d218335fe430fe3b5, 0xa2ad1df8363b471ab7f859aeaacad6de05793029, 0.0
