, TxHash, BlockHeight, TimesStamp, From, To, Value
0, 0, 0, 1577089098, 0xe049765bace007b20c96ff254405742d64c2f093, 0xa203eb031804877b3e62702f47c97d08b4fc3140, 499.993826
0, 0, 0, 1577089103, 0x83053c32b7819f420dcfed2d218335fe430fe3b5, 0xa203eb031804877b3e62702f47c97d08b4fc3140, 0.0
0, 0, 0, 1577089103, 0xa203eb031804877b3e62702f47c97d08b4fc3140, 0xce8a38032a7b34377804d3512fa6e3aefdea67fd, 499.993427
