, TxHash, BlockHeight, TimesStamp, From, To, Value
0, 0, 0, 1578154694, 0x934e1ba940c28969f4902786fa2d540b618715db, 0xa2c70f94dcac0759b0691054f6147bb5834c8023, 100.00046200000001
0, 0, 0, 1578154701, 0x83053c32b7819f420dcfed2d218335fe430fe3b5, 0xa2c70f94dcac0759b0691054f6147bb5834c8023, 0.0
0, 0, 0, 1578154701, 0xa2c70f94dcac0759b0691054f6147bb5834c8023, 0x245a902d6e69c5f3bf7ced01d67e56038675bc98, 100.00000000000001
