, TxHash, BlockHeight, TimesStamp, From, To, Value
0, 0, 0, 1576726806, 0xc9bc266cc6a6952532a987631922d17ceb36be4c, 0xa337427674e364df3f531e83251ea20a78b9a1b9, 899.9970165300001
0, 0, 0, 1576726806, 0xdf826ed6d476333f36ed7054d1253a3e7cb474b3, 0xa337427674e364df3f531e83251ea20a78b9a1b9, 999.9998152000002
0, 0, 0, 1576726806, 0x069bd2cf884d663bcdfbf7e5a43f4a884b061e50, 0xa337427674e364df3f531e83251ea20a78b9a1b9, 999.9998152000002
0, 0, 0, 1576726806, 0x240ad1544e79ada5a0416e0a8db6ae463ad38433, 0xa337427674e364df3f531e83251ea20a78b9a1b9, 999.9998152000002
0, 0, 0, 1576726835, 0x2f2899d9aacf16cbcfd92215468ecce62cc73d4f, 0xa337427674e364df3f531e83251ea20a78b9a1b9, 999.9998152000002
0, 0, 0, 1576726844, 0x83053c32b7819f420dcfed2d218335fe430fe3b5, 0xa337427674e364df3f531e83251ea20a78b9a1b9, 0.0
0, 0, 0, 1576726867, 0x4d2a3eb78ca3aa419af771517a5254724eae75e2, 0xa337427674e364df3f531e83251ea20a78b9a1b9, 999.9998152000002
0, 0, 0, 1576726867, 0x3e1929966029de6d4cd41c25d5b9aaea2cb5de5f, 0xa337427674e364df3f531e83251ea20a78b9a1b9, 999.9998152000002
0, 0, 0, 1576729278, 0x2ae0199e3e016758d0a2871865a00a1db9fa174f, 0xa337427674e364df3f531e83251ea20a78b9a1b9, 357.55585031112645
0, 0, 0, 1576733129, 0xa337427674e364df3f531e83251ea20a78b9a1b9, 0x07fe041c2c2f0971d143dfc6b1eec748200c5657, 7257.551590041127
