, TxHash, BlockHeight, TimesStamp, From, To, Value
0, 0, 0, 1578133805, 0x70aebc098d264115421b78f4d51fededcd74a735, 0xa317dab3553e987c79d098c6fcccf0f002f6e163, 2000.0000000000002
0, 0, 0, 1578133826, 0x83053c32b7819f420dcfed2d218335fe430fe3b5, 0xa317dab3553e987c79d098c6fcccf0f002f6e163, 0.0
0, 0, 0, 1578134120, 0xa317dab3553e987c79d098c6fcccf0f002f6e163, 0xc2189b56106f1e4f2d895e7537a2705221ecfeb5, 100.000252
0, 0, 0, 1578136736, 0xa317dab3553e987c79d098c6fcccf0f002f6e163, 0x971b5cd005f4cf001d21eb5e9c2ccc3f414810b6, 500.000294
0, 0, 0, 1578138423, 0xa317dab3553e987c79d098c6fcccf0f002f6e163, 0xea5690faf9b45a92ee2f09ce2656ec5d17600c23, 1399.998593
0, 0, 0, 1578148272, 0x70aebc098d264115421b78f4d51fededcd74a735, 0xa317dab3553e987c79d098c6fcccf0f002f6e163, 3000.00323768
0, 0, 0, 1578148516, 0xa317dab3553e987c79d098c6fcccf0f002f6e163, 0x123561b3de67cd4e107733ffa73d690c600d08a8, 3000.00279668
