, TxHash, BlockHeight, TimesStamp, From, To, Value
0, 0, 0, 1576508491, 0x8b1b315c76ae6eb0601e816afdf038b48d72728f, 0xa4b78b0a18d523fda973a2e540d7880da4cc7b1e, 5005.0
0, 0, 0, 1576508544, 0x83053c32b7819f420dcfed2d218335fe430fe3b5, 0xa4b78b0a18d523fda973a2e540d7880da4cc7b1e, 0.0
0, 0, 0, 1577608437, 0x51a2176a38db9e5ebdecadd2b6142d13f2382c86, 0xa4b78b0a18d523fda973a2e540d7880da4cc7b1e, 0.001
0, 0, 0, 1577619426, 0xd1bfd64896ff02e8e33123ed1575d7d1efa6cb42, 0xa4b78b0a18d523fda973a2e540d7880da4cc7b1e, 0.001
0, 0, 0, 1577677293, 0xd1bfd64896ff02e8e33123ed1575d7d1efa6cb42, 0xa4b78b0a18d523fda973a2e540d7880da4cc7b1e, 0.001
0, 0, 0, 1577871829, 0xd1bfd64896ff02e8e33123ed1575d7d1efa6cb42, 0xa4b78b0a18d523fda973a2e540d7880da4cc7b1e, 0.001
0, 0, 0, 1577963410, 0xd1bfd64896ff02e8e33123ed1575d7d1efa6cb42, 0xa4b78b0a18d523fda973a2e540d7880da4cc7b1e, 0.001
0, 0, 0, 1578065595, 0xd1bfd64896ff02e8e33123ed1575d7d1efa6cb42, 0xa4b78b0a18d523fda973a2e540d7880da4cc7b1e, 0.0001
0, 0, 0, 1578150287, 0xd1bfd64896ff02e8e33123ed1575d7d1efa6cb42, 0xa4b78b0a18d523fda973a2e540d7880da4cc7b1e, 0.0001
0, 0, 0, 1578197250, 0xa4b78b0a18d523fda973a2e540d7880da4cc7b1e, 0x65b04162003977873cb18e54ecef805186a559b6, 200.00000000000003
0, 0, 0, 1578202155, 0xa4b78b0a18d523fda973a2e540d7880da4cc7b1e, 0x65b04162003977873cb18e54ecef805186a559b6, 4800.0
0, 0, 0, 1578318677, 0xa4b78b0a18d523fda973a2e540d7880da4cc7b1e, 0x8b1b315c76ae6eb0601e816afdf038b48d72728f, 5.003877
