, TxHash, BlockHeight, TimesStamp, From, To, Value
0, 0, 0, 1576083736, 0xae93edf233066d370be93c33abcbf252cc53dcd9, 0xa42f7b8e202c778ec8560c917190cbea06da36e4, 40.000798
0, 0, 0, 1576083737, 0x83053c32b7819f420dcfed2d218335fe430fe3b5, 0xa42f7b8e202c778ec8560c917190cbea06da36e4, 0.0
0, 0, 0, 1576083737, 0xa42f7b8e202c778ec8560c917190cbea06da36e4, 0x8625608d8bbe35f7f806b418c09d4b34dfd03eca, 40.00039900000001
