, TxHash, BlockHeight, TimesStamp, From, To, Value
0, 0, 0, 1574940928, 0x99ba2bad6da0503e00786375daa9e9554720aed2, 0xa450f85dbd67af714ea16a86982223231164fd23, 1000.0000000000001
0, 0, 0, 1574941065, 0x99ba2bad6da0503e00786375daa9e9554720aed2, 0xa450f85dbd67af714ea16a86982223231164fd23, 4501.0
0, 0, 0, 1574941123, 0x39925dd94671970b23220cbd5b1e8ed5dd521f15, 0xa450f85dbd67af714ea16a86982223231164fd23, 0.0001
0, 0, 0, 1574941353, 0xa450f85dbd67af714ea16a86982223231164fd23, 0xa11a97912e4ac4d31dce95b2bce0e5cb55f2554a, 1005.0000000000001
0, 0, 0, 1575015294, 0x4b89836e6b7749bb97b576339060436186f96ab4, 0xa450f85dbd67af714ea16a86982223231164fd23, 0.001
0, 0, 0, 1575283576, 0xa450f85dbd67af714ea16a86982223231164fd23, 0xec87b798ae833e964fd50b64864a80fc5b19eb69, 1001.0000000000001
0, 0, 0, 1575357131, 0xa450f85dbd67af714ea16a86982223231164fd23, 0x20a41844d89c646ec2bee518e4b2376a883f9ab9, 100.00000000000001
0, 0, 0, 1575358542, 0xa450f85dbd67af714ea16a86982223231164fd23, 0x20a41844d89c646ec2bee518e4b2376a883f9ab9, 100.00000000000001
0, 0, 0, 1575360444, 0xa450f85dbd67af714ea16a86982223231164fd23, 0x20a41844d89c646ec2bee518e4b2376a883f9ab9, 200.00000000000003
0, 0, 0, 1575363090, 0xa450f85dbd67af714ea16a86982223231164fd23, 0x20a41844d89c646ec2bee518e4b2376a883f9ab9, 200.00000000000003
0, 0, 0, 1575366084, 0xa450f85dbd67af714ea16a86982223231164fd23, 0x2b61f5e26260ef2fbe4cf3f6df5bc46dc491e788, 500.00000000000006
0, 0, 0, 1575450673, 0xa450f85dbd67af714ea16a86982223231164fd23, 0x20a41844d89c646ec2bee518e4b2376a883f9ab9, 500.00000000000006
0, 0, 0, 1575465771, 0x83053c32b7819f420dcfed2d218335fe430fe3b5, 0xa450f85dbd67af714ea16a86982223231164fd23, 0.0
0, 0, 0, 1575558851, 0xa450f85dbd67af714ea16a86982223231164fd23, 0x20a41844d89c646ec2bee518e4b2376a883f9ab9, 1000.0000000000001
0, 0, 0, 1575633385, 0xa450f85dbd67af714ea16a86982223231164fd23, 0x541f5c20e1504bf749ea65328fb4fdda5cc3e6b9, 200.00000000000003
0, 0, 0, 1575638369, 0xa450f85dbd67af714ea16a86982223231164fd23, 0x541f5c20e1504bf749ea65328fb4fdda5cc3e6b9, 200.00000000000003
0, 0, 0, 1575684415, 0xa450f85dbd67af714ea16a86982223231164fd23, 0x96ba816c39130bdad8e4e8d49605def6f140d735, 200.00000000000003
0, 0, 0, 1575685694, 0xa450f85dbd67af714ea16a86982223231164fd23, 0x96ba816c39130bdad8e4e8d49605def6f140d735, 294.99564000000004
