, TxHash, BlockHeight, TimesStamp, From, To, Value
0, 0, 0, 1576247016, 0x2d9100f8939019e4058de862ae177a6ca2dd53d2, 0xa539f7d620571492fa639d4c54f5030030190a80, 5.0
0, 0, 0, 1576247025, 0x83053c32b7819f420dcfed2d218335fe430fe3b5, 0xa539f7d620571492fa639d4c54f5030030190a80, 0.0
0, 0, 0, 1576247444, 0xbe1a25b67b12e494d43cf39b4255d5be212ccbe0, 0xa539f7d620571492fa639d4c54f5030030190a80, 1000.0000000000001
0, 0, 0, 1576248734, 0xa539f7d620571492fa639d4c54f5030030190a80, 0x8651bf958c46ff9cb7c49cd62099ab2b7fff9328, 1004.9991390000001
