, TxHash, BlockHeight, TimesStamp, From, To, Value
0, 0, 0, 1577082570, 0x8010eea901319fa82f4391b07eafc7fa3c6c9b99, 0xa72e917a995d8145f181cf1c37cdeb4e47562ef1, 480.90000000000003
0, 0, 0, 1577082584, 0x83053c32b7819f420dcfed2d218335fe430fe3b5, 0xa72e917a995d8145f181cf1c37cdeb4e47562ef1, 0.0
0, 0, 0, 1577082808, 0xa72e917a995d8145f181cf1c37cdeb4e47562ef1, 0x44d163e10058573d2df684635d96f61fb56ee159, 480.889748
0, 0, 0, 1577083309, 0x8010eea901319fa82f4391b07eafc7fa3c6c9b99, 0xa72e917a995d8145f181cf1c37cdeb4e47562ef1, 475.08000000000004
0, 0, 0, 1577083517, 0xa72e917a995d8145f181cf1c37cdeb4e47562ef1, 0x44d163e10058573d2df684635d96f61fb56ee159, 475.079748
