, TxHash, BlockHeight, TimesStamp, From, To, Value
0, 0, 0, 1577099291, 0x1a6421759b9f41e707c7cab1ff840fdbc1b806bc, 0xa7fc9f9fe95243d918115c0f38c5d5452f470b00, 500.000672
0, 0, 0, 1577099305, 0x83053c32b7819f420dcfed2d218335fe430fe3b5, 0xa7fc9f9fe95243d918115c0f38c5d5452f470b00, 0.0
0, 0, 0, 1577099305, 0xa7fc9f9fe95243d918115c0f38c5d5452f470b00, 0x15922c70132210b3ed785e2c028aaf456513df37, 500.00033600000006
