, TxHash, BlockHeight, TimesStamp, From, To, Value
0, 0, 0, 1575676533, 0x541f5c20e1504bf749ea65328fb4fdda5cc3e6b9, 0xa780a3dd6a7e588ddc16fcf8f5a5f6940782c26b, 40.000924000000005
0, 0, 0, 1575676541, 0xa780a3dd6a7e588ddc16fcf8f5a5f6940782c26b, 0xfd9e9cdf2d691a8c9ab83b5a791a481c6ddbbd0a, 40.000462000000006
0, 0, 0, 1575676557, 0x83053c32b7819f420dcfed2d218335fe430fe3b5, 0xa780a3dd6a7e588ddc16fcf8f5a5f6940782c26b, 0.0
