, TxHash, BlockHeight, TimesStamp, From, To, Value
0, 0, 0, 1577088782, 0x442e05bfbea5df5db4a4338390046693c7d18205, 0xa70024a5a87c710637c9c84267fef9681e722f02, 500.000756
0, 0, 0, 1577088837, 0x83053c32b7819f420dcfed2d218335fe430fe3b5, 0xa70024a5a87c710637c9c84267fef9681e722f02, 0.0
0, 0, 0, 1577088913, 0xa70024a5a87c710637c9c84267fef9681e722f02, 0xd7126539b0411e871182b737c8c4e9e7b8fd22ef, 500.00037800000007
