, TxHash, BlockHeight, TimesStamp, From, To, Value
0, 0, 0, 1576967524, 0x00b1480259b3c9f9b0cb9b62bafac3c10c0d08bd, 0xa761f99518c0238a4b066029143301c62deb0dc0, 3499.9969970000006
0, 0, 0, 1576967544, 0x83053c32b7819f420dcfed2d218335fe430fe3b5, 0xa761f99518c0238a4b066029143301c62deb0dc0, 0.0
0, 0, 0, 1576967544, 0xa761f99518c0238a4b066029143301c62deb0dc0, 0x84f4bcc4e841afdfde7899662f8bbd7d6a71c112, 3499.9967030000003
