, TxHash, BlockHeight, TimesStamp, From, To, Value
0, 0, 0, 1576889728, 0xb8e4ebc840ecfb64d0070f964c3da61cf70adfb7, 0xa82ca983b650d5852e5105b0793a5bceabe811f6, 500.00000000000006
0, 0, 0, 1576889751, 0x83053c32b7819f420dcfed2d218335fe430fe3b5, 0xa82ca983b650d5852e5105b0793a5bceabe811f6, 0.0
0, 0, 0, 1576889954, 0xa82ca983b650d5852e5105b0793a5bceabe811f6, 0x532804ebfa7e1d9a1dceaa390d48e2b7b6a17ab5, 30.000273000000004
0, 0, 0, 1576891456, 0xa82ca983b650d5852e5105b0793a5bceabe811f6, 0x15934ff77a90558cf39c112e2d8aeffca3504401, 20.000378
0, 0, 0, 1576891985, 0xa82ca983b650d5852e5105b0793a5bceabe811f6, 0xf99ddaae0f12b0bdbbcf416c61da24563972cca0, 25.000357
0, 0, 0, 1576892634, 0xa82ca983b650d5852e5105b0793a5bceabe811f6, 0xb343b43d586db30bb571d8004f9054705c8e308f, 15.000336
0, 0, 0, 1576893776, 0xa82ca983b650d5852e5105b0793a5bceabe811f6, 0x02008a6cd9dc119ff966ab8879f51ccdb9abbb98, 20.000252
0, 0, 0, 1576894921, 0xa82ca983b650d5852e5105b0793a5bceabe811f6, 0x226f6416afbf53678c86ffd2e0729ff3d5ab492b, 30.000441000000002
0, 0, 0, 1576895911, 0xa82ca983b650d5852e5105b0793a5bceabe811f6, 0xee49b74d3f86b00c0aa62bc9e3aff4e73c23c477, 32.000399
0, 0, 0, 1576897247, 0xa82ca983b650d5852e5105b0793a5bceabe811f6, 0xee0e48eeb7dcca54fb22a53a4a96a708eb5cbcf8, 35.000252
0, 0, 0, 1576912468, 0xa82ca983b650d5852e5105b0793a5bceabe811f6, 0xa44a933c9050ec3eac98923e68c952075e41084f, 10.000357000000001
0, 0, 0, 1577082250, 0xa82ca983b650d5852e5105b0793a5bceabe811f6, 0xc486e38ff20fbf83e14250584d88e7c8882f3bbc, 282.993511
