, TxHash, BlockHeight, TimesStamp, From, To, Value
0, 0, 0, 1575642653, 0x541f5c20e1504bf749ea65328fb4fdda5cc3e6b9, 0xaab282a0e5edabbf530610916fbc2603bc77b7ea, 10.000798000000001
0, 0, 0, 1575642696, 0xaab282a0e5edabbf530610916fbc2603bc77b7ea, 0xae451f66d518519987f6cb4c3f5cf2f513eeace5, 10.000399000000002
0, 0, 0, 1575642699, 0x83053c32b7819f420dcfed2d218335fe430fe3b5, 0xaab282a0e5edabbf530610916fbc2603bc77b7ea, 0.0
