, TxHash, BlockHeight, TimesStamp, From, To, Value
0, 0, 0, 1577077358, 0xfa053dd188ca5a25dd7980fd3bbb175ea5b9cc86, 0xaa469498af7bfdf498aa485545df306464cde2a2, 999.998992
0, 0, 0, 1577077384, 0x83053c32b7819f420dcfed2d218335fe430fe3b5, 0xaa469498af7bfdf498aa485545df306464cde2a2, 0.0
0, 0, 0, 1577077384, 0xaa469498af7bfdf498aa485545df306464cde2a2, 0x84f4bcc4e841afdfde7899662f8bbd7d6a71c112, 999.9986560000001
