, TxHash, BlockHeight, TimesStamp, From, To, Value
0, 0, 0, 1575635470, 0x541f5c20e1504bf749ea65328fb4fdda5cc3e6b9, 0xaa7e35303f77a329bc2c53bbeae7f50a28e63caf, 15.000714
0, 0, 0, 1575635509, 0xaa7e35303f77a329bc2c53bbeae7f50a28e63caf, 0xf84cab478f36f7ece15723e8c1317d6ecc93aaba, 15.000357000000001
0, 0, 0, 1575635593, 0x83053c32b7819f420dcfed2d218335fe430fe3b5, 0xaa7e35303f77a329bc2c53bbeae7f50a28e63caf, 0.0
