, TxHash, BlockHeight, TimesStamp, From, To, Value
0, 0, 0, 1576199341, 0x41b4639c3b010cf500903e65228976632966576e, 0xab413825470dd14f07f6cd55a62d5dbd43a1de94, 1.000966
0, 0, 0, 1576199366, 0x83053c32b7819f420dcfed2d218335fe430fe3b5, 0xab413825470dd14f07f6cd55a62d5dbd43a1de94, 0.0
0, 0, 0, 1576199366, 0xab413825470dd14f07f6cd55a62d5dbd43a1de94, 0xe6291d20d0aaa4f5ecd42ae61138bf9ecc22a2d4, 1.000483
