, TxHash, BlockHeight, TimesStamp, From, To, Value
0, 0, 0, 1576954770, 0x5f73016b556290b7a7ea6e72fa0d808bb9f2ea0e, 0xab9d44b412e0272ad71170cbfae409d7a1e6d0d1, 2499.9936580000003
0, 0, 0, 1576954822, 0xab9d44b412e0272ad71170cbfae409d7a1e6d0d1, 0x84f4bcc4e841afdfde7899662f8bbd7d6a71c112, 2499.9933640000004
0, 0, 0, 1576954823, 0x83053c32b7819f420dcfed2d218335fe430fe3b5, 0xab9d44b412e0272ad71170cbfae409d7a1e6d0d1, 0.0
