, TxHash, BlockHeight, TimesStamp, From, To, Value
0, 0, 0, 1576945942, 0xfddb6f58441cc6b5bfb7af662c078a7a4e37ce0f, 0xabe39b36812dfb800727433066de833ddfadd4b2, 2499.998215
0, 0, 0, 1576945976, 0x83053c32b7819f420dcfed2d218335fe430fe3b5, 0xabe39b36812dfb800727433066de833ddfadd4b2, 0.0
0, 0, 0, 1576945976, 0xabe39b36812dfb800727433066de833ddfadd4b2, 0x9b561837a1b4ab1fa92f27f5878d394a23aff321, 2499.9978790000005
