, TxHash, BlockHeight, TimesStamp, From, To, Value
0, 0, 0, 1575681717, 0x541f5c20e1504bf749ea65328fb4fdda5cc3e6b9, 0xac844024da079130b4888ba649fc6018ebb95afa, 20.000756000000003
0, 0, 0, 1575681726, 0xac844024da079130b4888ba649fc6018ebb95afa, 0x2391f80fc870e9ae7bd31f72d1b2c57743444d7e, 20.000378
0, 0, 0, 1575681835, 0x83053c32b7819f420dcfed2d218335fe430fe3b5, 0xac844024da079130b4888ba649fc6018ebb95afa, 0.0
