, TxHash, BlockHeight, TimesStamp, From, To, Value
0, 0, 0, 1575294850, 0xf1bf959e38bb4f0b38616ebfeafe2b99050ac2c8, 0xac52bd664b3c0f365cbb1b725d6ad5ca300169df, 20.099959662562817
0, 0, 0, 1575465771, 0x83053c32b7819f420dcfed2d218335fe430fe3b5, 0xac52bd664b3c0f365cbb1b725d6ad5ca300169df, 0.0
0, 0, 0, 1576000585, 0xac52bd664b3c0f365cbb1b725d6ad5ca300169df, 0xa12431d0b9db640034b0cdfceef9cce161e62be4, 20.099936562562814
