, TxHash, BlockHeight, TimesStamp, From, To, Value
0, 0, 0, 1576080260, 0xae93edf233066d370be93c33abcbf252cc53dcd9, 0xadf85ab122dedd2945fb000ecc86e306d93db32c, 40.000798
0, 0, 0, 1576080348, 0x83053c32b7819f420dcfed2d218335fe430fe3b5, 0xadf85ab122dedd2945fb000ecc86e306d93db32c, 0.0
0, 0, 0, 1576080348, 0xadf85ab122dedd2945fb000ecc86e306d93db32c, 0xcc2950343d22dbeb01bdb81919c5f79770e96e97, 40.00039900000001
