, TxHash, BlockHeight, TimesStamp, From, To, Value
0, 0, 0, 1575273829, 0xe5fe638a211cfb45c2067f353e471f44de9571c0, 0xad00f59e4105b5cb3b849c286bc0399eeabf183a, 500.00000000000006
0, 0, 0, 1575273993, 0xad00f59e4105b5cb3b849c286bc0399eeabf183a, 0xc1de25d39488b7c7b8ff7ca69f2aecafb56e75e0, 2.0
0, 0, 0, 1575274750, 0xad00f59e4105b5cb3b849c286bc0399eeabf183a, 0xcd7ddb1e96847d8630112cd16817469e56ef9c2b, 48.0
0, 0, 0, 1575274871, 0xad00f59e4105b5cb3b849c286bc0399eeabf183a, 0x8eba4b104c2125285da0750af3e63a9cd787879f, 1.0
0, 0, 0, 1575276734, 0xad00f59e4105b5cb3b849c286bc0399eeabf183a, 0x5ed31ec35a1552d458f3f8664240e28b678b6747, 53.00000000000001
0, 0, 0, 1575276835, 0xad00f59e4105b5cb3b849c286bc0399eeabf183a, 0xa47dddfc05184d2105107312f5a88654bfe165c1, 51.00000000000001
0, 0, 0, 1575279276, 0xad00f59e4105b5cb3b849c286bc0399eeabf183a, 0x67a1a4aac67f846678b9d93006c6749c3b601c5a, 220.00000000000003
0, 0, 0, 1575280167, 0xad00f59e4105b5cb3b849c286bc0399eeabf183a, 0x518be366b35832fe995f6d40eae63ca83b615102, 124.00000000000001
0, 0, 0, 1575465771, 0x83053c32b7819f420dcfed2d218335fe430fe3b5, 0xad00f59e4105b5cb3b849c286bc0399eeabf183a, 0.0
0, 0, 0, 1575643527, 0xad00f59e4105b5cb3b849c286bc0399eeabf183a, 0x49c726e1986acc1a72c04bb1527a2c149c4141cf, 0.996052
