, TxHash, BlockHeight, TimesStamp, From, To, Value
0, 0, 0, 1575657010, 0xc90bca148c991858f55164ff076179fdc14329a7, 0xaed1716d997c6c1f1eae2816f3f81f73aa73c945, 15.000462
0, 0, 0, 1575657022, 0xaed1716d997c6c1f1eae2816f3f81f73aa73c945, 0xa89509bebfd26c3651bb2c8a3571323bf6abed95, 15.000000000000002
0, 0, 0, 1575657040, 0x83053c32b7819f420dcfed2d218335fe430fe3b5, 0xaed1716d997c6c1f1eae2816f3f81f73aa73c945, 0.0
