, TxHash, BlockHeight, TimesStamp, From, To, Value
0, 0, 0, 1576080245, 0x2c182757728039f2640a293d2b3111b964297157, 0xae93edf233066d370be93c33abcbf252cc53dcd9, 500.00000000000006
0, 0, 0, 1576080260, 0x83053c32b7819f420dcfed2d218335fe430fe3b5, 0xae93edf233066d370be93c33abcbf252cc53dcd9, 0.0
0, 0, 0, 1576080260, 0xae93edf233066d370be93c33abcbf252cc53dcd9, 0xadf85ab122dedd2945fb000ecc86e306d93db32c, 40.000798
0, 0, 0, 1576083736, 0xae93edf233066d370be93c33abcbf252cc53dcd9, 0xa42f7b8e202c778ec8560c917190cbea06da36e4, 40.000798
0, 0, 0, 1576119388, 0xae93edf233066d370be93c33abcbf252cc53dcd9, 0xc731b7832c9644cf0efee1d74f061c562cd96d75, 419.997186
