, TxHash, BlockHeight, TimesStamp, From, To, Value
0, 0, 0, 1575444217, 0xe0d70cdd2f94dc07a7ad6ccef056da2f605cafac, 0xaf8e5df9fc5a731051926844ec9be9601f105acf, 14.522514465947555
0, 0, 0, 1575465691, 0x83053c32b7819f420dcfed2d218335fe430fe3b5, 0xaf8e5df9fc5a731051926844ec9be9601f105acf, 0.0
0, 0, 0, 1578490734, 0xaf8e5df9fc5a731051926844ec9be9601f105acf, 0xa3dc44855a9b5c593b39fa3187655e9e00ac0c33, 13.717017797210927
