, TxHash, BlockHeight, TimesStamp, From, To, Value
0, 0, 0, 1575680944, 0x541f5c20e1504bf749ea65328fb4fdda5cc3e6b9, 0xafc9953653f53ebaa15198edf904c471da9818af, 15.000882
0, 0, 0, 1575680959, 0xafc9953653f53ebaa15198edf904c471da9818af, 0xdc898ef9fbe7d0e47196c01ee150b72903a48097, 15.000441
0, 0, 0, 1575680971, 0x83053c32b7819f420dcfed2d218335fe430fe3b5, 0xafc9953653f53ebaa15198edf904c471da9818af, 0.0
