, TxHash, BlockHeight, TimesStamp, From, To, Value
0, 0, 0, 1575723401, 0x52c2e3a608f7e6f32a829b017788c24309dd33ce, 0xaf123b890f153a6d3dd054ea6d757fe5b9768969, 1.000672
0, 0, 0, 1575723417, 0xaf123b890f153a6d3dd054ea6d757fe5b9768969, 0x1a0bd8a07512853f0ab543aca22348469c56ab84, 1.0003360000000001
0, 0, 0, 1575723538, 0x83053c32b7819f420dcfed2d218335fe430fe3b5, 0xaf123b890f153a6d3dd054ea6d757fe5b9768969, 0.0
