, TxHash, BlockHeight, TimesStamp, From, To, Value
0, 0, 0, 1578136715, 0x39274196b366a9718a227708f0a02abd845e2cb1, 0xb01fce059d66971fdc1e584a5cbf0116068c9048, 500.00042
0, 0, 0, 1578136724, 0x83053c32b7819f420dcfed2d218335fe430fe3b5, 0xb01fce059d66971fdc1e584a5cbf0116068c9048, 0.0
0, 0, 0, 1578136724, 0xb01fce059d66971fdc1e584a5cbf0116068c9048, 0xc55e41763796698b533f343ca9fc3c4b4ed40693, 500.00000000000006
