, TxHash, BlockHeight, TimesStamp, From, To, Value
0, 0, 0, 1575708264, 0x52c2e3a608f7e6f32a829b017788c24309dd33ce, 0xb0d5eb37a487971f3069650a5240d35ff868c2dc, 20.00084
0, 0, 0, 1575708301, 0xb0d5eb37a487971f3069650a5240d35ff868c2dc, 0x8f7ecd62473319ab06f40e28fb471da8afac4a08, 20.000420000000002
0, 0, 0, 1575708328, 0x83053c32b7819f420dcfed2d218335fe430fe3b5, 0xb0d5eb37a487971f3069650a5240d35ff868c2dc, 0.0
