, TxHash, BlockHeight, TimesStamp, From, To, Value
0, 0, 0, 1575657937, 0x541f5c20e1504bf749ea65328fb4fdda5cc3e6b9, 0xb1d7e743f3d91ac3c04fa6f1f427ef53f58bb9f8, 20.000882
0, 0, 0, 1575657991, 0xb1d7e743f3d91ac3c04fa6f1f427ef53f58bb9f8, 0x61033079119f60bc070877ad02e800211508c7b8, 20.000441000000002
0, 0, 0, 1575658008, 0x83053c32b7819f420dcfed2d218335fe430fe3b5, 0xb1d7e743f3d91ac3c04fa6f1f427ef53f58bb9f8, 0.0
