, TxHash, BlockHeight, TimesStamp, From, To, Value
0, 0, 0, 1575654541, 0xbb6ce3a64610f2ec9c120f661eca5cab18198052, 0xb1f8216748c5d7ec56355d45b12fe4b971b3daeb, 15.000378000000001
0, 0, 0, 1575654551, 0xb1f8216748c5d7ec56355d45b12fe4b971b3daeb, 0xab1facf1c14585c1918506a4f36a8707df77e555, 15.000000000000002
0, 0, 0, 1575654563, 0x83053c32b7819f420dcfed2d218335fe430fe3b5, 0xb1f8216748c5d7ec56355d45b12fe4b971b3daeb, 0.0
