, TxHash, BlockHeight, TimesStamp, From, To, Value
0, 0, 0, 1575647974, 0x541f5c20e1504bf749ea65328fb4fdda5cc3e6b9, 0xb2ae752e011cfdcec878e07fa52a98c032ea5fa8, 10.00084
0, 0, 0, 1575648000, 0xb2ae752e011cfdcec878e07fa52a98c032ea5fa8, 0xde0f174309a020982575ea7c7b0c59a045ed62cc, 10.00042
0, 0, 0, 1575648243, 0x83053c32b7819f420dcfed2d218335fe430fe3b5, 0xb2ae752e011cfdcec878e07fa52a98c032ea5fa8, 0.0
