, TxHash, BlockHeight, TimesStamp, From, To, Value
0, 0, 0, 1575876124, 0x0fbf7dd41bf99b6e739ec47d240a8b35c4a10a21, 0xb2a9cc507a503b7f62c53966fa3d72d5335aeff2, 16.953395
0, 0, 0, 1575876155, 0xb2a9cc507a503b7f62c53966fa3d72d5335aeff2, 0x5dcff3a72c5fe9c646456a830a4d5cdd7d3cad42, 16.95308
0, 0, 0, 1575876253, 0x83053c32b7819f420dcfed2d218335fe430fe3b5, 0xb2a9cc507a503b7f62c53966fa3d72d5335aeff2, 0.0
