, TxHash, BlockHeight, TimesStamp, From, To, Value
0, 0, 0, 1575649458, 0x541f5c20e1504bf749ea65328fb4fdda5cc3e6b9, 0xb2ac8d49f0bee38a92fe47f86c4eec679d009274, 10.000882
0, 0, 0, 1575649463, 0xb2ac8d49f0bee38a92fe47f86c4eec679d009274, 0x2acffe3ac810b2d95ef22a9ac7e80e27fe20aac1, 10.000441
0, 0, 0, 1575649548, 0x83053c32b7819f420dcfed2d218335fe430fe3b5, 0xb2ac8d49f0bee38a92fe47f86c4eec679d009274, 0.0
