, TxHash, BlockHeight, TimesStamp, From, To, Value
0, 0, 0, 1575707801, 0x52c2e3a608f7e6f32a829b017788c24309dd33ce, 0xb4e58e92522a8164fe2027bc63313641aa98d433, 40.000504
0, 0, 0, 1575707805, 0xb4e58e92522a8164fe2027bc63313641aa98d433, 0xc668ea4545e3b94602d716206496257899b00577, 40.000252
0, 0, 0, 1575707825, 0x83053c32b7819f420dcfed2d218335fe430fe3b5, 0xb4e58e92522a8164fe2027bc63313641aa98d433, 0.0
