, TxHash, BlockHeight, TimesStamp, From, To, Value
0, 0, 0, 1578137023, 0xc55e41763796698b533f343ca9fc3c4b4ed40693, 0xb40538045d8da2844b3860bcd415bd35e505de76, 57.78927
0, 0, 0, 1578137053, 0x83053c32b7819f420dcfed2d218335fe430fe3b5, 0xb40538045d8da2844b3860bcd415bd35e505de76, 0.0
0, 0, 0, 1578137346, 0xb40538045d8da2844b3860bcd415bd35e505de76, 0x313e3bff872fbd49b99f48fcfe11e1513e0ce859, 57.779018
0, 0, 0, 1578137596, 0xc55e41763796698b533f343ca9fc3c4b4ed40693, 0xb40538045d8da2844b3860bcd415bd35e505de76, 288.97809000000007
0, 0, 0, 1578137606, 0xb40538045d8da2844b3860bcd415bd35e505de76, 0x313e3bff872fbd49b99f48fcfe11e1513e0ce859, 57.779018
0, 0, 0, 1578137962, 0xb40538045d8da2844b3860bcd415bd35e505de76, 0x313e3bff872fbd49b99f48fcfe11e1513e0ce859, 231.19856800000005
0, 0, 0, 1578138271, 0xc098fc492f85e81497eaec28dd47f8d0b8149fed, 0xb40538045d8da2844b3860bcd415bd35e505de76, 288.94636
0, 0, 0, 1578138514, 0xb40538045d8da2844b3860bcd415bd35e505de76, 0x313e3bff872fbd49b99f48fcfe11e1513e0ce859, 288.94610800000004
