, TxHash, BlockHeight, TimesStamp, From, To, Value
0, 0, 0, 1575653226, 0x541f5c20e1504bf749ea65328fb4fdda5cc3e6b9, 0xb479f8342e72fbed4dcbd1714777842cb81f9e48, 10.000588
0, 0, 0, 1575653289, 0xb479f8342e72fbed4dcbd1714777842cb81f9e48, 0x862e72c88e114b91f15afa4aac03b23d7a38376d, 10.000294
0, 0, 0, 1575653547, 0x83053c32b7819f420dcfed2d218335fe430fe3b5, 0xb479f8342e72fbed4dcbd1714777842cb81f9e48, 0.0
