, TxHash, BlockHeight, TimesStamp, From, To, Value
0, 0, 0, 1576250067, 0x8651bf958c46ff9cb7c49cd62099ab2b7fff9328, 0xb4f1750d09825e7075d500806256c21165251e86, 1000.0000000000001
0, 0, 0, 1576250121, 0x83053c32b7819f420dcfed2d218335fe430fe3b5, 0xb4f1750d09825e7075d500806256c21165251e86, 0.0
0, 0, 0, 1576251999, 0xb4f1750d09825e7075d500806256c21165251e86, 0xd16ce44609e28997e7aebfda6f195ebf6c3bd1b2, 100.00000000000001
0, 0, 0, 1576255644, 0xb4f1750d09825e7075d500806256c21165251e86, 0xd16ce44609e28997e7aebfda6f195ebf6c3bd1b2, 100.00000000000001
0, 0, 0, 1576294001, 0xb4f1750d09825e7075d500806256c21165251e86, 0x34caeb2f73eb97de59caa8e4bb3fbbae136055a9, 50.00000000000001
0, 0, 0, 1576304510, 0xb4f1750d09825e7075d500806256c21165251e86, 0x76299fd84ea4f9010478905d6d222a753bb76557, 1.0
0, 0, 0, 1576309382, 0xb4f1750d09825e7075d500806256c21165251e86, 0xecb46f88ae3f203959e0bdfca20fa720b4dcbc91, 100.00000000000001
0, 0, 0, 1576319552, 0xb4f1750d09825e7075d500806256c21165251e86, 0x52e640c8844cead59f036bd453ba3340a3319f01, 200.00000000000003
0, 0, 0, 1576339398, 0xb4f1750d09825e7075d500806256c21165251e86, 0x3129b6f74fc507c33c448a254555fdf0afdcd612, 200.00000000000003
0, 0, 0, 1576348155, 0xb4f1750d09825e7075d500806256c21165251e86, 0xf9ca18719e96ae7a239e784f9c64512c69d5ddc4, 248.00000000000003
0, 0, 0, 1576348243, 0xb4f1750d09825e7075d500806256c21165251e86, 0x6b03fdedb8ac623f0d278609a7bf1676daa22c2e, 0.9982213000000001
