, TxHash, BlockHeight, TimesStamp, From, To, Value
0, 0, 0, 1576996039, 0x253df2bd10772a1903199ff5c289d7a94cc43492, 0xb4e71cc722b405d871a6f75048c99957719eece1, 999.999034
0, 0, 0, 1576996078, 0xb4e71cc722b405d871a6f75048c99957719eece1, 0x37bcb8fa56a8becfc093dbef200aae058adea59e, 999.998551
0, 0, 0, 1576996267, 0x83053c32b7819f420dcfed2d218335fe430fe3b5, 0xb4e71cc722b405d871a6f75048c99957719eece1, 0.0
