, TxHash, BlockHeight, TimesStamp, From, To, Value
0, 0, 0, 1575984952, 0x2c182757728039f2640a293d2b3111b964297157, 0xb4b30c7b5d1192991d26fc33722adbf1f752dadd, 1000.0000000000001
0, 0, 0, 1575984971, 0x83053c32b7819f420dcfed2d218335fe430fe3b5, 0xb4b30c7b5d1192991d26fc33722adbf1f752dadd, 0.0
0, 0, 0, 1575985230, 0xb4b30c7b5d1192991d26fc33722adbf1f752dadd, 0x78d0d49e0d21c0ec3c1ee23cebc90dc55eef08be, 200.00000000000003
0, 0, 0, 1575987161, 0xb4b30c7b5d1192991d26fc33722adbf1f752dadd, 0xf7c9cda046fefe11712f349e5d7d703685dfb1d7, 500.00000000000006
0, 0, 0, 1576030712, 0xb4b30c7b5d1192991d26fc33722adbf1f752dadd, 0x78d0d49e0d21c0ec3c1ee23cebc90dc55eef08be, 250.00000000000003
0, 0, 0, 1576035791, 0xb4b30c7b5d1192991d26fc33722adbf1f752dadd, 0x78d0d49e0d21c0ec3c1ee23cebc90dc55eef08be, 49.998446
