, TxHash, BlockHeight, TimesStamp, From, To, Value
0, 0, 0, 1578149457, 0x39274196b366a9718a227708f0a02abd845e2cb1, 0xb658d7bd36ea23251955f5a84d11de88ef5ca1d6, 2999.9995590000003
0, 0, 0, 1578149462, 0x83053c32b7819f420dcfed2d218335fe430fe3b5, 0xb658d7bd36ea23251955f5a84d11de88ef5ca1d6, 0.0
0, 0, 0, 1578149462, 0xb658d7bd36ea23251955f5a84d11de88ef5ca1d6, 0xc55e41763796698b533f343ca9fc3c4b4ed40693, 2999.999118
