, TxHash, BlockHeight, TimesStamp, From, To, Value
0, 0, 0, 1575630643, 0xc3680c921b2a98c4dcea1aab4ce090680d4b6af9, 0xb6dbac15176fd09a56510639b46f59fba9834076, 15.000420000000002
0, 0, 0, 1575630649, 0xb6dbac15176fd09a56510639b46f59fba9834076, 0x55e5c96ca86b3bbd33e29c756c0785616fff6559, 15.000000000000002
0, 0, 0, 1575630805, 0x83053c32b7819f420dcfed2d218335fe430fe3b5, 0xb6dbac15176fd09a56510639b46f59fba9834076, 0.0
