, TxHash, BlockHeight, TimesStamp, From, To, Value
0, 0, 0, 1575369902, 0x2b61f5e26260ef2fbe4cf3f6df5bc46dc491e788, 0xb6cd46eaef618001be1e9dd74f77e9d26b28a3ec, 5.0
0, 0, 0, 1575465691, 0x83053c32b7819f420dcfed2d218335fe430fe3b5, 0xb6cd46eaef618001be1e9dd74f77e9d26b28a3ec, 0.0
0, 0, 0, 1575900103, 0xb6cd46eaef618001be1e9dd74f77e9d26b28a3ec, 0x29dcb2913fe53c4f6b7d95c4fb53d5323d11b296, 2.9220630576137583
0, 0, 0, 1575901690, 0xb6cd46eaef618001be1e9dd74f77e9d26b28a3ec, 0xe5f934df5fd6c8d5f72dee7e17b21f82c5006542, 2.0114616003513195
0, 0, 0, 1579255203, 0xb6cd46eaef618001be1e9dd74f77e9d26b28a3ec, 0xbf21232d01f70e4dd58e46a7aa26773e8083d708, 0.06604484203492289
