, TxHash, BlockHeight, TimesStamp, From, To, Value
0, 0, 0, 1576575921, 0x593c7cb8a7cf14064a67fc252726a7b38aa81ff7, 0xb75f87c467b78445ecb8901b4cb839a8c199046a, 500.00000000000006
0, 0, 0, 1576575971, 0x83053c32b7819f420dcfed2d218335fe430fe3b5, 0xb75f87c467b78445ecb8901b4cb839a8c199046a, 0.0
0, 0, 0, 1576636845, 0xb75f87c467b78445ecb8901b4cb839a8c199046a, 0xed3bbcf1f5f7e93b3401c99022a3a4c44d2df836, 5.000273
0, 0, 0, 1576637650, 0xb75f87c467b78445ecb8901b4cb839a8c199046a, 0x8ccc976078734e32f637c81b4002a72ef9db0836, 10.000357000000001
0, 0, 0, 1576638419, 0xb75f87c467b78445ecb8901b4cb839a8c199046a, 0x98bc036fc3a199d6d17a7e57d3294dfc42581a55, 10.00042
0, 0, 0, 1576639147, 0xb75f87c467b78445ecb8901b4cb839a8c199046a, 0xe55963aec8a0a33e23be28843fc90f353f52a6f3, 20.000315
0, 0, 0, 1576640423, 0xb75f87c467b78445ecb8901b4cb839a8c199046a, 0x646ffc3af0446593b8d3f20e78079a82ce6643a1, 25.000483000000003
0, 0, 0, 1576641310, 0xb75f87c467b78445ecb8901b4cb839a8c199046a, 0xf7909c94a9a238a81e8f38c707e6cb6f3e902602, 30.000000000000004
0, 0, 0, 1576707306, 0xb75f87c467b78445ecb8901b4cb839a8c199046a, 0x662687d984e68a77588fa9b4d2c2e088fc93c8b3, 1.0003570000000002
0, 0, 0, 1576708031, 0xb75f87c467b78445ecb8901b4cb839a8c199046a, 0x443a8548c863808567f7b62836cd79236a760a04, 10.000483000000001
0, 0, 0, 1576709290, 0xb75f87c467b78445ecb8901b4cb839a8c199046a, 0xaeeae40e32f59b187c0c12e6b69af59e3a7a1353, 10.0
0, 0, 0, 1576709843, 0xb75f87c467b78445ecb8901b4cb839a8c199046a, 0xe702c3aa876c11c8eebef48efb2986112c2733fe, 378.992482
