, TxHash, BlockHeight, TimesStamp, From, To, Value
0, 0, 0, 1575656019, 0x6fd9090a4cfcdaebb9fe2608a590bba5e9bfca61, 0xb76573b25a64cee52aa3e3cb4ec1bdd8b77640b5, 15.000252000000001
0, 0, 0, 1575656037, 0xb76573b25a64cee52aa3e3cb4ec1bdd8b77640b5, 0x5dcff3a72c5fe9c646456a830a4d5cdd7d3cad42, 15.000000000000002
0, 0, 0, 1575656371, 0x83053c32b7819f420dcfed2d218335fe430fe3b5, 0xb76573b25a64cee52aa3e3cb4ec1bdd8b77640b5, 0.0
