, TxHash, BlockHeight, TimesStamp, From, To, Value
0, 0, 0, 1575718851, 0x52c2e3a608f7e6f32a829b017788c24309dd33ce, 0xb7696fbfd25198fcc1378a7aea0e946971a7c014, 50.00050400000001
0, 0, 0, 1575718875, 0x83053c32b7819f420dcfed2d218335fe430fe3b5, 0xb7696fbfd25198fcc1378a7aea0e946971a7c014, 0.0
0, 0, 0, 1575718875, 0xb7696fbfd25198fcc1378a7aea0e946971a7c014, 0x0a97c12253ff6714375d4c62da8e8c9fbabd99a6, 50.000252
