, TxHash, BlockHeight, TimesStamp, From, To, Value
0, 0, 0, 1576834328, 0x5d1989c4e7805a150b73f7816d7460fed4a85e14, 0xb725a4b44b4ba99e718f779a0cfa04767ffaf242, 0.561388
0, 0, 0, 1576834352, 0x83053c32b7819f420dcfed2d218335fe430fe3b5, 0xb725a4b44b4ba99e718f779a0cfa04767ffaf242, 0.0
0, 0, 0, 1576834959, 0xb725a4b44b4ba99e718f779a0cfa04767ffaf242, 0x8adbdbf7c5b07f0a4c526805bf7890a2d2c7385e, 0.1
0, 0, 0, 1576839008, 0xb725a4b44b4ba99e718f779a0cfa04767ffaf242, 0x8adbdbf7c5b07f0a4c526805bf7890a2d2c7385e, 0.46
0, 0, 0, 1576851402, 0x5d1989c4e7805a150b73f7816d7460fed4a85e14, 0xb725a4b44b4ba99e718f779a0cfa04767ffaf242, 60.168748
0, 0, 0, 1576851495, 0xb725a4b44b4ba99e718f779a0cfa04767ffaf242, 0x8adbdbf7c5b07f0a4c526805bf7890a2d2c7385e, 60.160000000000004
0, 0, 0, 1576856782, 0x5d1989c4e7805a150b73f7816d7460fed4a85e14, 0xb725a4b44b4ba99e718f779a0cfa04767ffaf242, 24.611348000000003
0, 0, 0, 1576858084, 0xb725a4b44b4ba99e718f779a0cfa04767ffaf242, 0x8adbdbf7c5b07f0a4c526805bf7890a2d2c7385e, 24.610000000000003
0, 0, 0, 1576864422, 0x5d1989c4e7805a150b73f7816d7460fed4a85e14, 0xb725a4b44b4ba99e718f779a0cfa04767ffaf242, 24.611348000000003
0, 0, 0, 1576893163, 0x5d1989c4e7805a150b73f7816d7460fed4a85e14, 0xb725a4b44b4ba99e718f779a0cfa04767ffaf242, 38.945248
0, 0, 0, 1576903103, 0x8adbdbf7c5b07f0a4c526805bf7890a2d2c7385e, 0xb725a4b44b4ba99e718f779a0cfa04767ffaf242, 1.0
0, 0, 0, 1576903260, 0x8adbdbf7c5b07f0a4c526805bf7890a2d2c7385e, 0xb725a4b44b4ba99e718f779a0cfa04767ffaf242, 21.083000000000002
0, 0, 0, 1576908684, 0xb725a4b44b4ba99e718f779a0cfa04767ffaf242, 0x64e3643a2c38f86f3739f0e9ceb6e703237235c6, 1.0
0, 0, 0, 1576943711, 0x84f4bcc4e841afdfde7899662f8bbd7d6a71c112, 0xb725a4b44b4ba99e718f779a0cfa04767ffaf242, 1.2136
0, 0, 0, 1576944810, 0xb725a4b44b4ba99e718f779a0cfa04767ffaf242, 0xc9446c55fc7a1d0ccbee6ac86d6eb91eefa5eeaa, 10.0
0, 0, 0, 1576945370, 0xb725a4b44b4ba99e718f779a0cfa04767ffaf242, 0xf02e16e588eb7cf97d02e752aaa2725cae5447fa, 43.206700000000005
0, 0, 0, 1576945554, 0xc9446c55fc7a1d0ccbee6ac86d6eb91eefa5eeaa, 0xb725a4b44b4ba99e718f779a0cfa04767ffaf242, 44.48500000000001
0, 0, 0, 1576992443, 0xb725a4b44b4ba99e718f779a0cfa04767ffaf242, 0x16594ff8f5056ca160f4132a7e6036b2e8c16461, 77.14
0, 0, 0, 1576994291, 0x16594ff8f5056ca160f4132a7e6036b2e8c16461, 0xb725a4b44b4ba99e718f779a0cfa04767ffaf242, 948.9000000000001
0, 0, 0, 1576994631, 0xb725a4b44b4ba99e718f779a0cfa04767ffaf242, 0x8010eea901319fa82f4391b07eafc7fa3c6c9b99, 948.9000000000001
