, TxHash, BlockHeight, TimesStamp, From, To, Value
0, 0, 0, 1575636082, 0x541f5c20e1504bf749ea65328fb4fdda5cc3e6b9, 0xb7aff72651c0cdd0fec05bbbe9b90c676f45fe31, 10.000756
0, 0, 0, 1575636093, 0xb7aff72651c0cdd0fec05bbbe9b90c676f45fe31, 0x91a2fbfc875ae91a4b9fee0258df2bff71c4a73d, 10.000378000000001
0, 0, 0, 1575636133, 0x83053c32b7819f420dcfed2d218335fe430fe3b5, 0xb7aff72651c0cdd0fec05bbbe9b90c676f45fe31, 0.0
