, TxHash, BlockHeight, TimesStamp, From, To, Value
0, 0, 0, 1575681306, 0x541f5c20e1504bf749ea65328fb4fdda5cc3e6b9, 0xb89729b513adfcd6bd95f9873865536793c2b14c, 20.000798000000003
0, 0, 0, 1575681342, 0xb89729b513adfcd6bd95f9873865536793c2b14c, 0x87b0428462794ddda31d23ee734fcb6403b6296b, 20.000399
0, 0, 0, 1575681416, 0x83053c32b7819f420dcfed2d218335fe430fe3b5, 0xb89729b513adfcd6bd95f9873865536793c2b14c, 0.0
