, TxHash, BlockHeight, TimesStamp, From, To, Value
0, 0, 0, 1576508030, 0xc2baa6b8dfb3ca561619a9f9518e1f9652103d63, 0xb8e4ebc840ecfb64d0070f964c3da61cf70adfb7, 1000.5000000000001
0, 0, 0, 1576508106, 0x83053c32b7819f420dcfed2d218335fe430fe3b5, 0xb8e4ebc840ecfb64d0070f964c3da61cf70adfb7, 0.0
0, 0, 0, 1576576132, 0x593c7cb8a7cf14064a67fc252726a7b38aa81ff7, 0xb8e4ebc840ecfb64d0070f964c3da61cf70adfb7, 1000.9983410000001
0, 0, 0, 1576729093, 0xb8e4ebc840ecfb64d0070f964c3da61cf70adfb7, 0xdbc0bd8a73a98c1741228ed81325b21a46d3a1e4, 500.00000000000006
0, 0, 0, 1576861850, 0xb8e4ebc840ecfb64d0070f964c3da61cf70adfb7, 0xc2bc4c7f7de680f35084aef7fcde7f8d3a424d0e, 500.00000000000006
0, 0, 0, 1576889728, 0xb8e4ebc840ecfb64d0070f964c3da61cf70adfb7, 0xa82ca983b650d5852e5105b0793a5bceabe811f6, 500.00000000000006
0, 0, 0, 1576893713, 0xb8e4ebc840ecfb64d0070f964c3da61cf70adfb7, 0x24c0ac348aa840b851ba601750bdc51ea3a75db9, 500.00000000000006
0, 0, 0, 1578153400, 0xb8e4ebc840ecfb64d0070f964c3da61cf70adfb7, 0xc2baa6b8dfb3ca561619a9f9518e1f9652103d63, 1.496367
