, TxHash, BlockHeight, TimesStamp, From, To, Value
0, 0, 0, 1575654528, 0x541f5c20e1504bf749ea65328fb4fdda5cc3e6b9, 0xbb6ce3a64610f2ec9c120f661eca5cab18198052, 15.000756
0, 0, 0, 1575654541, 0xbb6ce3a64610f2ec9c120f661eca5cab18198052, 0xb1f8216748c5d7ec56355d45b12fe4b971b3daeb, 15.000378000000001
0, 0, 0, 1575654551, 0x83053c32b7819f420dcfed2d218335fe430fe3b5, 0xbb6ce3a64610f2ec9c120f661eca5cab18198052, 0.0
