, TxHash, BlockHeight, TimesStamp, From, To, Value
0, 0, 0, 1575655174, 0x541f5c20e1504bf749ea65328fb4fdda5cc3e6b9, 0xbc9b1f648a8a1849f6d1fb12c9d62069fcb05fe8, 15.000630000000001
0, 0, 0, 1575655192, 0xbc9b1f648a8a1849f6d1fb12c9d62069fcb05fe8, 0x3d6fd41ff719dfffff6d3704d91096fd7882b6c0, 15.000315
0, 0, 0, 1575655436, 0x83053c32b7819f420dcfed2d218335fe430fe3b5, 0xbc9b1f648a8a1849f6d1fb12c9d62069fcb05fe8, 0.0
