, TxHash, BlockHeight, TimesStamp, From, To, Value
0, 0, 0, 1575653149, 0x541f5c20e1504bf749ea65328fb4fdda5cc3e6b9, 0xbcd4cb205176e4028fcb975f1f7dd12686d18053, 15.000756
0, 0, 0, 1575653181, 0xbcd4cb205176e4028fcb975f1f7dd12686d18053, 0x3ce115754818a13f3c96f75124712ffb2a7a858e, 15.000378000000001
0, 0, 0, 1575653547, 0x83053c32b7819f420dcfed2d218335fe430fe3b5, 0xbcd4cb205176e4028fcb975f1f7dd12686d18053, 0.0
