, TxHash, BlockHeight, TimesStamp, From, To, Value
0, 0, 0, 1575537812, 0x8d81f9f4b86df7c643a94bb90e73c6067bdb6c6e, 0xbce84011f50a3f4ba1dae522b918ad21794d236a, 14.686925
0, 0, 0, 1575537831, 0x83053c32b7819f420dcfed2d218335fe430fe3b5, 0xbce84011f50a3f4ba1dae522b918ad21794d236a, 0.0
0, 0, 0, 1575620857, 0xbce84011f50a3f4ba1dae522b918ad21794d236a, 0x65461347657d15fe5a9a698095d87dc971a63c9f, 3.0009240000000004
0, 0, 0, 1575621996, 0xbce84011f50a3f4ba1dae522b918ad21794d236a, 0xbea0e881baa530d4352bdaf529e6be2acce97649, 11.685203000000001
