, TxHash, BlockHeight, TimesStamp, From, To, Value
0, 0, 0, 1577144721, 0x987f8cfb36086c78becc03e4e3369c69e195d476, 0xbcbdccd39c32590e6a04cb7ae6b917c942e0bbfd, 500.00079800000003
0, 0, 0, 1577144724, 0x83053c32b7819f420dcfed2d218335fe430fe3b5, 0xbcbdccd39c32590e6a04cb7ae6b917c942e0bbfd, 0.0
0, 0, 0, 1577144724, 0xbcbdccd39c32590e6a04cb7ae6b917c942e0bbfd, 0x67cc3c0226f73b940dc03c939eb1c510c2570c78, 500.000399
