, TxHash, BlockHeight, TimesStamp, From, To, Value
0, 0, 0, 1575650855, 0x541f5c20e1504bf749ea65328fb4fdda5cc3e6b9, 0xbc34d975a674c9f1fd4de0164fef94440c29c20c, 10.000546
0, 0, 0, 1575650872, 0xbc34d975a674c9f1fd4de0164fef94440c29c20c, 0x50c846f92ee732c27a664aa2f7413c72d6778b35, 10.000273
0, 0, 0, 1575650881, 0x83053c32b7819f420dcfed2d218335fe430fe3b5, 0xbc34d975a674c9f1fd4de0164fef94440c29c20c, 0.0
