, TxHash, BlockHeight, TimesStamp, From, To, Value
0, 0, 0, 1578211877, 0x65b04162003977873cb18e54ecef805186a559b6, 0xbd671b2fdca2f89d2080265c37e189b0ec7a5cb8, 2399.998068
0, 0, 0, 1578211895, 0x83053c32b7819f420dcfed2d218335fe430fe3b5, 0xbd671b2fdca2f89d2080265c37e189b0ec7a5cb8, 0.0
0, 0, 0, 1578211895, 0xbd671b2fdca2f89d2080265c37e189b0ec7a5cb8, 0xd40885c8d582a2b8d7c5e3627d6f116dc37772dc, 2399.997816
