, TxHash, BlockHeight, TimesStamp, From, To, Value
0, 0, 0, 1575300628, 0xf4678169b1eb0c141fd99942ac02191145fefe3f, 0xbdd04c6405a4957c5086f59b6fb2270be81b63a1, 1001.0000000000001
0, 0, 0, 1575300736, 0xf4678169b1eb0c141fd99942ac02191145fefe3f, 0xbdd04c6405a4957c5086f59b6fb2270be81b63a1, 10000.0
0, 0, 0, 1575465771, 0x83053c32b7819f420dcfed2d218335fe430fe3b5, 0xbdd04c6405a4957c5086f59b6fb2270be81b63a1, 0.0
0, 0, 0, 1576232016, 0xbdd04c6405a4957c5086f59b6fb2270be81b63a1, 0x27e6b7a248ac8f2321f1dd29695aaf38b07e9c1c, 5005.0
0, 0, 0, 1576232089, 0xbdd04c6405a4957c5086f59b6fb2270be81b63a1, 0xc0b420c5c47d1b6c594579c1103ac0ff6f73fc70, 5005.0
0, 0, 0, 1577608299, 0x51a2176a38db9e5ebdecadd2b6142d13f2382c86, 0xbdd04c6405a4957c5086f59b6fb2270be81b63a1, 0.001
0, 0, 0, 1578317445, 0xc0b420c5c47d1b6c594579c1103ac0ff6f73fc70, 0xbdd04c6405a4957c5086f59b6fb2270be81b63a1, 4.9979000000000005
0, 0, 0, 1578317795, 0x27e6b7a248ac8f2321f1dd29695aaf38b07e9c1c, 0xbdd04c6405a4957c5086f59b6fb2270be81b63a1, 4.997543
0, 0, 0, 1578317927, 0xbdd04c6405a4957c5086f59b6fb2270be81b63a1, 0xf4678169b1eb0c141fd99942ac02191145fefe3f, 1000.995162
