, TxHash, BlockHeight, TimesStamp, From, To, Value
0, 0, 0, 1575027400, 0x9719fadeb0d8791bcc97f5b296bafa716c7316e7, 0xbed33dbeb5677248c8fbd0895a3e118989d5f08e, 9.999590000000001
0, 0, 0, 1575388695, 0xbed33dbeb5677248c8fbd0895a3e118989d5f08e, 0xd83ef6512177bb457131177f47d945caa24e566d, 9.9991436
0, 0, 0, 1575465771, 0x83053c32b7819f420dcfed2d218335fe430fe3b5, 0xbed33dbeb5677248c8fbd0895a3e118989d5f08e, 0.0
