, TxHash, BlockHeight, TimesStamp, From, To, Value
0, 0, 0, 1575442955, 0x8c69821953c2c470ea05f746286de6df258bc440, 0xbe85ae91594f7d18f5b85e2a6c9ff9b369cbe51a, 0.99958
0, 0, 0, 1575442980, 0xbe85ae91594f7d18f5b85e2a6c9ff9b369cbe51a, 0x9bb2d596447020e099322f25a9151911a2bf74bb, 0.99916
0, 0, 0, 1575465691, 0x83053c32b7819f420dcfed2d218335fe430fe3b5, 0xbe85ae91594f7d18f5b85e2a6c9ff9b369cbe51a, 0.0
