, TxHash, BlockHeight, TimesStamp, From, To, Value
0, 0, 0, 1575621996, 0xbce84011f50a3f4ba1dae522b918ad21794d236a, 0xbea0e881baa530d4352bdaf529e6be2acce97649, 11.685203000000001
0, 0, 0, 1575622011, 0x83053c32b7819f420dcfed2d218335fe430fe3b5, 0xbea0e881baa530d4352bdaf529e6be2acce97649, 0.0
0, 0, 0, 1575622011, 0xbea0e881baa530d4352bdaf529e6be2acce97649, 0xd82f058db7db814b5f29b6358bb11c5ec085fa62, 11.684867
