, TxHash, BlockHeight, TimesStamp, From, To, Value
0, 0, 0, 1576225654, 0xd2b5383854cf2fcdb75bfc5b280defbf5121c1d1, 0xbe1a25b67b12e494d43cf39b4255d5be212ccbe0, 1000.5000000000001
0, 0, 0, 1576225702, 0x83053c32b7819f420dcfed2d218335fe430fe3b5, 0xbe1a25b67b12e494d43cf39b4255d5be212ccbe0, 0.0
0, 0, 0, 1576247444, 0xbe1a25b67b12e494d43cf39b4255d5be212ccbe0, 0xa539f7d620571492fa639d4c54f5030030190a80, 1000.0000000000001
0, 0, 0, 1576252993, 0xbe1a25b67b12e494d43cf39b4255d5be212ccbe0, 0xd2b5383854cf2fcdb75bfc5b280defbf5121c1d1, 0.49928600000000006
