, TxHash, BlockHeight, TimesStamp, From, To, Value
0, 0, 0, 1575658255, 0x541f5c20e1504bf749ea65328fb4fdda5cc3e6b9, 0xbf4b32eab25e5cbc7ca7ef20293c5cb6c3dfc446, 20.000966000000002
0, 0, 0, 1575658283, 0xbf4b32eab25e5cbc7ca7ef20293c5cb6c3dfc446, 0x8efec015dde17cdba4e96508db177e4ff083c71f, 20.000483000000003
0, 0, 0, 1575658355, 0x83053c32b7819f420dcfed2d218335fe430fe3b5, 0xbf4b32eab25e5cbc7ca7ef20293c5cb6c3dfc446, 0.0
