, TxHash, BlockHeight, TimesStamp, From, To, Value
0, 0, 0, 1577087831, 0x51461dadd84f239de648a1dd23988c041210cee4, 0xc09c89e0f35a3b6435a59190a6ce8b46458070d5, 500.000966
0, 0, 0, 1577087835, 0x83053c32b7819f420dcfed2d218335fe430fe3b5, 0xc09c89e0f35a3b6435a59190a6ce8b46458070d5, 0.0
0, 0, 0, 1577087835, 0xc09c89e0f35a3b6435a59190a6ce8b46458070d5, 0x784af80c3549399f362e6f2d024903fdaa417fb0, 500.00048300000003
