, TxHash, BlockHeight, TimesStamp, From, To, Value
0, 0, 0, 1576026044, 0x2c182757728039f2640a293d2b3111b964297157, 0xc013d98c200997c67f7372e18a743cbd5cc0b15d, 500.00000000000006
0, 0, 0, 1576026069, 0x83053c32b7819f420dcfed2d218335fe430fe3b5, 0xc013d98c200997c67f7372e18a743cbd5cc0b15d, 0.0
0, 0, 0, 1576027876, 0xc013d98c200997c67f7372e18a743cbd5cc0b15d, 0x905282365963c3971641748d272dcbcbeea23b1e, 40.000336000000004
0, 0, 0, 1576028791, 0xc013d98c200997c67f7372e18a743cbd5cc0b15d, 0x4b821c450294205624777e1643b028d680edede7, 40.000378000000005
0, 0, 0, 1576030120, 0xc013d98c200997c67f7372e18a743cbd5cc0b15d, 0x560a3aa52bebb989feed5b4d031b8989a5d60b06, 40.000420000000005
0, 0, 0, 1576030751, 0xc013d98c200997c67f7372e18a743cbd5cc0b15d, 0x6460721c54f85a25dc9ff7a57ff8ec2e1b8ac42c, 15.000441
0, 0, 0, 1576031512, 0xc013d98c200997c67f7372e18a743cbd5cc0b15d, 0xd294519d3ef9e9b2aafe68ef5605836075397f53, 40.00048300000001
0, 0, 0, 1576033440, 0xc013d98c200997c67f7372e18a743cbd5cc0b15d, 0x87f6f9593c706523f34929a4855f635285e32b98, 40.000441
0, 0, 0, 1576034240, 0xc013d98c200997c67f7372e18a743cbd5cc0b15d, 0x68a7e7e9d02918b225ca32665dc7fc857998cf99, 40.00031500000001
0, 0, 0, 1576034997, 0xc013d98c200997c67f7372e18a743cbd5cc0b15d, 0x4468c8bd8f2dd11ca89ad2fb254ba91391b168a8, 40.00031500000001
0, 0, 0, 1576036148, 0xc013d98c200997c67f7372e18a743cbd5cc0b15d, 0xad0e6a2f04e20d34c9fac8bfa6af2a4a7da531c5, 40.00039900000001
0, 0, 0, 1576038010, 0xc013d98c200997c67f7372e18a743cbd5cc0b15d, 0xcda8c4d328b7fbd053ea3db541ee8ff25ebcf8ca, 40.000462000000006
0, 0, 0, 1576038811, 0xc013d98c200997c67f7372e18a743cbd5cc0b15d, 0x81b17cb31152ebd601fc791eef9d53d02e4e7163, 40.000336000000004
0, 0, 0, 1576040297, 0xc013d98c200997c67f7372e18a743cbd5cc0b15d, 0x4d235b90093b17b84242fa1d16c81cca4b159055, 40.000273
0, 0, 0, 1576044328, 0xc013d98c200997c67f7372e18a743cbd5cc0b15d, 0x3c552cf88460c1c46c56a67203380898268e85fc, 0.0
0, 0, 0, 1576044421, 0xc013d98c200997c67f7372e18a743cbd5cc0b15d, 0x184ddb5fc5f0753b2d086de9ee797265bb3412bf, 0.0001
0, 0, 0, 1576074791, 0xc013d98c200997c67f7372e18a743cbd5cc0b15d, 0x1bbe035915f864bb3c2f6ba52668cf0f7bce2df8, 25.000588
0, 0, 0, 1576078476, 0xc013d98c200997c67f7372e18a743cbd5cc0b15d, 0x5c494ffef42e17cf3baaa5dbbdbdf3c6551d9a6e, 19.98814
