, TxHash, BlockHeight, TimesStamp, From, To, Value
0, 0, 0, 1576232089, 0xbdd04c6405a4957c5086f59b6fb2270be81b63a1, 0xc0b420c5c47d1b6c594579c1103ac0ff6f73fc70, 5005.0
0, 0, 0, 1576232099, 0x83053c32b7819f420dcfed2d218335fe430fe3b5, 0xc0b420c5c47d1b6c594579c1103ac0ff6f73fc70, 0.0
0, 0, 0, 1576310376, 0xc0b420c5c47d1b6c594579c1103ac0ff6f73fc70, 0x947ff37f71df8556e49400170fdb9b6999ebde03, 1000.5000000000001
0, 0, 0, 1576933950, 0xc0b420c5c47d1b6c594579c1103ac0ff6f73fc70, 0x33dc6f9659963174ca26559636502f70fd7ec85c, 4000.0000000000005
0, 0, 0, 1578315295, 0x947ff37f71df8556e49400170fdb9b6999ebde03, 0xc0b420c5c47d1b6c594579c1103ac0ff6f73fc70, 0.49922300000000003
0, 0, 0, 1578317445, 0xc0b420c5c47d1b6c594579c1103ac0ff6f73fc70, 0xbdd04c6405a4957c5086f59b6fb2270be81b63a1, 4.9979000000000005
