, TxHash, BlockHeight, TimesStamp, From, To, Value
0, 0, 0, 1575636367, 0x541f5c20e1504bf749ea65328fb4fdda5cc3e6b9, 0xc0c864b31eca27252c7465a99f3d856b7eebdd4e, 15.000966000000002
0, 0, 0, 1575636388, 0xc0c864b31eca27252c7465a99f3d856b7eebdd4e, 0x9fa1b287aa6ca062f0ea221759623e9d7ea0a676, 15.000483000000001
0, 0, 0, 1575636848, 0x83053c32b7819f420dcfed2d218335fe430fe3b5, 0xc0c864b31eca27252c7465a99f3d856b7eebdd4e, 0.0
