, TxHash, BlockHeight, TimesStamp, From, To, Value
0, 0, 0, 1577169123, 0x987f8cfb36086c78becc03e4e3369c69e195d476, 0xc15b4810ec213787a336f40166468d51f5b37547, 1000.001386
0, 0, 0, 1577169131, 0x83053c32b7819f420dcfed2d218335fe430fe3b5, 0xc15b4810ec213787a336f40166468d51f5b37547, 0.0
0, 0, 0, 1577169131, 0xc15b4810ec213787a336f40166468d51f5b37547, 0x93b6b0446cc2435fc6111e138a60ee758e11ba2e, 1000.000924
