, TxHash, BlockHeight, TimesStamp, From, To, Value
0, 0, 0, 1575677610, 0xefcecd4104e10f5740abc8064d813e598febac1f, 0xc28918e71a8868ffdd48838633933286d057033b, 30.000399
0, 0, 0, 1575677640, 0xc28918e71a8868ffdd48838633933286d057033b, 0xab1facf1c14585c1918506a4f36a8707df77e555, 30.000000000000004
0, 0, 0, 1575678001, 0x83053c32b7819f420dcfed2d218335fe430fe3b5, 0xc28918e71a8868ffdd48838633933286d057033b, 0.0
