, TxHash, BlockHeight, TimesStamp, From, To, Value
0, 0, 0, 1576227424, 0x0651ccbcf0dadcea7b6696024c94a235eb2921c6, 0xc2baa6b8dfb3ca561619a9f9518e1f9652103d63, 5005.0
0, 0, 0, 1576227447, 0x83053c32b7819f420dcfed2d218335fe430fe3b5, 0xc2baa6b8dfb3ca561619a9f9518e1f9652103d63, 0.0
0, 0, 0, 1576309078, 0xc2baa6b8dfb3ca561619a9f9518e1f9652103d63, 0x58c0128254359132975001c3787f2ef3169897fa, 1000.5000000000001
0, 0, 0, 1576481668, 0xc2baa6b8dfb3ca561619a9f9518e1f9652103d63, 0x2dc027f9f7f865452b9001a8f257030c16d76dc7, 1000.5000000000001
0, 0, 0, 1576486207, 0x630cf30ee39403cd677ea1fb564b219867b6e568, 0xc2baa6b8dfb3ca561619a9f9518e1f9652103d63, 4.992776
0, 0, 0, 1576497945, 0xfdf997828da13a85741e38ce404c7d26bd9cc35b, 0xc2baa6b8dfb3ca561619a9f9518e1f9652103d63, 0.0
0, 0, 0, 1576503767, 0x58c0128254359132975001c3787f2ef3169897fa, 0xc2baa6b8dfb3ca561619a9f9518e1f9652103d63, 0.49900800000000006
0, 0, 0, 1576507872, 0xc2baa6b8dfb3ca561619a9f9518e1f9652103d63, 0x593c7cb8a7cf14064a67fc252726a7b38aa81ff7, 1000.5000000000001
0, 0, 0, 1576508030, 0xc2baa6b8dfb3ca561619a9f9518e1f9652103d63, 0xb8e4ebc840ecfb64d0070f964c3da61cf70adfb7, 1000.5000000000001
0, 0, 0, 1576552665, 0xc2baa6b8dfb3ca561619a9f9518e1f9652103d63, 0x148e741f7316f8d472c7363957c344d0458a95d8, 1000.5000000000001
0, 0, 0, 1578153400, 0xb8e4ebc840ecfb64d0070f964c3da61cf70adfb7, 0xc2baa6b8dfb3ca561619a9f9518e1f9652103d63, 1.496367
0, 0, 0, 1578153633, 0x148e741f7316f8d472c7363957c344d0458a95d8, 0xc2baa6b8dfb3ca561619a9f9518e1f9652103d63, 0.49928600000000006
0, 0, 0, 1578153783, 0xc2baa6b8dfb3ca561619a9f9518e1f9652103d63, 0x0651ccbcf0dadcea7b6696024c94a235eb2921c6, 9.985085000000002
