, TxHash, BlockHeight, TimesStamp, From, To, Value
0, 0, 0, 1576925134, 0xf3fe2154e7fc92e3e43dd3be39ca29d110a5c47d, 0xc292a9d5e489d4ed867da36c058e6c64b6948cbc, 1500.0007140000002
0, 0, 0, 1576925170, 0x83053c32b7819f420dcfed2d218335fe430fe3b5, 0xc292a9d5e489d4ed867da36c058e6c64b6948cbc, 0.0
0, 0, 0, 1576925170, 0xc292a9d5e489d4ed867da36c058e6c64b6948cbc, 0xb8c1c1c8f32be2740481cdda24993a05ac40db69, 1500.0003570000001
