, TxHash, BlockHeight, TimesStamp, From, To, Value
0, 0, 0, 1576861850, 0xb8e4ebc840ecfb64d0070f964c3da61cf70adfb7, 0xc2bc4c7f7de680f35084aef7fcde7f8d3a424d0e, 500.00000000000006
0, 0, 0, 1576861890, 0x83053c32b7819f420dcfed2d218335fe430fe3b5, 0xc2bc4c7f7de680f35084aef7fcde7f8d3a424d0e, 0.0
0, 0, 0, 1576862697, 0xc2bc4c7f7de680f35084aef7fcde7f8d3a424d0e, 0xd67050e85b0e6cd2c5ae048932747b1c1666e720, 10.000756
0, 0, 0, 1576862975, 0xc2bc4c7f7de680f35084aef7fcde7f8d3a424d0e, 0x23aa6a7ca69e8142f49a8cfb5de52c0706f38558, 90.00096600000002
0, 0, 0, 1576863287, 0xc2bc4c7f7de680f35084aef7fcde7f8d3a424d0e, 0x03b117e86c33d77b222e3acee469329bbcc588df, 100.00035700000001
0, 0, 0, 1576863609, 0xc2bc4c7f7de680f35084aef7fcde7f8d3a424d0e, 0x1ebc9011dabb351e702384c764b4be5622a34241, 100.000546
0, 0, 0, 1576863884, 0xc2bc4c7f7de680f35084aef7fcde7f8d3a424d0e, 0x596bd216c95305c5ccb2b1e77cac67eb70e3b858, 100.000546
0, 0, 0, 1576864823, 0xc2bc4c7f7de680f35084aef7fcde7f8d3a424d0e, 0x4baa9d5ec176143dc20c9f16b27ba59635c4ec21, 99.994666
