, TxHash, BlockHeight, TimesStamp, From, To, Value
0, 0, 0, 1578134120, 0xa317dab3553e987c79d098c6fcccf0f002f6e163, 0xc2189b56106f1e4f2d895e7537a2705221ecfeb5, 100.000252
0, 0, 0, 1578134153, 0x83053c32b7819f420dcfed2d218335fe430fe3b5, 0xc2189b56106f1e4f2d895e7537a2705221ecfeb5, 0.0
0, 0, 0, 1578134153, 0xc2189b56106f1e4f2d895e7537a2705221ecfeb5, 0x542724a5d04516cd1b14ee9a6f348c40cf8efd16, 100.00000000000001
