, TxHash, BlockHeight, TimesStamp, From, To, Value
0, 0, 0, 1575630544, 0x541f5c20e1504bf749ea65328fb4fdda5cc3e6b9, 0xc3680c921b2a98c4dcea1aab4ce090680d4b6af9, 15.000840000000002
0, 0, 0, 1575630578, 0x83053c32b7819f420dcfed2d218335fe430fe3b5, 0xc3680c921b2a98c4dcea1aab4ce090680d4b6af9, 0.0
0, 0, 0, 1575630643, 0xc3680c921b2a98c4dcea1aab4ce090680d4b6af9, 0xb6dbac15176fd09a56510639b46f59fba9834076, 15.000420000000002
