, TxHash, BlockHeight, TimesStamp, From, To, Value
0, 0, 0, 1575618364, 0xcd476307999272fe506233672f77b89d6002a2d5, 0xc40b12f527061bec7b1f036a4d036c6ae7fe93e2, 10.579154
0, 0, 0, 1575618408, 0x83053c32b7819f420dcfed2d218335fe430fe3b5, 0xc40b12f527061bec7b1f036a4d036c6ae7fe93e2, 0.0
0, 0, 0, 1575618408, 0xc40b12f527061bec7b1f036a4d036c6ae7fe93e2, 0x7f6482e5019b6fc3359c345e64a373bdb931a2b7, 10.578818
