, TxHash, BlockHeight, TimesStamp, From, To, Value
0, 0, 0, 1576967322, 0x4416bb47029a1d6218589f3a050b88c090ea5325, 0xc42c011e4707d10cc9665de0ac7849e1afe0c118, 1999.998215
0, 0, 0, 1576967368, 0x83053c32b7819f420dcfed2d218335fe430fe3b5, 0xc42c011e4707d10cc9665de0ac7849e1afe0c118, 0.0
0, 0, 0, 1576967368, 0xc42c011e4707d10cc9665de0ac7849e1afe0c118, 0x00b1480259b3c9f9b0cb9b62bafac3c10c0d08bd, 1999.9979210000001
