, TxHash, BlockHeight, TimesStamp, From, To, Value
0, 0, 0, 1576121347, 0x3d39a9e7d3f09c229096c0c19ec5d0d01a63b03b, 0xc5a7ee80a37136bfd16064a44fbf0fc8aa497488, 400.00000000000006
0, 0, 0, 1576121377, 0x83053c32b7819f420dcfed2d218335fe430fe3b5, 0xc5a7ee80a37136bfd16064a44fbf0fc8aa497488, 0.0
0, 0, 0, 1576122537, 0xc5a7ee80a37136bfd16064a44fbf0fc8aa497488, 0xe7b1996dc2167e5690e0f287b656ddc6f288e257, 50.00063
0, 0, 0, 1576122764, 0xc5a7ee80a37136bfd16064a44fbf0fc8aa497488, 0xb3b159575f7ebc0659f28f148482d3a8acef1329, 50.00000000000001
0, 0, 0, 1576122919, 0xc5a7ee80a37136bfd16064a44fbf0fc8aa497488, 0x0f7788be72cb2eeac1257ce92167c36bcc2e7301, 50.00000000000001
0, 0, 0, 1576122928, 0xc5a7ee80a37136bfd16064a44fbf0fc8aa497488, 0xc2a5ff144240ef34f49c88b50a432175523712fa, 50.00000000000001
0, 0, 0, 1576123009, 0xc5a7ee80a37136bfd16064a44fbf0fc8aa497488, 0x16a178cd2ef850d44ec813c702f650dde815732b, 50.00000000000001
0, 0, 0, 1576123016, 0xc5a7ee80a37136bfd16064a44fbf0fc8aa497488, 0x421c1d3f198bf07f64993e4afe6165564cc78670, 50.00000000000001
0, 0, 0, 1576123068, 0xc5a7ee80a37136bfd16064a44fbf0fc8aa497488, 0x5c694a591525009a00cd9ec04edc9aa1554fc75f, 50.00000000000001
0, 0, 0, 1576123130, 0xc5a7ee80a37136bfd16064a44fbf0fc8aa497488, 0xbd5f6cf0ccd10375395f8ba222454c3ee7c27738, 49.99611500000001
