, TxHash, BlockHeight, TimesStamp, From, To, Value
0, 0, 0, 1578227955, 0xd40885c8d582a2b8d7c5e3627d6f116dc37772dc, 0xc6ed935b7b539f68f9732794a9397ad6378b190c, 184.26685
0, 0, 0, 1578227985, 0x83053c32b7819f420dcfed2d218335fe430fe3b5, 0xc6ed935b7b539f68f9732794a9397ad6378b190c, 0.0
0, 0, 0, 1578228356, 0xc6ed935b7b539f68f9732794a9397ad6378b190c, 0x75390be98104cd2f6a15a5a894cce8a926664d5f, 184.256598
0, 0, 0, 1578234974, 0x245a902d6e69c5f3bf7ced01d67e56038675bc98, 0xc6ed935b7b539f68f9732794a9397ad6378b190c, 576.59486
0, 0, 0, 1578241395, 0xc6ed935b7b539f68f9732794a9397ad6378b190c, 0x75390be98104cd2f6a15a5a894cce8a926664d5f, 576.594608
0, 0, 0, 1578246559, 0x245a902d6e69c5f3bf7ced01d67e56038675bc98, 0xc6ed935b7b539f68f9732794a9397ad6378b190c, 570.71762
0, 0, 0, 1578246829, 0xc6ed935b7b539f68f9732794a9397ad6378b190c, 0x75390be98104cd2f6a15a5a894cce8a926664d5f, 570.717368
