, TxHash, BlockHeight, TimesStamp, From, To, Value
0, 0, 0, 1576949187, 0x5f73016b556290b7a7ea6e72fa0d808bb9f2ea0e, 0xc753ed45abf44f64dad2812e0bae662e3fca2364, 500.00031500000006
0, 0, 0, 1576949199, 0x83053c32b7819f420dcfed2d218335fe430fe3b5, 0xc753ed45abf44f64dad2812e0bae662e3fca2364, 0.0
0, 0, 0, 1576949199, 0xc753ed45abf44f64dad2812e0bae662e3fca2364, 0x84f4bcc4e841afdfde7899662f8bbd7d6a71c112, 500.00000000000006
