, TxHash, BlockHeight, TimesStamp, From, To, Value
0, 0, 0, 1576489488, 0x8651bf958c46ff9cb7c49cd62099ab2b7fff9328, 0xc7e61a2d83710c740105017579e0b7cb2438b6df, 3883.0000000000005
0, 0, 0, 1576489531, 0x83053c32b7819f420dcfed2d218335fe430fe3b5, 0xc7e61a2d83710c740105017579e0b7cb2438b6df, 0.0
0, 0, 0, 1576501265, 0xc7e61a2d83710c740105017579e0b7cb2438b6df, 0x355a1cbcc336ab96db267ffcafcd8cfe0526f65c, 0.01
0, 0, 0, 1576561666, 0xc7e61a2d83710c740105017579e0b7cb2438b6df, 0x71f3045d129c858bf4483be8f2e7c403e375aef5, 1831.01
0, 0, 0, 1576565524, 0xc7e61a2d83710c740105017579e0b7cb2438b6df, 0x96cc2f7e416d1356875193683d538fb81bc80663, 1300.0
0, 0, 0, 1576566223, 0xc7e61a2d83710c740105017579e0b7cb2438b6df, 0xc2e3348efbf6004ba27ebccd85b042fc8832ea5a, 107.00000000000001
0, 0, 0, 1576596507, 0xc7e61a2d83710c740105017579e0b7cb2438b6df, 0x7294cecc844ea68da3ab685f6213f4788cf3635e, 1.0
0, 0, 0, 1576597159, 0x7294cecc844ea68da3ab685f6213f4788cf3635e, 0xc7e61a2d83710c740105017579e0b7cb2438b6df, 0.9996073000000001
0, 0, 0, 1576630857, 0xc7e61a2d83710c740105017579e0b7cb2438b6df, 0x96cc2f7e416d1356875193683d538fb81bc80663, 644.9780060300001
