, TxHash, BlockHeight, TimesStamp, From, To, Value
0, 0, 0, 1575703039, 0x52b5b693f6ec06cd3a9312146d3ae23829c12a3d, 0xc70a5d2a27416c261c9fe952db16bf2ea2c3bbc1, 40.000357
0, 0, 0, 1575703121, 0xc70a5d2a27416c261c9fe952db16bf2ea2c3bbc1, 0xab1facf1c14585c1918506a4f36a8707df77e555, 39.999936999999996
0, 0, 0, 1575703227, 0x83053c32b7819f420dcfed2d218335fe430fe3b5, 0xc70a5d2a27416c261c9fe952db16bf2ea2c3bbc1, 0.0
