, TxHash, BlockHeight, TimesStamp, From, To, Value
0, 0, 0, 1577088098, 0x5ebbbd3581dbe87a29eb9bc9d33353a3b2428abe, 0xc702a0f8278973cf80491d2c060dc1835489578d, 500.000966
0, 0, 0, 1577088111, 0x83053c32b7819f420dcfed2d218335fe430fe3b5, 0xc702a0f8278973cf80491d2c060dc1835489578d, 0.0
0, 0, 0, 1577088111, 0xc702a0f8278973cf80491d2c060dc1835489578d, 0x07be287f8756092fd4f58b7d967d356d89f71665, 500.00048300000003
