, TxHash, BlockHeight, TimesStamp, From, To, Value
0, 0, 0, 1575680490, 0x541f5c20e1504bf749ea65328fb4fdda5cc3e6b9, 0xc830f89e324e9c1ab59890541a9f4970c19dccd9, 15.000840000000002
0, 0, 0, 1575680522, 0xc830f89e324e9c1ab59890541a9f4970c19dccd9, 0x8a683d41bcf23fd1e326cd4a19a024e7224da208, 15.000420000000002
0, 0, 0, 1575680823, 0x83053c32b7819f420dcfed2d218335fe430fe3b5, 0xc830f89e324e9c1ab59890541a9f4970c19dccd9, 0.0
