, TxHash, BlockHeight, TimesStamp, From, To, Value
0, 0, 0, 1575632889, 0x6e2ace1d8d17ea71f8ad047d89c8e58b7b9eae35, 0xc96b97f2efb4457b488306e2dfbef8abe116e4cf, 15.000378000000001
0, 0, 0, 1575632953, 0x83053c32b7819f420dcfed2d218335fe430fe3b5, 0xc96b97f2efb4457b488306e2dfbef8abe116e4cf, 0.0
0, 0, 0, 1575633310, 0xc96b97f2efb4457b488306e2dfbef8abe116e4cf, 0x69889d755aa7be685d253bf98ae42d6d1f0dc341, 14.999958000000001
