, TxHash, BlockHeight, TimesStamp, From, To, Value
0, 0, 0, 1575656997, 0x541f5c20e1504bf749ea65328fb4fdda5cc3e6b9, 0xc90bca148c991858f55164ff076179fdc14329a7, 15.000924000000001
0, 0, 0, 1575657010, 0xc90bca148c991858f55164ff076179fdc14329a7, 0xaed1716d997c6c1f1eae2816f3f81f73aa73c945, 15.000462
0, 0, 0, 1575657022, 0x83053c32b7819f420dcfed2d218335fe430fe3b5, 0xc90bca148c991858f55164ff076179fdc14329a7, 0.0
