, TxHash, BlockHeight, TimesStamp, From, To, Value
0, 0, 0, 1576675719, 0xf92001bc5afd794f901425119a6f5ae42da25d35, 0xc9bc266cc6a6952532a987631922d17ceb36be4c, 999.99758164
0, 0, 0, 1576675776, 0x83053c32b7819f420dcfed2d218335fe430fe3b5, 0xc9bc266cc6a6952532a987631922d17ceb36be4c, 0.0
0, 0, 0, 1576678426, 0xc9bc266cc6a6952532a987631922d17ceb36be4c, 0xb72985d86e8322a1d3711a516631ca406d1b99e5, 100.00000000000001
0, 0, 0, 1576726806, 0xc9bc266cc6a6952532a987631922d17ceb36be4c, 0xa337427674e364df3f531e83251ea20a78b9a1b9, 899.9970165300001
0, 0, 0, 1591778096, 0xb685d0daea607fe75e02c1a7679261eac661b9bc, 0xc9bc266cc6a6952532a987631922d17ceb36be4c, 0.005560093
0, 0, 0, 1591778167, 0xc9bc266cc6a6952532a987631922d17ceb36be4c, 0xdac17f958d2ee523a2206206994597c13d831ec7, 0.0
0, 0, 0, 1591778167, 0xc9bc266cc6a6952532a987631922d17ceb36be4c, 0xdac17f958d2ee523a2206206994597c13d831ec7, 0.0
