, TxHash, BlockHeight, TimesStamp, From, To, Value
0, 0, 0, 1575654952, 0x541f5c20e1504bf749ea65328fb4fdda5cc3e6b9, 0xca917f264471447d72d29b8e08ce94c0b018742a, 15.000588
0, 0, 0, 1575654972, 0x83053c32b7819f420dcfed2d218335fe430fe3b5, 0xca917f264471447d72d29b8e08ce94c0b018742a, 0.0
0, 0, 0, 1575654972, 0xca917f264471447d72d29b8e08ce94c0b018742a, 0xfeeb46f6ce0cf801e80849fe55248958b9be014b, 15.000294
