, TxHash, BlockHeight, TimesStamp, From, To, Value
0, 0, 0, 1576992826, 0x812e25e989c17f23299393520fba33d6bbc93ad1, 0xcae097f61c9cb27a2552123a615ccdb2d12e67d7, 500.00054600000004
0, 0, 0, 1576992919, 0xcae097f61c9cb27a2552123a615ccdb2d12e67d7, 0x0ae7db4096e9d17fc88afd42775448503cc74c83, 500.00027300000005
0, 0, 0, 1576995433, 0x83053c32b7819f420dcfed2d218335fe430fe3b5, 0xcae097f61c9cb27a2552123a615ccdb2d12e67d7, 0.0
