, TxHash, BlockHeight, TimesStamp, From, To, Value
0, 0, 0, 1575640291, 0x541f5c20e1504bf749ea65328fb4fdda5cc3e6b9, 0xcaf4c35c59a99dbfa3ccba0e9c4e550ce2e6ab01, 15.000924000000001
0, 0, 0, 1575640334, 0xcaf4c35c59a99dbfa3ccba0e9c4e550ce2e6ab01, 0x98e443d113c63b14f82457aa3c63de52f8a91d3d, 15.000462
0, 0, 0, 1575640431, 0x83053c32b7819f420dcfed2d218335fe430fe3b5, 0xcaf4c35c59a99dbfa3ccba0e9c4e550ce2e6ab01, 0.0
