, TxHash, BlockHeight, TimesStamp, From, To, Value
0, 0, 0, 1576552432, 0x95f1c03793ac5374deef7d909b6a9a92b110455f, 0xcac10e269df2225e6fb5b4ee096e09f47d5c62c9, 500.00000000000006
0, 0, 0, 1576552496, 0x83053c32b7819f420dcfed2d218335fe430fe3b5, 0xcac10e269df2225e6fb5b4ee096e09f47d5c62c9, 0.0
0, 0, 0, 1576552496, 0xcac10e269df2225e6fb5b4ee096e09f47d5c62c9, 0x0fc573e868203fa445508b3f260a5f5829902bcd, 20.0
0, 0, 0, 1576553269, 0xcac10e269df2225e6fb5b4ee096e09f47d5c62c9, 0x0fc573e868203fa445508b3f260a5f5829902bcd, 20.0
0, 0, 0, 1576553793, 0xcac10e269df2225e6fb5b4ee096e09f47d5c62c9, 0x0fc573e868203fa445508b3f260a5f5829902bcd, 20.0
0, 0, 0, 1576554902, 0xcac10e269df2225e6fb5b4ee096e09f47d5c62c9, 0x0fc573e868203fa445508b3f260a5f5829902bcd, 20.0
0, 0, 0, 1576555501, 0xcac10e269df2225e6fb5b4ee096e09f47d5c62c9, 0x0fc573e868203fa445508b3f260a5f5829902bcd, 20.0
0, 0, 0, 1576555982, 0xcac10e269df2225e6fb5b4ee096e09f47d5c62c9, 0x0fc573e868203fa445508b3f260a5f5829902bcd, 20.0
0, 0, 0, 1576556571, 0xcac10e269df2225e6fb5b4ee096e09f47d5c62c9, 0x0fc573e868203fa445508b3f260a5f5829902bcd, 20.0
0, 0, 0, 1576557240, 0xcac10e269df2225e6fb5b4ee096e09f47d5c62c9, 0x0fc573e868203fa445508b3f260a5f5829902bcd, 20.0
0, 0, 0, 1576557947, 0xcac10e269df2225e6fb5b4ee096e09f47d5c62c9, 0x0fc573e868203fa445508b3f260a5f5829902bcd, 20.0
0, 0, 0, 1576558515, 0xcac10e269df2225e6fb5b4ee096e09f47d5c62c9, 0x0fc573e868203fa445508b3f260a5f5829902bcd, 20.0
0, 0, 0, 1576563757, 0xcac10e269df2225e6fb5b4ee096e09f47d5c62c9, 0xd6b2a4bb2ef52d56634fa78183f2c1cf670b0482, 5.0
0, 0, 0, 1576564328, 0xcac10e269df2225e6fb5b4ee096e09f47d5c62c9, 0xd6b2a4bb2ef52d56634fa78183f2c1cf670b0482, 10.0
0, 0, 0, 1576565018, 0xcac10e269df2225e6fb5b4ee096e09f47d5c62c9, 0xd6b2a4bb2ef52d56634fa78183f2c1cf670b0482, 10.0
0, 0, 0, 1576566449, 0xcac10e269df2225e6fb5b4ee096e09f47d5c62c9, 0xd6b2a4bb2ef52d56634fa78183f2c1cf670b0482, 10.0
0, 0, 0, 1576568004, 0xcac10e269df2225e6fb5b4ee096e09f47d5c62c9, 0xd6b2a4bb2ef52d56634fa78183f2c1cf670b0482, 10.0
0, 0, 0, 1576569083, 0xcac10e269df2225e6fb5b4ee096e09f47d5c62c9, 0xd6b2a4bb2ef52d56634fa78183f2c1cf670b0482, 10.0
0, 0, 0, 1576626434, 0xcac10e269df2225e6fb5b4ee096e09f47d5c62c9, 0xd6b2a4bb2ef52d56634fa78183f2c1cf670b0482, 5.0
0, 0, 0, 1576626544, 0xcac10e269df2225e6fb5b4ee096e09f47d5c62c9, 0xfebe1c2a21b9061ffa29364d70e30c7e57f6a583, 239.99244000000002
