, TxHash, BlockHeight, TimesStamp, From, To, Value
0, 0, 0, 1576243598, 0x83053c32b7819f420dcfed2d218335fe430fe3b5, 0xcb78412175f12c28ec8e6663fcaeca38a71c73aa, 0.0
0, 0, 0, 1576245702, 0x346b46826be175c943a45cdbec2e9d95dc52fb38, 0xcb78412175f12c28ec8e6663fcaeca38a71c73aa, 0.001056
0, 0, 0, 1576245739, 0xcb78412175f12c28ec8e6663fcaeca38a71c73aa, 0xdac17f958d2ee523a2206206994597c13d831ec7, 0.0
0, 0, 0, 1576245739, 0xcb78412175f12c28ec8e6663fcaeca38a71c73aa, 0xdac17f958d2ee523a2206206994597c13d831ec7, 0.0
0, 0, 0, 1576629779, 0x0cafff02bb1a7ed4e4a351a1767a05428cbc8b1e, 0xcb78412175f12c28ec8e6663fcaeca38a71c73aa, 989.999769
0, 0, 0, 1576630632, 0xcb78412175f12c28ec8e6663fcaeca38a71c73aa, 0x96cc2f7e416d1356875193683d538fb81bc80663, 989.9998689328
0, 0, 0, 1576678331, 0x346b46826be175c943a45cdbec2e9d95dc52fb38, 0xcb78412175f12c28ec8e6663fcaeca38a71c73aa, 0.0021384
0, 0, 0, 1576678410, 0xcb78412175f12c28ec8e6663fcaeca38a71c73aa, 0xdac17f958d2ee523a2206206994597c13d831ec7, 0.0
0, 0, 0, 1576678410, 0xcb78412175f12c28ec8e6663fcaeca38a71c73aa, 0xdac17f958d2ee523a2206206994597c13d831ec7, 0.0
