, TxHash, BlockHeight, TimesStamp, From, To, Value
0, 0, 0, 1575680869, 0x5b9d6af44d40ce45093fe36281f621048f3e78af, 0xcc33d067ea4f78e4d02d8d9965fb0da1cd6924e3, 30.000420000000002
0, 0, 0, 1575680893, 0xcc33d067ea4f78e4d02d8d9965fb0da1cd6924e3, 0xab1facf1c14585c1918506a4f36a8707df77e555, 30.000000000000004
0, 0, 0, 1575680907, 0x83053c32b7819f420dcfed2d218335fe430fe3b5, 0xcc33d067ea4f78e4d02d8d9965fb0da1cd6924e3, 0.0
