, TxHash, BlockHeight, TimesStamp, From, To, Value
0, 0, 0, 1575703153, 0x52c2e3a608f7e6f32a829b017788c24309dd33ce, 0xcc4fa39cd6cfe017e7f34ec382d16c86a9a8dba2, 15.000504000000001
0, 0, 0, 1575703196, 0xcc4fa39cd6cfe017e7f34ec382d16c86a9a8dba2, 0xdc3d88a1ec8d4a25d56e6c1e2a909ea26cff9465, 15.000252000000001
0, 0, 0, 1575703227, 0x83053c32b7819f420dcfed2d218335fe430fe3b5, 0xcc4fa39cd6cfe017e7f34ec382d16c86a9a8dba2, 0.0
