, TxHash, BlockHeight, TimesStamp, From, To, Value
0, 0, 0, 1575536216, 0xfee290961c481cacde8ae48244a0f4b1b92f06cb, 0xcd476307999272fe506233672f77b89d6002a2d5, 9.791580000000002
0, 0, 0, 1575536266, 0x83053c32b7819f420dcfed2d218335fe430fe3b5, 0xcd476307999272fe506233672f77b89d6002a2d5, 0.0
0, 0, 0, 1575536766, 0xaeffe59a70b5f215940e5ec4ff8c028128ce5d9c, 0xcd476307999272fe506233672f77b89d6002a2d5, 9.78917
0, 0, 0, 1575615685, 0xcd476307999272fe506233672f77b89d6002a2d5, 0x07cee4c3da9630218cbed1732455d94247fe5bda, 2.0
0, 0, 0, 1575616590, 0xcd476307999272fe506233672f77b89d6002a2d5, 0x07cee4c3da9630218cbed1732455d94247fe5bda, 2.0
0, 0, 0, 1575617409, 0xcd476307999272fe506233672f77b89d6002a2d5, 0x07cee4c3da9630218cbed1732455d94247fe5bda, 5.0
0, 0, 0, 1575618364, 0xcd476307999272fe506233672f77b89d6002a2d5, 0xc40b12f527061bec7b1f036a4d036c6ae7fe93e2, 10.579154
