, TxHash, BlockHeight, TimesStamp, From, To, Value
0, 0, 0, 1578136612, 0x1df42375928b16cd46e7ad14db2e3124ee267ece, 0xcdb3b9f0670abf2e2b7d37f3928facce1990ce3a, 500.0004410000001
0, 0, 0, 1578136629, 0x83053c32b7819f420dcfed2d218335fe430fe3b5, 0xcdb3b9f0670abf2e2b7d37f3928facce1990ce3a, 0.0
0, 0, 0, 1578136629, 0xcdb3b9f0670abf2e2b7d37f3928facce1990ce3a, 0xc098fc492f85e81497eaec28dd47f8d0b8149fed, 500.00000000000006
