, TxHash, BlockHeight, TimesStamp, From, To, Value
0, 0, 0, 1578133839, 0x39274196b366a9718a227708f0a02abd845e2cb1, 0xcdd1bc26f8a324e7bbe0cab3ce1dc9de3cfc7f03, 100.000273
0, 0, 0, 1578133846, 0x83053c32b7819f420dcfed2d218335fe430fe3b5, 0xcdd1bc26f8a324e7bbe0cab3ce1dc9de3cfc7f03, 0.0
0, 0, 0, 1578133846, 0xcdd1bc26f8a324e7bbe0cab3ce1dc9de3cfc7f03, 0xc55e41763796698b533f343ca9fc3c4b4ed40693, 100.00000000000001
