, TxHash, BlockHeight, TimesStamp, From, To, Value
0, 0, 0, 1577089103, 0xa203eb031804877b3e62702f47c97d08b4fc3140, 0xce8a38032a7b34377804d3512fa6e3aefdea67fd, 499.993427
0, 0, 0, 1577089121, 0x83053c32b7819f420dcfed2d218335fe430fe3b5, 0xce8a38032a7b34377804d3512fa6e3aefdea67fd, 0.0
0, 0, 0, 1577089121, 0xce8a38032a7b34377804d3512fa6e3aefdea67fd, 0x84f4bcc4e841afdfde7899662f8bbd7d6a71c112, 499.99302800000004
