, TxHash, BlockHeight, TimesStamp, From, To, Value
0, 0, 0, 1575527648, 0x551f6e303391263851f3354a55065724348ca918, 0xcfb140774bb6dba3480619feffc05d9020503e35, 1.0
0, 0, 0, 1575527688, 0x83053c32b7819f420dcfed2d218335fe430fe3b5, 0xcfb140774bb6dba3480619feffc05d9020503e35, 0.0
0, 0, 0, 1575528201, 0x451893b8d51384166d0f5ecf52f89f5c3071299c, 0xcfb140774bb6dba3480619feffc05d9020503e35, 16.11319
0, 0, 0, 1575528328, 0xcfb140774bb6dba3480619feffc05d9020503e35, 0x8ad8717f20169df861ee8c30f6d6a410a3e48797, 10.0
0, 0, 0, 1575529016, 0xcfb140774bb6dba3480619feffc05d9020503e35, 0x43cec25278867a5b4c8501aca93061cffaf2ea43, 7.112434
