, TxHash, BlockHeight, TimesStamp, From, To, Value
0, 0, 0, 1575649303, 0x541f5c20e1504bf749ea65328fb4fdda5cc3e6b9, 0xcfd76348a6a012dcc5e6d1ea7941d6f192f5e3dc, 10.000798000000001
0, 0, 0, 1575649336, 0x83053c32b7819f420dcfed2d218335fe430fe3b5, 0xcfd76348a6a012dcc5e6d1ea7941d6f192f5e3dc, 0.0
0, 0, 0, 1575649336, 0xcfd76348a6a012dcc5e6d1ea7941d6f192f5e3dc, 0xa3f84100b8bb15a4bc96cb5be25c489cc42f7f32, 10.000399000000002
