, TxHash, BlockHeight, TimesStamp, From, To, Value
0, 0, 0, 1578574536, 0xd40885c8d582a2b8d7c5e3627d6f116dc37772dc, 0xd09e64eeef63eb6aa2bd612d1573f666d3a30cb5, 6.204440000000001
0, 0, 0, 1578574575, 0x83053c32b7819f420dcfed2d218335fe430fe3b5, 0xd09e64eeef63eb6aa2bd612d1573f666d3a30cb5, 0.0
0, 0, 0, 1578577036, 0xd09e64eeef63eb6aa2bd612d1573f666d3a30cb5, 0x126b9b179efbc4e7ec9fab6dc08116105531465f, 6.19402
0, 0, 0, 1578620163, 0xd40885c8d582a2b8d7c5e3627d6f116dc37772dc, 0xd09e64eeef63eb6aa2bd612d1573f666d3a30cb5, 309.81545000000006
0, 0, 0, 1578620697, 0xd40885c8d582a2b8d7c5e3627d6f116dc37772dc, 0xd09e64eeef63eb6aa2bd612d1573f666d3a30cb5, 309.83311
0, 0, 0, 1578624835, 0xd09e64eeef63eb6aa2bd612d1573f666d3a30cb5, 0x126b9b179efbc4e7ec9fab6dc08116105531465f, 619.64814
0, 0, 0, 1578639424, 0x655283cf56c067dd30cb43f12824dadb96ce818e, 0xd09e64eeef63eb6aa2bd612d1573f666d3a30cb5, 722.5400000000001
0, 0, 0, 1578639657, 0xd09e64eeef63eb6aa2bd612d1573f666d3a30cb5, 0x126b9b179efbc4e7ec9fab6dc08116105531465f, 722.5395800000001
