, TxHash, BlockHeight, TimesStamp, From, To, Value
0, 0, 0, 1576207448, 0x1c1344deace2b01f38f889023c90f6f5b481cf16, 0xd0d84c6a884cfddf438f3fdbc6b47461a4ef7cce, 25.000546000000003
0, 0, 0, 1576207450, 0x83053c32b7819f420dcfed2d218335fe430fe3b5, 0xd0d84c6a884cfddf438f3fdbc6b47461a4ef7cce, 0.0
0, 0, 0, 1576207450, 0xd0d84c6a884cfddf438f3fdbc6b47461a4ef7cce, 0x2578329c1634852ee0f62b0e278b5b521b4134bb, 25.000210000000003
