, TxHash, BlockHeight, TimesStamp, From, To, Value
0, 0, 0, 1576566468, 0xff315e16e2110ea8ac00502f568e357cdfdb9f47, 0xd04b69d1b837c5cfdab3023080609cf76ac17030, 524.365060074858
0, 0, 0, 1576566497, 0x83053c32b7819f420dcfed2d218335fe430fe3b5, 0xd04b69d1b837c5cfdab3023080609cf76ac17030, 0.0
0, 0, 0, 1576567242, 0xd04b69d1b837c5cfdab3023080609cf76ac17030, 0xba5aa109bc950166883ac5145bd099acfb239aaa, 20.000378
0, 0, 0, 1576568474, 0xd04b69d1b837c5cfdab3023080609cf76ac17030, 0x3d7f234dfa834241e48a54887feb67f9ec5a0ae6, 20.000483000000003
0, 0, 0, 1576569995, 0xd04b69d1b837c5cfdab3023080609cf76ac17030, 0xcbcb16e9cd27f2d868ab4f9d31f7564720b7f6c5, 20.000462000000002
0, 0, 0, 1576571772, 0xd04b69d1b837c5cfdab3023080609cf76ac17030, 0x55daa224f80dc764db8d3b81482c787d984279ee, 10.000273
0, 0, 0, 1576628977, 0xd04b69d1b837c5cfdab3023080609cf76ac17030, 0x0ccbea058cb859f5587a3589dacf250142b82d02, 50.00031500000001
0, 0, 0, 1576632325, 0xd04b69d1b837c5cfdab3023080609cf76ac17030, 0x0a0706736038ad0e2a0630cfb5a7ad28a279a7f5, 404.360797074858
