, TxHash, BlockHeight, TimesStamp, From, To, Value
0, 0, 0, 1577092604, 0x9faf104a65f8bcff232e33f8fa6e35fef51ec497, 0xd1893e211e862b076b060b8c593e611f2be3a2b7, 500.0004410000001
0, 0, 0, 1577092630, 0x83053c32b7819f420dcfed2d218335fe430fe3b5, 0xd1893e211e862b076b060b8c593e611f2be3a2b7, 0.0
0, 0, 0, 1577092630, 0xd1893e211e862b076b060b8c593e611f2be3a2b7, 0x84f4bcc4e841afdfde7899662f8bbd7d6a71c112, 500.00000000000006
