, TxHash, BlockHeight, TimesStamp, From, To, Value
0, 0, 0, 1575707067, 0x52c2e3a608f7e6f32a829b017788c24309dd33ce, 0xd1e2a86f1106ccdfcaf9b28927b421db87a8ec5c, 40.000504
0, 0, 0, 1575707087, 0xd1e2a86f1106ccdfcaf9b28927b421db87a8ec5c, 0x0f527d6273723d9a84989886c41e2f9694d967ab, 40.000252
0, 0, 0, 1575707384, 0x83053c32b7819f420dcfed2d218335fe430fe3b5, 0xd1e2a86f1106ccdfcaf9b28927b421db87a8ec5c, 0.0
