, TxHash, BlockHeight, TimesStamp, From, To, Value
0, 0, 0, 1576820467, 0x4e711847917e22837d1499577f94a736fdc9e671, 0xd21cf2d5128876601eb04410715ee750c346869f, 954.1
0, 0, 0, 1576820479, 0x83053c32b7819f420dcfed2d218335fe430fe3b5, 0xd21cf2d5128876601eb04410715ee750c346869f, 0.0
0, 0, 0, 1576820511, 0xd21cf2d5128876601eb04410715ee750c346869f, 0x27783d09e37a5771b389725ac5a8ec9811798d05, 954.0000000000001
0, 0, 0, 1576830380, 0xd21cf2d5128876601eb04410715ee750c346869f, 0x4e711847917e22837d1499577f94a736fdc9e671, 0.099538
