, TxHash, BlockHeight, TimesStamp, From, To, Value
0, 0, 0, 1576028654, 0xc0f1aecbad7212ff19905fc6a03f32ac8d752ed3, 0xd2b5383854cf2fcdb75bfc5b280defbf5121c1d1, 5450.0
0, 0, 0, 1576028667, 0x83053c32b7819f420dcfed2d218335fe430fe3b5, 0xd2b5383854cf2fcdb75bfc5b280defbf5121c1d1, 0.0
0, 0, 0, 1576120277, 0xd2b5383854cf2fcdb75bfc5b280defbf5121c1d1, 0x3d39a9e7d3f09c229096c0c19ec5d0d01a63b03b, 500.00000000000006
0, 0, 0, 1576136728, 0xd2b5383854cf2fcdb75bfc5b280defbf5121c1d1, 0xdf9f15b93484c19f3f0d56281b5c0a54c02dc4c1, 500.00000000000006
0, 0, 0, 1576138972, 0xd2b5383854cf2fcdb75bfc5b280defbf5121c1d1, 0x0bd32a75f9e7fac5017d98cb365a6132f02e8faf, 500.00000000000006
0, 0, 0, 1576199156, 0xd2b5383854cf2fcdb75bfc5b280defbf5121c1d1, 0x41b4639c3b010cf500903e65228976632966576e, 500.00000000000006
0, 0, 0, 1576203668, 0x8d5cb81bbd0b01bceee53f7cfabe34cd3172351b, 0xd2b5383854cf2fcdb75bfc5b280defbf5121c1d1, 6.66666e-05
0, 0, 0, 1576220114, 0xd2b5383854cf2fcdb75bfc5b280defbf5121c1d1, 0x2d9100f8939019e4058de862ae177a6ca2dd53d2, 500.00000000000006
0, 0, 0, 1576224065, 0xd2b5383854cf2fcdb75bfc5b280defbf5121c1d1, 0x772ac4aecfba051ed256715f61821ac85c741cf2, 1001.0000000000001
0, 0, 0, 1576224799, 0xd2b5383854cf2fcdb75bfc5b280defbf5121c1d1, 0x899fd66c52a09ef6fb6d10549b08e030a4e366ad, 1000.0000000000001
0, 0, 0, 1576225488, 0xc0f1aecbad7212ff19905fc6a03f32ac8d752ed3, 0xd2b5383854cf2fcdb75bfc5b280defbf5121c1d1, 52.00000000000001
0, 0, 0, 1576225654, 0xd2b5383854cf2fcdb75bfc5b280defbf5121c1d1, 0xbe1a25b67b12e494d43cf39b4255d5be212ccbe0, 1000.5000000000001
0, 0, 0, 1576228686, 0x772ac4aecfba051ed256715f61821ac85c741cf2, 0xd2b5383854cf2fcdb75bfc5b280defbf5121c1d1, 0.9987820000000001
0, 0, 0, 1576228911, 0xd2b5383854cf2fcdb75bfc5b280defbf5121c1d1, 0x899fd66c52a09ef6fb6d10549b08e030a4e366ad, 1.0
0, 0, 0, 1576252993, 0xbe1a25b67b12e494d43cf39b4255d5be212ccbe0, 0xd2b5383854cf2fcdb75bfc5b280defbf5121c1d1, 0.49928600000000006
0, 0, 0, 1576253452, 0x899fd66c52a09ef6fb6d10549b08e030a4e366ad, 0xd2b5383854cf2fcdb75bfc5b280defbf5121c1d1, 0.998719
0, 0, 0, 1576253643, 0xd2b5383854cf2fcdb75bfc5b280defbf5121c1d1, 0xc0f1aecbad7212ff19905fc6a03f32ac8d752ed3, 1.9925906666000002
