, TxHash, BlockHeight, TimesStamp, From, To, Value
0, 0, 0, 1575663652, 0x541f5c20e1504bf749ea65328fb4fdda5cc3e6b9, 0xd2039c29d6aa730a595aa3ccb6429c5758804cba, 5.00084
0, 0, 0, 1575663705, 0xd2039c29d6aa730a595aa3ccb6429c5758804cba, 0x5ebdbe2ba2a12c388e327567674e26e3d06d2a1f, 5.00042
0, 0, 0, 1575664233, 0x83053c32b7819f420dcfed2d218335fe430fe3b5, 0xd2039c29d6aa730a595aa3ccb6429c5758804cba, 0.0
