, TxHash, BlockHeight, TimesStamp, From, To, Value
0, 0, 0, 1575537712, 0x2b6007ef815a557c1b50a808957046f58e0c96c8, 0xd2e39f82b46020444a8e8d7f9b845ddea410fc20, 15.000000000000002
0, 0, 0, 1575537818, 0x83053c32b7819f420dcfed2d218335fe430fe3b5, 0xd2e39f82b46020444a8e8d7f9b845ddea410fc20, 0.0
0, 0, 0, 1580339536, 0xd2e39f82b46020444a8e8d7f9b845ddea410fc20, 0xfe9dd46eecdc5a91658793bc944e5959964dee5d, 11.151424363284145
