, TxHash, BlockHeight, TimesStamp, From, To, Value
0, 0, 0, 1575713638, 0x52c2e3a608f7e6f32a829b017788c24309dd33ce, 0xd2eba62ea1369eee50121d123d63abfeb58a3694, 50.000672
0, 0, 0, 1575713656, 0xd2eba62ea1369eee50121d123d63abfeb58a3694, 0xde9762b723e2b287b6dd972396bd61c53323ad89, 50.000336000000004
0, 0, 0, 1575713836, 0x83053c32b7819f420dcfed2d218335fe430fe3b5, 0xd2eba62ea1369eee50121d123d63abfeb58a3694, 0.0
