, TxHash, BlockHeight, TimesStamp, From, To, Value
0, 0, 0, 1575655273, 0x541f5c20e1504bf749ea65328fb4fdda5cc3e6b9, 0xd43abaa39b4f1be3e912998edd755ccd716c9b34, 10.000546
0, 0, 0, 1575655333, 0xd43abaa39b4f1be3e912998edd755ccd716c9b34, 0x039dfc455cb78e860b290f93b5f3f1ac5e9c585d, 10.000273
0, 0, 0, 1575655436, 0x83053c32b7819f420dcfed2d218335fe430fe3b5, 0xd43abaa39b4f1be3e912998edd755ccd716c9b34, 0.0
