, TxHash, BlockHeight, TimesStamp, From, To, Value
0, 0, 0, 1576729235, 0xf6e36a3e5aaa7a55c434e3161a968acb6a3b4824, 0xd54feefce2b6ffc4421ea719aae30da6b1350a75, 499.99899200000004
0, 0, 0, 1576729256, 0x83053c32b7819f420dcfed2d218335fe430fe3b5, 0xd54feefce2b6ffc4421ea719aae30da6b1350a75, 0.0
0, 0, 0, 1576729256, 0xd54feefce2b6ffc4421ea719aae30da6b1350a75, 0x05f619fd83f11e7cd3198563120bef40e38232f0, 499.99865600000004
