, TxHash, BlockHeight, TimesStamp, From, To, Value
0, 0, 0, 1576912145, 0x2e2fa84148cce8c45d21e0a091dc6863e55eb483, 0xd61899dbfde2728bcf0d87f7d0636b36d3857a8c, 1500.0
0, 0, 0, 1576912184, 0x83053c32b7819f420dcfed2d218335fe430fe3b5, 0xd61899dbfde2728bcf0d87f7d0636b36d3857a8c, 0.0
0, 0, 0, 1576912367, 0xd61899dbfde2728bcf0d87f7d0636b36d3857a8c, 0xf94ca1b04d55906ed155e6fddd750e445d615d06, 250.00000000000003
0, 0, 0, 1576912457, 0xd61899dbfde2728bcf0d87f7d0636b36d3857a8c, 0xc5008bb16d3de22092499447ab0656312ce2a4ce, 250.00000000000003
0, 0, 0, 1576912548, 0xd61899dbfde2728bcf0d87f7d0636b36d3857a8c, 0x279423754eccd8e8afc5783eea8f6eb44b5c9b5c, 250.00000000000003
0, 0, 0, 1576915446, 0xd61899dbfde2728bcf0d87f7d0636b36d3857a8c, 0x3f53c2b6971291d26c47bfef14ade5af74d69304, 250.00000000000003
0, 0, 0, 1576915543, 0xd61899dbfde2728bcf0d87f7d0636b36d3857a8c, 0xfc7cb625c21503c090b7830a9fa2e92046161169, 250.00000000000003
0, 0, 0, 1576915779, 0xd61899dbfde2728bcf0d87f7d0636b36d3857a8c, 0xf78aea452e6df869104dacd3f7d9e54fbdd7ee2e, 200.00000000000003
0, 0, 0, 1576915923, 0xe8ef215e3544f9bd0207922d5d0659535f0e45d1, 0xd61899dbfde2728bcf0d87f7d0636b36d3857a8c, 1499.9978580000002
0, 0, 0, 1576916808, 0xd61899dbfde2728bcf0d87f7d0636b36d3857a8c, 0xf08113b2de0992d69b8a818a6ec3f0a63ed3161d, 250.00000000000003
0, 0, 0, 1576916948, 0xd61899dbfde2728bcf0d87f7d0636b36d3857a8c, 0x1fe73c71684f159221d60a30254a0967b9d26b3a, 350.0
0, 0, 0, 1576917091, 0xd61899dbfde2728bcf0d87f7d0636b36d3857a8c, 0x4df80396ef700f3261e41c3b59396d44ff7bcb5a, 450.00000000000006
0, 0, 0, 1576917158, 0xd61899dbfde2728bcf0d87f7d0636b36d3857a8c, 0x9586fb2cffaef308683dd0ae034b95746b190294, 150.0
0, 0, 0, 1576921242, 0xd61899dbfde2728bcf0d87f7d0636b36d3857a8c, 0xa9cd29baad439bcbaba7a242e1387e9b5aa0ebce, 349.99361600000003
