, TxHash, BlockHeight, TimesStamp, From, To, Value
0, 0, 0, 1575684659, 0x99ba2bad6da0503e00786375daa9e9554720aed2, 0xd7a1c15fcb970dd45d1af03ff2e7c6147dd6c2e2, 1001.0000000000001
0, 0, 0, 1575684739, 0x83053c32b7819f420dcfed2d218335fe430fe3b5, 0xd7a1c15fcb970dd45d1af03ff2e7c6147dd6c2e2, 0.0
0, 0, 0, 1575700406, 0x99ba2bad6da0503e00786375daa9e9554720aed2, 0xd7a1c15fcb970dd45d1af03ff2e7c6147dd6c2e2, 4000.0000000000005
0, 0, 0, 1575702949, 0xd7a1c15fcb970dd45d1af03ff2e7c6147dd6c2e2, 0x52c2e3a608f7e6f32a829b017788c24309dd33ce, 1001.0000000000001
0, 0, 0, 1575706479, 0xd7a1c15fcb970dd45d1af03ff2e7c6147dd6c2e2, 0x98ce766026174c0580e13ab1d98d939b99d9b3cc, 1000.0000000000001
0, 0, 0, 1575765994, 0xd7a1c15fcb970dd45d1af03ff2e7c6147dd6c2e2, 0x851d8fe098341d5592dbbc7bcd4388f73c16291b, 1000.0000000000001
0, 0, 0, 1575877688, 0xd7a1c15fcb970dd45d1af03ff2e7c6147dd6c2e2, 0xd21faf20c8710d8f7b7958c5aacd8a9001b083f8, 1000.0000000000001
0, 0, 0, 1575878853, 0xd7a1c15fcb970dd45d1af03ff2e7c6147dd6c2e2, 0xac834bf30aea9739371331c93384c21951c04f67, 100.00000000000001
0, 0, 0, 1575894045, 0xd7a1c15fcb970dd45d1af03ff2e7c6147dd6c2e2, 0xac834bf30aea9739371331c93384c21951c04f67, 100.00000000000001
0, 0, 0, 1575900206, 0xd7a1c15fcb970dd45d1af03ff2e7c6147dd6c2e2, 0xac834bf30aea9739371331c93384c21951c04f67, 200.00000000000003
0, 0, 0, 1575944527, 0xd7a1c15fcb970dd45d1af03ff2e7c6147dd6c2e2, 0xead40374cd36b0016d0cd1e1100693ca5fa24d56, 500.00000000000006
0, 0, 0, 1575967784, 0x99ba2bad6da0503e00786375daa9e9554720aed2, 0xd7a1c15fcb970dd45d1af03ff2e7c6147dd6c2e2, 400.00000000000006
0, 0, 0, 1575967949, 0xd7a1c15fcb970dd45d1af03ff2e7c6147dd6c2e2, 0x98ce766026174c0580e13ab1d98d939b99d9b3cc, 400.00000000000006
0, 0, 0, 1575969387, 0x99ba2bad6da0503e00786375daa9e9554720aed2, 0xd7a1c15fcb970dd45d1af03ff2e7c6147dd6c2e2, 97.998748
0, 0, 0, 1575971158, 0xd7a1c15fcb970dd45d1af03ff2e7c6147dd6c2e2, 0x98ce766026174c0580e13ab1d98d939b99d9b3cc, 197.994506
