, TxHash, BlockHeight, TimesStamp, From, To, Value
0, 0, 0, 1577088913, 0xa70024a5a87c710637c9c84267fef9681e722f02, 0xd7126539b0411e871182b737c8c4e9e7b8fd22ef, 500.00037800000007
0, 0, 0, 1577088928, 0xd7126539b0411e871182b737c8c4e9e7b8fd22ef, 0x84f4bcc4e841afdfde7899662f8bbd7d6a71c112, 500.00000000000006
0, 0, 0, 1577088934, 0x83053c32b7819f420dcfed2d218335fe430fe3b5, 0xd7126539b0411e871182b737c8c4e9e7b8fd22ef, 0.0
