, TxHash, BlockHeight, TimesStamp, From, To, Value
0, 0, 0, 1576316335, 0x72fc57dfa1dcd0269fe4af86f7aee496174a96df, 0xd7ff5a673b8c3396b38fc5cfbbf3630dc00459ca, 1000.5000000000001
0, 0, 0, 1576316356, 0x83053c32b7819f420dcfed2d218335fe430fe3b5, 0xd7ff5a673b8c3396b38fc5cfbbf3630dc00459ca, 0.0
0, 0, 0, 1576403550, 0xd7ff5a673b8c3396b38fc5cfbbf3630dc00459ca, 0x8427e26bffa966cf4ada8b00ad1f8f3324c087dd, 1000.0000000000001
0, 0, 0, 1578148839, 0xd7ff5a673b8c3396b38fc5cfbbf3630dc00459ca, 0x72fc57dfa1dcd0269fe4af86f7aee496174a96df, 0.49920200000000003
