, TxHash, BlockHeight, TimesStamp, From, To, Value
0, 0, 0, 1575622011, 0xbea0e881baa530d4352bdaf529e6be2acce97649, 0xd82f058db7db814b5f29b6358bb11c5ec085fa62, 11.684867
0, 0, 0, 1575622040, 0xd82f058db7db814b5f29b6358bb11c5ec085fa62, 0x07cee4c3da9630218cbed1732455d94247fe5bda, 11.684531000000002
0, 0, 0, 1575622047, 0x83053c32b7819f420dcfed2d218335fe430fe3b5, 0xd82f058db7db814b5f29b6358bb11c5ec085fa62, 0.0
