, TxHash, BlockHeight, TimesStamp, From, To, Value
0, 0, 0, 1575388695, 0xbed33dbeb5677248c8fbd0895a3e118989d5f08e, 0xd83ef6512177bb457131177f47d945caa24e566d, 9.9991436
0, 0, 0, 1575465691, 0x83053c32b7819f420dcfed2d218335fe430fe3b5, 0xd83ef6512177bb457131177f47d945caa24e566d, 0.0
0, 0, 0, 1575641647, 0xd551234ae421e3bcba99a0da6d736074f22192ff, 0xd83ef6512177bb457131177f47d945caa24e566d, 4.99
0, 0, 0, 1575663937, 0x0fbfa70bb46fc185f8f1d09c8257215154d57cf0, 0xd83ef6512177bb457131177f47d945caa24e566d, 0.125968
0, 0, 0, 1575993337, 0x8687cabcb7d9601a20bb8fb6cdf13931edbb4847, 0xd83ef6512177bb457131177f47d945caa24e566d, 19.99925
0, 0, 0, 1575993509, 0x1b71c8c0c5453143c792757432871f6ae5a65c06, 0xd83ef6512177bb457131177f47d945caa24e566d, 4.99946
0, 0, 0, 1576248056, 0xfdf997828da13a85741e38ce404c7d26bd9cc35b, 0xd83ef6512177bb457131177f47d945caa24e566d, 0.0
0, 0, 0, 1577702523, 0x8303d5998703832a709f1806a374aee7dc32f12f, 0xd83ef6512177bb457131177f47d945caa24e566d, 0.9995608
0, 0, 0, 1579633529, 0x848f43c19b92d19f8f0354ee96518cfc7fd96efb, 0xd83ef6512177bb457131177f47d945caa24e566d, 0.5538916700000001
0, 0, 0, 1579633748, 0x9c7e8072ff16a55bf08d96be6d3e994e949bcb93, 0xd83ef6512177bb457131177f47d945caa24e566d, 1.54383058
