, TxHash, BlockHeight, TimesStamp, From, To, Value
0, 0, 0, 1575451742, 0xec305a14191fa627b151f16f59183e7e274d81ed, 0xd8b5b1cf394fa28741cb3ac6b81755a652e59f44, 199.99958000000004
0, 0, 0, 1575451755, 0xd8b5b1cf394fa28741cb3ac6b81755a652e59f44, 0x4af57e659b71dfacad5777a7d25c5ac1625f1a30, 199.99916000000002
0, 0, 0, 1575465673, 0x83053c32b7819f420dcfed2d218335fe430fe3b5, 0xd8b5b1cf394fa28741cb3ac6b81755a652e59f44, 0.0
