, TxHash, BlockHeight, TimesStamp, From, To, Value
0, 0, 0, 1576966875, 0x42aa399ce8052360e01d088eedfa4985a5fe3a2b, 0xd8492dff0c3ca1bc055146466240952753e6ad70, 4000.0000000000005
0, 0, 0, 1576966933, 0x83053c32b7819f420dcfed2d218335fe430fe3b5, 0xd8492dff0c3ca1bc055146466240952753e6ad70, 0.0
0, 0, 0, 1576967061, 0xd8492dff0c3ca1bc055146466240952753e6ad70, 0xeaeb04c84d48f6641c61b6f290931e8f481c2a5c, 2000.0007980000003
0, 0, 0, 1576967309, 0xd8492dff0c3ca1bc055146466240952753e6ad70, 0x4416bb47029a1d6218589f3a050b88c090ea5325, 1999.9985090000002
