, TxHash, BlockHeight, TimesStamp, From, To, Value
0, 0, 0, 1575679923, 0x61010ba8e2f3822f2b7e4e21b4da6c1dfc269ebb, 0xdaeb267a2b32b6677273a45a9faa9459952a4479, 15.000483000000001
0, 0, 0, 1575679986, 0xdaeb267a2b32b6677273a45a9faa9459952a4479, 0x03b06736f7bbace341a25e19eb758efdb77c0395, 15.000000000000002
0, 0, 0, 1575680021, 0x83053c32b7819f420dcfed2d218335fe430fe3b5, 0xdaeb267a2b32b6677273a45a9faa9459952a4479, 0.0
