, TxHash, BlockHeight, TimesStamp, From, To, Value
0, 0, 0, 1575033685, 0xe5fe638a211cfb45c2067f353e471f44de9571c0, 0xdadd1bb9cdb881adc4b596ce5b8e0de2c66d5f46, 100.00000000000001
0, 0, 0, 1575033972, 0xdadd1bb9cdb881adc4b596ce5b8e0de2c66d5f46, 0x8c5ba352ea7626d87f8ce83ec52d315eb269944c, 5.0
0, 0, 0, 1575035662, 0xdadd1bb9cdb881adc4b596ce5b8e0de2c66d5f46, 0xe8f9bbdc2c214683779b9c297f4b6739549fdb9f, 90.0
0, 0, 0, 1575038078, 0x35e0cc77d89dd3acba3878312492e08c0209a3f2, 0xdadd1bb9cdb881adc4b596ce5b8e0de2c66d5f46, 1.532
0, 0, 0, 1575038177, 0x35e0cc77d89dd3acba3878312492e08c0209a3f2, 0xdadd1bb9cdb881adc4b596ce5b8e0de2c66d5f46, 17.46674
0, 0, 0, 1575465771, 0x83053c32b7819f420dcfed2d218335fe430fe3b5, 0xdadd1bb9cdb881adc4b596ce5b8e0de2c66d5f46, 0.0
0, 0, 0, 1575638861, 0xdadd1bb9cdb881adc4b596ce5b8e0de2c66d5f46, 0xc27c71de6345d8146e007bb591fd15328683a80d, 23.997627
