, TxHash, BlockHeight, TimesStamp, From, To, Value
0, 0, 0, 1576729093, 0xb8e4ebc840ecfb64d0070f964c3da61cf70adfb7, 0xdbc0bd8a73a98c1741228ed81325b21a46d3a1e4, 500.00000000000006
0, 0, 0, 1576729107, 0x83053c32b7819f420dcfed2d218335fe430fe3b5, 0xdbc0bd8a73a98c1741228ed81325b21a46d3a1e4, 0.0
0, 0, 0, 1576729107, 0xdbc0bd8a73a98c1741228ed81325b21a46d3a1e4, 0x5a7490fc0e568df765e781ce54f43c4011549814, 499.99966400000005
