, TxHash, BlockHeight, TimesStamp, From, To, Value
0, 0, 0, 1577169161, 0x93b6b0446cc2435fc6111e138a60ee758e11ba2e, 0xdbc9b79896ff32cc60dfd292e505fd41295fb3e0, 1000.000462
0, 0, 0, 1577169183, 0x83053c32b7819f420dcfed2d218335fe430fe3b5, 0xdbc9b79896ff32cc60dfd292e505fd41295fb3e0, 0.0
0, 0, 0, 1577169183, 0xdbc9b79896ff32cc60dfd292e505fd41295fb3e0, 0x84f4bcc4e841afdfde7899662f8bbd7d6a71c112, 1000.0000000000001
