, TxHash, BlockHeight, TimesStamp, From, To, Value
0, 0, 0, 1575657061, 0x541f5c20e1504bf749ea65328fb4fdda5cc3e6b9, 0xdbd7cb520d8dee5e0004b695b0fc70e3a6a1acc0, 10.000756
0, 0, 0, 1575657084, 0xdbd7cb520d8dee5e0004b695b0fc70e3a6a1acc0, 0xa7f7ebced68e8447f376effc9e7e1455e03ebda4, 10.000378000000001
0, 0, 0, 1575657119, 0x83053c32b7819f420dcfed2d218335fe430fe3b5, 0xdbd7cb520d8dee5e0004b695b0fc70e3a6a1acc0, 0.0
