, TxHash, BlockHeight, TimesStamp, From, To, Value
0, 0, 0, 1575680959, 0xafc9953653f53ebaa15198edf904c471da9818af, 0xdc898ef9fbe7d0e47196c01ee150b72903a48097, 15.000441
0, 0, 0, 1575680972, 0xdc898ef9fbe7d0e47196c01ee150b72903a48097, 0x03b06736f7bbace341a25e19eb758efdb77c0395, 15.000000000000002
0, 0, 0, 1575681161, 0x83053c32b7819f420dcfed2d218335fe430fe3b5, 0xdc898ef9fbe7d0e47196c01ee150b72903a48097, 0.0
