, TxHash, BlockHeight, TimesStamp, From, To, Value
0, 0, 0, 1578195155, 0xc55e41763796698b533f343ca9fc3c4b4ed40693, 0xdca9db61691936b1b6a5c2b97c8c2eeec739e66f, 577.8292700000001
0, 0, 0, 1578195172, 0x83053c32b7819f420dcfed2d218335fe430fe3b5, 0xdca9db61691936b1b6a5c2b97c8c2eeec739e66f, 0.0
0, 0, 0, 1578197079, 0x245a902d6e69c5f3bf7ced01d67e56038675bc98, 0xdca9db61691936b1b6a5c2b97c8c2eeec739e66f, 289.1845
0, 0, 0, 1578198507, 0xc55e41763796698b533f343ca9fc3c4b4ed40693, 0xdca9db61691936b1b6a5c2b97c8c2eeec739e66f, 513.87313
0, 0, 0, 1579797991, 0xdca9db61691936b1b6a5c2b97c8c2eeec739e66f, 0x20c0df0042305e7fce05967550dbe9035a8e50f0, 1380.8860000000002
