, TxHash, BlockHeight, TimesStamp, From, To, Value
0, 0, 0, 1575629584, 0x541f5c20e1504bf749ea65328fb4fdda5cc3e6b9, 0xdd90833f62ec63d982621b1d26dad9ca85bc8e41, 10.000546
0, 0, 0, 1575629699, 0xdd90833f62ec63d982621b1d26dad9ca85bc8e41, 0x1f3421ca822a338fe88727f6fb075369db43a0fc, 10.000273
0, 0, 0, 1575629754, 0x83053c32b7819f420dcfed2d218335fe430fe3b5, 0xdd90833f62ec63d982621b1d26dad9ca85bc8e41, 0.0
