, TxHash, BlockHeight, TimesStamp, From, To, Value
0, 0, 0, 1576289175, 0x630cf30ee39403cd677ea1fb564b219867b6e568, 0xddb6a9073b1b63cef502aa94f9f3293676fe5fd6, 1500.5
0, 0, 0, 1576289232, 0x83053c32b7819f420dcfed2d218335fe430fe3b5, 0xddb6a9073b1b63cef502aa94f9f3293676fe5fd6, 0.0
0, 0, 0, 1576289813, 0xddb6a9073b1b63cef502aa94f9f3293676fe5fd6, 0xfe4fd922a43e17e264976757f5a1d72cd824799a, 500.00000000000006
0, 0, 0, 1576292846, 0xddb6a9073b1b63cef502aa94f9f3293676fe5fd6, 0x63d32455c3b66dd4e7d349933f0d4bbc25846360, 500.00000000000006
0, 0, 0, 1576305672, 0xddb6a9073b1b63cef502aa94f9f3293676fe5fd6, 0x8a30e409cf90ffa37ea8ac1cf4d4a64de4476268, 500.00000000000006
0, 0, 0, 1576308568, 0xddb6a9073b1b63cef502aa94f9f3293676fe5fd6, 0x630cf30ee39403cd677ea1fb564b219867b6e568, 0.49842500000000006
