, TxHash, BlockHeight, TimesStamp, From, To, Value
0, 0, 0, 1576899237, 0x657cf457101ef5474ab99a186db2fb8c7e137a96, 0xdd700824b592f818fa51e6af793f74e9cff88a4f, 999.9988660000001
0, 0, 0, 1576899268, 0x83053c32b7819f420dcfed2d218335fe430fe3b5, 0xdd700824b592f818fa51e6af793f74e9cff88a4f, 0.0
0, 0, 0, 1576900646, 0xdd700824b592f818fa51e6af793f74e9cff88a4f, 0xa5ca5e914efcaca1c4a5874974241929d17dedd2, 121.50042
0, 0, 0, 1576900838, 0xdd700824b592f818fa51e6af793f74e9cff88a4f, 0x3da191f09e2af4b80e7808074856cb7eddd38abb, 158.721499
0, 0, 0, 1576901293, 0xdd700824b592f818fa51e6af793f74e9cff88a4f, 0xbec183669c75a1147963a5bac4da64ca0ece57be, 32.560357
0, 0, 0, 1576901409, 0xdd700824b592f818fa51e6af793f74e9cff88a4f, 0x1542bc6faec78ef4ea10e3b4c97d1c5ca3042351, 112.120399
0, 0, 0, 1576901597, 0xdd700824b592f818fa51e6af793f74e9cff88a4f, 0xb068992bab53c174dd9531046bbcc3203d64f681, 207.68151000000003
0, 0, 0, 1576901996, 0xdd700824b592f818fa51e6af793f74e9cff88a4f, 0x2ec5990bbf45358164302132700e479104f6b0fe, 36.000420000000005
0, 0, 0, 1576902783, 0xdd700824b592f818fa51e6af793f74e9cff88a4f, 0x9acf2a98f935c47c4c22d2eb6fcf542947d1aa0b, 121.50046200000001
0, 0, 0, 1576903260, 0xdd700824b592f818fa51e6af793f74e9cff88a4f, 0x7042eceeeeab202528d40859daa99936ad28b688, 125.000336
0, 0, 0, 1576903366, 0xdd700824b592f818fa51e6af793f74e9cff88a4f, 0x8f53e92c1abb26a6634087455026c1b1708c7197, 80.00048300000002
0, 0, 0, 1576904192, 0xdd700824b592f818fa51e6af793f74e9cff88a4f, 0x74e5c74cad40649508c19b68191287157c2edb4f, 4.909053
