, TxHash, BlockHeight, TimesStamp, From, To, Value
0, 0, 0, 1575713656, 0xd2eba62ea1369eee50121d123d63abfeb58a3694, 0xde9762b723e2b287b6dd972396bd61c53323ad89, 50.000336000000004
0, 0, 0, 1575713674, 0xde9762b723e2b287b6dd972396bd61c53323ad89, 0xab1facf1c14585c1918506a4f36a8707df77e555, 50.00000000000001
0, 0, 0, 1575713836, 0x83053c32b7819f420dcfed2d218335fe430fe3b5, 0xde9762b723e2b287b6dd972396bd61c53323ad89, 0.0
