, TxHash, BlockHeight, TimesStamp, From, To, Value
0, 0, 0, 1575643273, 0xb3a9b79f4d5dc2cdcdc00da22869502cbf65a0a5, 0xdf279a9d1091cac91168e07ed2b574f31ec06222, 1001.0000000000001
0, 0, 0, 1575643350, 0x83053c32b7819f420dcfed2d218335fe430fe3b5, 0xdf279a9d1091cac91168e07ed2b574f31ec06222, 0.0
0, 0, 0, 1575643355, 0xb3a9b79f4d5dc2cdcdc00da22869502cbf65a0a5, 0xdf279a9d1091cac91168e07ed2b574f31ec06222, 10000.0
0, 0, 0, 1577608067, 0x51a2176a38db9e5ebdecadd2b6142d13f2382c86, 0xdf279a9d1091cac91168e07ed2b574f31ec06222, 0.001
0, 0, 0, 1577618006, 0xd1bfd64896ff02e8e33123ed1575d7d1efa6cb42, 0xdf279a9d1091cac91168e07ed2b574f31ec06222, 0.001
0, 0, 0, 1577674696, 0xd1bfd64896ff02e8e33123ed1575d7d1efa6cb42, 0xdf279a9d1091cac91168e07ed2b574f31ec06222, 0.001
0, 0, 0, 1577871238, 0xd1bfd64896ff02e8e33123ed1575d7d1efa6cb42, 0xdf279a9d1091cac91168e07ed2b574f31ec06222, 0.001
0, 0, 0, 1577962917, 0xd1bfd64896ff02e8e33123ed1575d7d1efa6cb42, 0xdf279a9d1091cac91168e07ed2b574f31ec06222, 0.001
0, 0, 0, 1578065030, 0xd1bfd64896ff02e8e33123ed1575d7d1efa6cb42, 0xdf279a9d1091cac91168e07ed2b574f31ec06222, 0.0001
0, 0, 0, 1578149831, 0xd1bfd64896ff02e8e33123ed1575d7d1efa6cb42, 0xdf279a9d1091cac91168e07ed2b574f31ec06222, 0.0001
0, 0, 0, 1578724617, 0xdf279a9d1091cac91168e07ed2b574f31ec06222, 0xcfaa9ecdccecbcbf4886b158d52e94aad19c6602, 5001.0
0, 0, 0, 1578732844, 0xdf279a9d1091cac91168e07ed2b574f31ec06222, 0xcfaa9ecdccecbcbf4886b158d52e94aad19c6602, 3000.0
0, 0, 0, 1578751527, 0xdf279a9d1091cac91168e07ed2b574f31ec06222, 0xcfaa9ecdccecbcbf4886b158d52e94aad19c6602, 3000.004045
