, TxHash, BlockHeight, TimesStamp, From, To, Value
0, 0, 0, 1577112564, 0x987f8cfb36086c78becc03e4e3369c69e195d476, 0xdf071fbcc366d442a4145797828d1562897fe51f, 2000.000882
0, 0, 0, 1577112595, 0x83053c32b7819f420dcfed2d218335fe430fe3b5, 0xdf071fbcc366d442a4145797828d1562897fe51f, 0.0
0, 0, 0, 1577112595, 0xdf071fbcc366d442a4145797828d1562897fe51f, 0xe039a3eb3bf6d00a0696fbada9204848c64a7f6d, 2000.0004410000001
