, TxHash, BlockHeight, TimesStamp, From, To, Value
0, 0, 0, 1576136728, 0xd2b5383854cf2fcdb75bfc5b280defbf5121c1d1, 0xdf9f15b93484c19f3f0d56281b5c0a54c02dc4c1, 500.00000000000006
0, 0, 0, 1576136765, 0x83053c32b7819f420dcfed2d218335fe430fe3b5, 0xdf9f15b93484c19f3f0d56281b5c0a54c02dc4c1, 0.0
0, 0, 0, 1576136889, 0xdf9f15b93484c19f3f0d56281b5c0a54c02dc4c1, 0xc8ca22174539ba7761c71ad8fb2f39968b537795, 250.00147000000004
0, 0, 0, 1576137112, 0xdf9f15b93484c19f3f0d56281b5c0a54c02dc4c1, 0x05f21680bdb4840e25cb47fd98adc4885c5f4514, 249.99794200000002
