, TxHash, BlockHeight, TimesStamp, From, To, Value
0, 0, 0, 1575361971, 0xe5fe638a211cfb45c2067f353e471f44de9571c0, 0xdfe60534291bb4a3b308b7c31684cec69d3cde05, 100.00000000000001
0, 0, 0, 1575362031, 0xdfe60534291bb4a3b308b7c31684cec69d3cde05, 0x8d81f9f4b86df7c643a94bb90e73c6067bdb6c6e, 15.000000000000002
0, 0, 0, 1575362422, 0xdfe60534291bb4a3b308b7c31684cec69d3cde05, 0x7af8ff4d18c867d97c10a1366e4502aaf70d6c18, 15.000000000000002
0, 0, 0, 1575363256, 0xdfe60534291bb4a3b308b7c31684cec69d3cde05, 0x7aca23bf1485716fe25f52edad5ae1d920a80ff6, 15.000000000000002
0, 0, 0, 1575363711, 0xdfe60534291bb4a3b308b7c31684cec69d3cde05, 0x16a8b5677596234abe5c92e60ca42b787b13dfa7, 15.000000000000002
0, 0, 0, 1575364617, 0xdfe60534291bb4a3b308b7c31684cec69d3cde05, 0x6cfd4b6bfab9254e179cdb89b80f2200662f87f3, 15.000000000000002
0, 0, 0, 1575365058, 0xdfe60534291bb4a3b308b7c31684cec69d3cde05, 0x5b82e0496017aaa0d8a8b4574b0a80675a903148, 15.000000000000002
0, 0, 0, 1575365608, 0xdfe60534291bb4a3b308b7c31684cec69d3cde05, 0xfee290961c481cacde8ae48244a0f4b1b92f06cb, 9.997060000000001
0, 0, 0, 1575465691, 0x83053c32b7819f420dcfed2d218335fe430fe3b5, 0xdfe60534291bb4a3b308b7c31684cec69d3cde05, 0.0
