, TxHash, BlockHeight, TimesStamp, From, To, Value
0, 0, 0, 1576675629, 0xf92001bc5afd794f901425119a6f5ae42da25d35, 0xdf826ed6d476333f36ed7054d1253a3e7cb474b3, 1000.0000000000001
0, 0, 0, 1576675661, 0x83053c32b7819f420dcfed2d218335fe430fe3b5, 0xdf826ed6d476333f36ed7054d1253a3e7cb474b3, 0.0
0, 0, 0, 1576726806, 0xdf826ed6d476333f36ed7054d1253a3e7cb474b3, 0xa337427674e364df3f531e83251ea20a78b9a1b9, 999.9998152000002
