, TxHash, BlockHeight, TimesStamp, From, To, Value
0, 0, 0, 1575643942, 0x541f5c20e1504bf749ea65328fb4fdda5cc3e6b9, 0xdf69e1dbc982dfb01731b08d7faa807632ffb3d7, 1.000966
0, 0, 0, 1575644021, 0xdf69e1dbc982dfb01731b08d7faa807632ffb3d7, 0xe52197218e5208160df55eff1ed1e3e9210a5138, 1.000483
0, 0, 0, 1575644116, 0x83053c32b7819f420dcfed2d218335fe430fe3b5, 0xdf69e1dbc982dfb01731b08d7faa807632ffb3d7, 0.0
