, TxHash, BlockHeight, TimesStamp, From, To, Value
0, 0, 0, 1575370105, 0xf044409d7dfe378ece0bc70693df29261d727b63, 0xe0d70cdd2f94dc07a7ad6ccef056da2f605cafac, 4.907909232556094
0, 0, 0, 1575371595, 0x2e01b55e36ce9e12f8059e02044a670511ebcdfe, 0xe0d70cdd2f94dc07a7ad6ccef056da2f605cafac, 9.80616839096589
0, 0, 0, 1575375173, 0x2e01b55e36ce9e12f8059e02044a670511ebcdfe, 0xe0d70cdd2f94dc07a7ad6ccef056da2f605cafac, 9.809276842425573
0, 0, 0, 1575443844, 0xe0d70cdd2f94dc07a7ad6ccef056da2f605cafac, 0xf881d53150d42b5d99ae2ceabb55ae54923b1d06, 10.0
0, 0, 0, 1575444217, 0xe0d70cdd2f94dc07a7ad6ccef056da2f605cafac, 0xaf8e5df9fc5a731051926844ec9be9601f105acf, 14.522514465947555
0, 0, 0, 1575465691, 0x83053c32b7819f420dcfed2d218335fe430fe3b5, 0xe0d70cdd2f94dc07a7ad6ccef056da2f605cafac, 0.0
