, TxHash, BlockHeight, TimesStamp, From, To, Value
0, 0, 0, 1575711880, 0x52c2e3a608f7e6f32a829b017788c24309dd33ce, 0xe00149e73958555486030d6a7b67157c42c187d8, 50.000924000000005
0, 0, 0, 1575711901, 0xe00149e73958555486030d6a7b67157c42c187d8, 0x4b5d14e1ecf54389d30636c17e3baa79ce208490, 50.000462000000006
0, 0, 0, 1575711986, 0x83053c32b7819f420dcfed2d218335fe430fe3b5, 0xe00149e73958555486030d6a7b67157c42c187d8, 0.0
