, TxHash, BlockHeight, TimesStamp, From, To, Value
0, 0, 0, 1576286417, 0x630cf30ee39403cd677ea1fb564b219867b6e568, 0xe07568ecb6d47fe17e6233b4b7a0f2056adc59aa, 1000.5000000000001
0, 0, 0, 1576286461, 0x83053c32b7819f420dcfed2d218335fe430fe3b5, 0xe07568ecb6d47fe17e6233b4b7a0f2056adc59aa, 0.0
0, 0, 0, 1576308215, 0xe07568ecb6d47fe17e6233b4b7a0f2056adc59aa, 0x693720772da4fa0dbefc121627bbe27303eb731a, 500.00000000000006
0, 0, 0, 1576308440, 0xe07568ecb6d47fe17e6233b4b7a0f2056adc59aa, 0x14944e01932cf632166c8d4bc9a1a19f4c620a2b, 500.00000000000006
0, 0, 0, 1576308763, 0xe07568ecb6d47fe17e6233b4b7a0f2056adc59aa, 0x630cf30ee39403cd677ea1fb564b219867b6e568, 0.49878200000000006
0, 0, 0, 1578836992, 0xd2c308dab69a5a88e3d17d34ac7ec6c8432712e3, 0xe07568ecb6d47fe17e6233b4b7a0f2056adc59aa, 1e-08
