, TxHash, BlockHeight, TimesStamp, From, To, Value
0, 0, 0, 1577089085, 0x987f8cfb36086c78becc03e4e3369c69e195d476, 0xe049765bace007b20c96ff254405742d64c2f093, 499.99422500000003
0, 0, 0, 1577089098, 0x83053c32b7819f420dcfed2d218335fe430fe3b5, 0xe049765bace007b20c96ff254405742d64c2f093, 0.0
0, 0, 0, 1577089098, 0xe049765bace007b20c96ff254405742d64c2f093, 0xa203eb031804877b3e62702f47c97d08b4fc3140, 499.993826
