, TxHash, BlockHeight, TimesStamp, From, To, Value
0, 0, 0, 1575731234, 0x52c2e3a608f7e6f32a829b017788c24309dd33ce, 0xe1c54c57796698ebc77b6fb081cdc1d4678b295a, 10.000798000000001
0, 0, 0, 1575731251, 0xe1c54c57796698ebc77b6fb081cdc1d4678b295a, 0x1ef97d315f1493b9fdeb64c314fd53a7dd653fab, 10.000399000000002
0, 0, 0, 1575731658, 0x83053c32b7819f420dcfed2d218335fe430fe3b5, 0xe1c54c57796698ebc77b6fb081cdc1d4678b295a, 0.0
