, TxHash, BlockHeight, TimesStamp, From, To, Value
0, 0, 0, 1575653419, 0x541f5c20e1504bf749ea65328fb4fdda5cc3e6b9, 0xe12765cfe2801377eac0635223846a661abb3b3b, 15.000714
0, 0, 0, 1575653466, 0xe12765cfe2801377eac0635223846a661abb3b3b, 0xeb1393e9248d6a55365c7375aa955b33724a5573, 15.000357000000001
0, 0, 0, 1575653547, 0x83053c32b7819f420dcfed2d218335fe430fe3b5, 0xe12765cfe2801377eac0635223846a661abb3b3b, 0.0
