, TxHash, BlockHeight, TimesStamp, From, To, Value
0, 0, 0, 1575651760, 0x541f5c20e1504bf749ea65328fb4fdda5cc3e6b9, 0xe336f7fecd49233d32cead5601c962d983a3d344, 10.000966
0, 0, 0, 1575651797, 0xe336f7fecd49233d32cead5601c962d983a3d344, 0x1e1f5e5a8787682253c8e886e97be0ae9e05c5ac, 10.000483000000001
0, 0, 0, 1575651879, 0x83053c32b7819f420dcfed2d218335fe430fe3b5, 0xe336f7fecd49233d32cead5601c962d983a3d344, 0.0
