, TxHash, BlockHeight, TimesStamp, From, To, Value
0, 0, 0, 1575705796, 0x52c2e3a608f7e6f32a829b017788c24309dd33ce, 0xe4dc159b6ac459a509a44c565f0145c8756f3065, 20.000588
0, 0, 0, 1575705814, 0xe4dc159b6ac459a509a44c565f0145c8756f3065, 0x5694433df84ccda91fae0d8d4bdf18b0546abcce, 20.000294
0, 0, 0, 1575705997, 0x83053c32b7819f420dcfed2d218335fe430fe3b5, 0xe4dc159b6ac459a509a44c565f0145c8756f3065, 0.0
