, TxHash, BlockHeight, TimesStamp, From, To, Value
0, 0, 0, 1575019074, 0xa11a97912e4ac4d31dce95b2bce0e5cb55f2554a, 0xe5fe638a211cfb45c2067f353e471f44de9571c0, 974.39984
0, 0, 0, 1575019363, 0xe5fe638a211cfb45c2067f353e471f44de9571c0, 0x9719fadeb0d8791bcc97f5b296bafa716c7316e7, 10.0
0, 0, 0, 1575033685, 0xe5fe638a211cfb45c2067f353e471f44de9571c0, 0xdadd1bb9cdb881adc4b596ce5b8e0de2c66d5f46, 100.00000000000001
0, 0, 0, 1575273829, 0xe5fe638a211cfb45c2067f353e471f44de9571c0, 0xad00f59e4105b5cb3b849c286bc0399eeabf183a, 500.00000000000006
0, 0, 0, 1575277284, 0xe5fe638a211cfb45c2067f353e471f44de9571c0, 0x7e31fac61eb7a69fe559161e87504b1cbc2ffedc, 100.00000000000001
0, 0, 0, 1575361971, 0xe5fe638a211cfb45c2067f353e471f44de9571c0, 0xdfe60534291bb4a3b308b7c31684cec69d3cde05, 100.00000000000001
0, 0, 0, 1575465771, 0x83053c32b7819f420dcfed2d218335fe430fe3b5, 0xe5fe638a211cfb45c2067f353e471f44de9571c0, 0.0
0, 0, 0, 1575627076, 0xe5fe638a211cfb45c2067f353e471f44de9571c0, 0x541f5c20e1504bf749ea65328fb4fdda5cc3e6b9, 100.00000000000001
0, 0, 0, 1575644225, 0xe5fe638a211cfb45c2067f353e471f44de9571c0, 0x881ecd76fc2eba144aedabc02f27d2c5f9d9f6dc, 64.39700500000001
