, TxHash, BlockHeight, TimesStamp, From, To, Value
0, 0, 0, 1575425842, 0x855f22809df5f5222d70f8df47369462c555db0d, 0xe68325da464279655cb948d9bcf02df6a7283994, 100.00000000000001
0, 0, 0, 1575427335, 0xe68325da464279655cb948d9bcf02df6a7283994, 0x7e911199266e64d8f82e1ed9857d9f79805cdbad, 99.99958000000001
0, 0, 0, 1575431244, 0x855f22809df5f5222d70f8df47369462c555db0d, 0xe68325da464279655cb948d9bcf02df6a7283994, 390.0
0, 0, 0, 1575431320, 0x855f22809df5f5222d70f8df47369462c555db0d, 0xe68325da464279655cb948d9bcf02df6a7283994, 200.00000000000003
0, 0, 0, 1575431345, 0x2b61f5e26260ef2fbe4cf3f6df5bc46dc491e788, 0xe68325da464279655cb948d9bcf02df6a7283994, 310.0
0, 0, 0, 1575431432, 0xe68325da464279655cb948d9bcf02df6a7283994, 0x7e911199266e64d8f82e1ed9857d9f79805cdbad, 899.99958
0, 0, 0, 1575442903, 0x7e911199266e64d8f82e1ed9857d9f79805cdbad, 0xe68325da464279655cb948d9bcf02df6a7283994, 999.9991600000001
0, 0, 0, 1575443179, 0xe68325da464279655cb948d9bcf02df6a7283994, 0xa13417d2350c155fa6a9e5ad00d5a455401d1a35, 999.99895
0, 0, 0, 1575465691, 0x83053c32b7819f420dcfed2d218335fe430fe3b5, 0xe68325da464279655cb948d9bcf02df6a7283994, 0.0
