, TxHash, BlockHeight, TimesStamp, From, To, Value
0, 0, 0, 1575360135, 0x7e31fac61eb7a69fe559161e87504b1cbc2ffedc, 0xe78630a1afea72b40f6fb309c8472ff0c8e6ab69, 15.000000000000002
0, 0, 0, 1575465771, 0x83053c32b7819f420dcfed2d218335fe430fe3b5, 0xe78630a1afea72b40f6fb309c8472ff0c8e6ab69, 0.0
0, 0, 0, 1581105016, 0xe78630a1afea72b40f6fb309c8472ff0c8e6ab69, 0x3437669759b19a5d182461016efe9222f2ea8cb9, 2.917754413660475
