, TxHash, BlockHeight, TimesStamp, From, To, Value
0, 0, 0, 1577090770, 0x987f8cfb36086c78becc03e4e3369c69e195d476, 0xe787576999747cddbd8f4f67e150b46717dd5ae6, 500.000756
0, 0, 0, 1577090788, 0x83053c32b7819f420dcfed2d218335fe430fe3b5, 0xe787576999747cddbd8f4f67e150b46717dd5ae6, 0.0
0, 0, 0, 1577090788, 0xe787576999747cddbd8f4f67e150b46717dd5ae6, 0x20d962e8dc9479483cc2202a25e853ee670d38ba, 500.0005040000001
