, TxHash, BlockHeight, TimesStamp, From, To, Value
0, 0, 0, 1576915857, 0x826f976d0e1c247e22f55be60ff509460744ada0, 0xe8ef215e3544f9bd0207922d5d0659535f0e45d1, 1499.998299
0, 0, 0, 1576915923, 0x83053c32b7819f420dcfed2d218335fe430fe3b5, 0xe8ef215e3544f9bd0207922d5d0659535f0e45d1, 0.0
0, 0, 0, 1576915923, 0xe8ef215e3544f9bd0207922d5d0659535f0e45d1, 0xd61899dbfde2728bcf0d87f7d0636b36d3857a8c, 1499.9978580000002
