, TxHash, BlockHeight, TimesStamp, From, To, Value
0, 0, 0, 1575684037, 0x541f5c20e1504bf749ea65328fb4fdda5cc3e6b9, 0xe89d05187ef0e9312a988286728202bbdc956c84, 40.000546
0, 0, 0, 1575684070, 0xe89d05187ef0e9312a988286728202bbdc956c84, 0x29fb108a7b4e67b770e117567cdd3084ff24fb47, 40.000273
0, 0, 0, 1575684113, 0x83053c32b7819f420dcfed2d218335fe430fe3b5, 0xe89d05187ef0e9312a988286728202bbdc956c84, 0.0
