, TxHash, BlockHeight, TimesStamp, From, To, Value
0, 0, 0, 1575660879, 0x541f5c20e1504bf749ea65328fb4fdda5cc3e6b9, 0xe88a1c7e55e374125c8eae4e2c079da3533695fc, 20.000882
0, 0, 0, 1575660894, 0xe88a1c7e55e374125c8eae4e2c079da3533695fc, 0x85a90a751ab7397c19857f51011517afc3e29f24, 20.000441000000002
0, 0, 0, 1575660922, 0x83053c32b7819f420dcfed2d218335fe430fe3b5, 0xe88a1c7e55e374125c8eae4e2c079da3533695fc, 0.0
