, TxHash, BlockHeight, TimesStamp, From, To, Value
0, 0, 0, 1575532724, 0xf8f590827430ea32513bb0ff60038a4234abfa4c, 0xe9788439b1a493b36e5abfc49757060a985e02d0, 199.999286
0, 0, 0, 1575532752, 0xe9788439b1a493b36e5abfc49757060a985e02d0, 0x9bb2d596447020e099322f25a9151911a2bf74bb, 199.998929
0, 0, 0, 1575532761, 0x83053c32b7819f420dcfed2d218335fe430fe3b5, 0xe9788439b1a493b36e5abfc49757060a985e02d0, 0.0
