, TxHash, BlockHeight, TimesStamp, From, To, Value
0, 0, 0, 1575652782, 0x541f5c20e1504bf749ea65328fb4fdda5cc3e6b9, 0xe97ecceb04a4ae795be330b2adbc136ccbf8f040, 15.000840000000002
0, 0, 0, 1575652789, 0xe97ecceb04a4ae795be330b2adbc136ccbf8f040, 0x2e16fa9bfacb4c3c38fbdc01489bd77325672dc9, 15.000420000000002
0, 0, 0, 1575653547, 0x83053c32b7819f420dcfed2d218335fe430fe3b5, 0xe97ecceb04a4ae795be330b2adbc136ccbf8f040, 0.0
