, TxHash, BlockHeight, TimesStamp, From, To, Value
0, 0, 0, 1576238214, 0x899fd66c52a09ef6fb6d10549b08e030a4e366ad, 0xea8aa4458c39265f1427fe1231534c419a7ebdfc, 500.00000000000006
0, 0, 0, 1576238219, 0x83053c32b7819f420dcfed2d218335fe430fe3b5, 0xea8aa4458c39265f1427fe1231534c419a7ebdfc, 0.0
0, 0, 0, 1576285239, 0xea8aa4458c39265f1427fe1231534c419a7ebdfc, 0x095c7903fabf99b126008efb9c5152227bf96551, 10.000357000000001
0, 0, 0, 1576285996, 0xea8aa4458c39265f1427fe1231534c419a7ebdfc, 0xcb576304a126099ed52166865b86b0bfd7abfade, 20.000294
0, 0, 0, 1576286867, 0xea8aa4458c39265f1427fe1231534c419a7ebdfc, 0x698219176d81856be629abb186f123c809c3fd80, 50.00048300000001
0, 0, 0, 1576287706, 0xea8aa4458c39265f1427fe1231534c419a7ebdfc, 0x697bab39b032c8a2ba69be536859de9f9a532790, 51.000336000000004
0, 0, 0, 1576288671, 0xea8aa4458c39265f1427fe1231534c419a7ebdfc, 0xbe867aae1bb0490d92640eb8331b2fedc3d4006f, 50.000273
0, 0, 0, 1576289358, 0xea8aa4458c39265f1427fe1231534c419a7ebdfc, 0x32f88debe3018af9cabff5a08046f9d3201942d6, 51.00048300000001
0, 0, 0, 1576290311, 0xea8aa4458c39265f1427fe1231534c419a7ebdfc, 0x842423281c9f2b6004827617652eab7b03554114, 50.000420000000005
0, 0, 0, 1576291549, 0xea8aa4458c39265f1427fe1231534c419a7ebdfc, 0x3190920c377fa88c2ff2a6f2e41f7ccb4301765c, 51.00039900000001
0, 0, 0, 1576294728, 0xea8aa4458c39265f1427fe1231534c419a7ebdfc, 0x83e5792ad34c1ffcd3fcac24d165415f804a8cbd, 50.00048300000001
0, 0, 0, 1576296469, 0xea8aa4458c39265f1427fe1231534c419a7ebdfc, 0x59cf5a91d49faee565f1d71dbdbd529878f6b020, 51.000378000000005
0, 0, 0, 1576308529, 0xea8aa4458c39265f1427fe1231534c419a7ebdfc, 0xefaa97bb365b8ebea0dc24a17e64847453138b50, 65.991726
