, TxHash, BlockHeight, TimesStamp, From, To, Value
0, 0, 0, 1575651678, 0x541f5c20e1504bf749ea65328fb4fdda5cc3e6b9, 0xea2a750c6469b7122f1a9c0c2ed7344bc35462d0, 10.000504000000001
0, 0, 0, 1575651709, 0xea2a750c6469b7122f1a9c0c2ed7344bc35462d0, 0x2b5e52fdf9dcfc97fee78230222becf59906397d, 10.000252000000001
0, 0, 0, 1575651801, 0x83053c32b7819f420dcfed2d218335fe430fe3b5, 0xea2a750c6469b7122f1a9c0c2ed7344bc35462d0, 0.0
