, TxHash, BlockHeight, TimesStamp, From, To, Value
0, 0, 0, 1575710516, 0x52c2e3a608f7e6f32a829b017788c24309dd33ce, 0xea8fd4137a03e472d1e0acfc90c45b1dac1f4af1, 50.000924000000005
0, 0, 0, 1575710554, 0xea8fd4137a03e472d1e0acfc90c45b1dac1f4af1, 0x5e4b5b809a7d95147ceed14774c116968793a35b, 50.000462000000006
0, 0, 0, 1575710783, 0x83053c32b7819f420dcfed2d218335fe430fe3b5, 0xea8fd4137a03e472d1e0acfc90c45b1dac1f4af1, 0.0
