, TxHash, BlockHeight, TimesStamp, From, To, Value
0, 0, 0, 1578138423, 0xa317dab3553e987c79d098c6fcccf0f002f6e163, 0xea5690faf9b45a92ee2f09ce2656ec5d17600c23, 1399.998593
0, 0, 0, 1578138433, 0x83053c32b7819f420dcfed2d218335fe430fe3b5, 0xea5690faf9b45a92ee2f09ce2656ec5d17600c23, 0.0
0, 0, 0, 1578138433, 0xea5690faf9b45a92ee2f09ce2656ec5d17600c23, 0x542724a5d04516cd1b14ee9a6f348c40cf8efd16, 1399.9982780000003
