, TxHash, BlockHeight, TimesStamp, From, To, Value
0, 0, 0, 1575371387, 0x2b61f5e26260ef2fbe4cf3f6df5bc46dc491e788, 0xea15791d8f1e6887a9d378c606bb81b8de52b703, 10.0
0, 0, 0, 1575449148, 0xea15791d8f1e6887a9d378c606bb81b8de52b703, 0x3468ea24cacb1173a858eac4ab3be60ecbba8a34, 8.610549303816866
0, 0, 0, 1575465691, 0x83053c32b7819f420dcfed2d218335fe430fe3b5, 0xea15791d8f1e6887a9d378c606bb81b8de52b703, 0.0
0, 0, 0, 1575468623, 0xea15791d8f1e6887a9d378c606bb81b8de52b703, 0xca6c4a5c7b4405a48b5617aff4ef2aa2696016b8, 0.13630294991460934
0, 0, 0, 1575472926, 0xea15791d8f1e6887a9d378c606bb81b8de52b703, 0x6696487a0a041a9d7e148a971b2bd18f2eb4bbfc, 0.6873319899219036
0, 0, 0, 1575490507, 0xea15791d8f1e6887a9d378c606bb81b8de52b703, 0x8c56e25db0eb537a0e8e0bd60bf871e0c6610a6a, 0.1278356759221674
0, 0, 0, 1575565269, 0xea15791d8f1e6887a9d378c606bb81b8de52b703, 0x0d8cf9245aed06535485ecc8eabe2dbee6fb001c, 0.26480787581449894
0, 0, 0, 1575586014, 0xea15791d8f1e6887a9d378c606bb81b8de52b703, 0x6eb80cb24a491214f4a13cb7b3f7896b51995de7, 0.03266075161279435
0, 0, 0, 1575586170, 0xea15791d8f1e6887a9d378c606bb81b8de52b703, 0x1f9ed277b21a35ab16684f499be25bc2fc2de59f, 0.02592763609935641
0, 0, 0, 1575586191, 0xea15791d8f1e6887a9d378c606bb81b8de52b703, 0xb2e72b066ac4f7d00c7588d0f8a32c98f9736e6c, 0.025937640330150998
0, 0, 0, 1575586243, 0xea15791d8f1e6887a9d378c606bb81b8de52b703, 0x2acb79080991a4866a380e6ee0bab7115ca91bc1, 0.025943654702360305
0, 0, 0, 1575586413, 0xea15791d8f1e6887a9d378c606bb81b8de52b703, 0x684f2af2bfeeabde73f3af5e9fe42b47f6d080ae, 0.02591705811574849
0, 0, 0, 1576368466, 0xea15791d8f1e6887a9d378c606bb81b8de52b703, 0xc6ba76145fbb13facf67c7f0b47f73813142365c, 0.03530247778690799
