, TxHash, BlockHeight, TimesStamp, From, To, Value
0, 0, 0, 1576967061, 0xd8492dff0c3ca1bc055146466240952753e6ad70, 0xeaeb04c84d48f6641c61b6f290931e8f481c2a5c, 2000.0007980000003
0, 0, 0, 1576967073, 0x83053c32b7819f420dcfed2d218335fe430fe3b5, 0xeaeb04c84d48f6641c61b6f290931e8f481c2a5c, 0.0
0, 0, 0, 1576967073, 0xeaeb04c84d48f6641c61b6f290931e8f481c2a5c, 0x7458e554e5d51c3391a3b3720d5be40cca4b08a3, 2000.0003990000002
