, TxHash, BlockHeight, TimesStamp, From, To, Value
0, 0, 0, 1575653466, 0xe12765cfe2801377eac0635223846a661abb3b3b, 0xeb1393e9248d6a55365c7375aa955b33724a5573, 15.000357000000001
0, 0, 0, 1575653481, 0xeb1393e9248d6a55365c7375aa955b33724a5573, 0x5dcff3a72c5fe9c646456a830a4d5cdd7d3cad42, 15.000000000000002
0, 0, 0, 1575653547, 0x83053c32b7819f420dcfed2d218335fe430fe3b5, 0xeb1393e9248d6a55365c7375aa955b33724a5573, 0.0
