, TxHash, BlockHeight, TimesStamp, From, To, Value
0, 0, 0, 1575299113, 0x53186601306500c58ed68e4c60b4c7180a62f88f, 0xec58ad57e467ac3084676cee9122ee9e3e9d54f8, 33.82949932341002
0, 0, 0, 1575299164, 0xec58ad57e467ac3084676cee9122ee9e3e9d54f8, 0x963710e4e2bd42065e211140cdba1b5d172f30f4, 33.829394323410014
0, 0, 0, 1575465771, 0x83053c32b7819f420dcfed2d218335fe430fe3b5, 0xec58ad57e467ac3084676cee9122ee9e3e9d54f8, 0.0
