, TxHash, BlockHeight, TimesStamp, From, To, Value
0, 0, 0, 1575283576, 0xa450f85dbd67af714ea16a86982223231164fd23, 0xec87b798ae833e964fd50b64864a80fc5b19eb69, 1001.0000000000001
0, 0, 0, 1575283715, 0xec87b798ae833e964fd50b64864a80fc5b19eb69, 0x53186601306500c58ed68e4c60b4c7180a62f88f, 1000.0000000000001
0, 0, 0, 1575465771, 0x83053c32b7819f420dcfed2d218335fe430fe3b5, 0xec87b798ae833e964fd50b64864a80fc5b19eb69, 0.0
0, 0, 0, 1575685475, 0x20a41844d89c646ec2bee518e4b2376a883f9ab9, 0xec87b798ae833e964fd50b64864a80fc5b19eb69, 14.990886000000001
0, 0, 0, 1575685536, 0xec87b798ae833e964fd50b64864a80fc5b19eb69, 0x96ba816c39130bdad8e4e8d49605def6f140d735, 15.990046000000001
