, TxHash, BlockHeight, TimesStamp, From, To, Value
0, 0, 0, 1575362948, 0x82f4d449973001c3a3a2c5cc432ee31407a4e862, 0xec305a14191fa627b151f16f59183e7e274d81ed, 4.9937000000000005
0, 0, 0, 1575364333, 0x20a41844d89c646ec2bee518e4b2376a883f9ab9, 0xec305a14191fa627b151f16f59183e7e274d81ed, 100.00000000000001
0, 0, 0, 1575364536, 0xec305a14191fa627b151f16f59183e7e274d81ed, 0x5fcbad3d20645f39abc2d719a8ea42bccec7dfca, 5.0
0, 0, 0, 1575442918, 0xec305a14191fa627b151f16f59183e7e274d81ed, 0x8c69821953c2c470ea05f746286de6df258bc440, 1.0
0, 0, 0, 1575443199, 0xec305a14191fa627b151f16f59183e7e274d81ed, 0x0a1997046c7b55b06a223ab5b43a1d1d6eee0578, 98.99244
0, 0, 0, 1575451179, 0x20a41844d89c646ec2bee518e4b2376a883f9ab9, 0xec305a14191fa627b151f16f59183e7e274d81ed, 200.00000000000003
0, 0, 0, 1575451742, 0xec305a14191fa627b151f16f59183e7e274d81ed, 0xd8b5b1cf394fa28741cb3ac6b81755a652e59f44, 199.99958000000004
0, 0, 0, 1575463998, 0x20a41844d89c646ec2bee518e4b2376a883f9ab9, 0xec305a14191fa627b151f16f59183e7e274d81ed, 500.00000000000006
0, 0, 0, 1575464386, 0xec305a14191fa627b151f16f59183e7e274d81ed, 0x6d44cc55dfd2dd0da5009c8973bbbf62b9afafb4, 499.99958000000004
0, 0, 0, 1575465691, 0x83053c32b7819f420dcfed2d218335fe430fe3b5, 0xec305a14191fa627b151f16f59183e7e274d81ed, 0.0
0, 0, 0, 1575532307, 0x20a41844d89c646ec2bee518e4b2376a883f9ab9, 0xec305a14191fa627b151f16f59183e7e274d81ed, 200.00000000000003
0, 0, 0, 1575532690, 0xec305a14191fa627b151f16f59183e7e274d81ed, 0xf8f590827430ea32513bb0ff60038a4234abfa4c, 199.999643
0, 0, 0, 1575538627, 0x20a41844d89c646ec2bee518e4b2376a883f9ab9, 0xec305a14191fa627b151f16f59183e7e274d81ed, 400.00000000000006
0, 0, 0, 1575538866, 0xec305a14191fa627b151f16f59183e7e274d81ed, 0x1d32ec41c46aa95f85a7e3e1d13aaa75661c08c6, 399.99966400000005
0, 0, 0, 1575559012, 0x20a41844d89c646ec2bee518e4b2376a883f9ab9, 0xec305a14191fa627b151f16f59183e7e274d81ed, 500.00000000000006
0, 0, 0, 1575559280, 0xec305a14191fa627b151f16f59183e7e274d81ed, 0x1ee626c5b66ffbe9e20c49380e03dfd589c2c3a5, 499.99958000000004
