, TxHash, BlockHeight, TimesStamp, From, To, Value
0, 0, 0, 1578133384, 0x1df42375928b16cd46e7ad14db2e3124ee267ece, 0xec67ff8c26049c89420c6ee4afacf4bf20304bf9, 100.00031500000001
0, 0, 0, 1578133434, 0x83053c32b7819f420dcfed2d218335fe430fe3b5, 0xec67ff8c26049c89420c6ee4afacf4bf20304bf9, 0.0
0, 0, 0, 1578133434, 0xec67ff8c26049c89420c6ee4afacf4bf20304bf9, 0xc098fc492f85e81497eaec28dd47f8d0b8149fed, 100.00000000000001
