, TxHash, BlockHeight, TimesStamp, From, To, Value
0, 0, 0, 1576945850, 0xfddb6f58441cc6b5bfb7af662c078a7a4e37ce0f, 0xeea340f20dd5d7502e76d9c276cc0e1802355113, 2500.000966
0, 0, 0, 1576945875, 0x83053c32b7819f420dcfed2d218335fe430fe3b5, 0xeea340f20dd5d7502e76d9c276cc0e1802355113, 0.0
0, 0, 0, 1576945875, 0xeea340f20dd5d7502e76d9c276cc0e1802355113, 0xb3396d65a4e9b9979cb50b35b3da5e5dcb0ea809, 2500.0004830000003
