, TxHash, BlockHeight, TimesStamp, From, To, Value
0, 0, 0, 1575681906, 0x541f5c20e1504bf749ea65328fb4fdda5cc3e6b9, 0xef1d25731b30386a07be9c86eafc4d9dfcd54462, 30.00063
0, 0, 0, 1575681958, 0xef1d25731b30386a07be9c86eafc4d9dfcd54462, 0x03e6450845d9ba11b3aae8e1050fce3ac52f804d, 30.000315
0, 0, 0, 1575682030, 0x83053c32b7819f420dcfed2d218335fe430fe3b5, 0xef1d25731b30386a07be9c86eafc4d9dfcd54462, 0.0
