, TxHash, BlockHeight, TimesStamp, From, To, Value
0, 0, 0, 1575677565, 0x541f5c20e1504bf749ea65328fb4fdda5cc3e6b9, 0xefcecd4104e10f5740abc8064d813e598febac1f, 30.000798000000003
0, 0, 0, 1575677610, 0xefcecd4104e10f5740abc8064d813e598febac1f, 0xc28918e71a8868ffdd48838633933286d057033b, 30.000399
0, 0, 0, 1575678001, 0x83053c32b7819f420dcfed2d218335fe430fe3b5, 0xefcecd4104e10f5740abc8064d813e598febac1f, 0.0
