, TxHash, BlockHeight, TimesStamp, From, To, Value
0, 0, 0, 1577084689, 0xebdb62d895c6dfbb7a2dcb386f5bdcfc1dd7122a, 0xf0b5efe097f5520ec59bc473e3c5e9e9e652db5e, 504.998467
0, 0, 0, 1577084697, 0x83053c32b7819f420dcfed2d218335fe430fe3b5, 0xf0b5efe097f5520ec59bc473e3c5e9e9e652db5e, 0.0
0, 0, 0, 1577084697, 0xf0b5efe097f5520ec59bc473e3c5e9e9e652db5e, 0x84f4bcc4e841afdfde7899662f8bbd7d6a71c112, 504.998194
