, TxHash, BlockHeight, TimesStamp, From, To, Value
0, 0, 0, 1575367464, 0x2b61f5e26260ef2fbe4cf3f6df5bc46dc491e788, 0xf044409d7dfe378ece0bc70693df29261d727b63, 5.0
0, 0, 0, 1575370105, 0xf044409d7dfe378ece0bc70693df29261d727b63, 0xe0d70cdd2f94dc07a7ad6ccef056da2f605cafac, 4.907909232556094
0, 0, 0, 1575447818, 0xf044409d7dfe378ece0bc70693df29261d727b63, 0x857a47706e7b3e7d99170f0d239a6a408169e937, 0.09174636744390698
0, 0, 0, 1575465691, 0x83053c32b7819f420dcfed2d218335fe430fe3b5, 0xf044409d7dfe378ece0bc70693df29261d727b63, 0.0
