, TxHash, BlockHeight, TimesStamp, From, To, Value
0, 0, 0, 1576251253, 0x5dbc1a8c7df39daf764de3cb95de752c2edf9d37, 0xf1b018b8af075d3053d2f06203baa54d4df8b82b, 19.999750000000002
0, 0, 0, 1576251265, 0x83053c32b7819f420dcfed2d218335fe430fe3b5, 0xf1b018b8af075d3053d2f06203baa54d4df8b82b, 0.0
0, 0, 0, 1576467599, 0xe986be51571f2f84571186934987bf0894ce0c27, 0xf1b018b8af075d3053d2f06203baa54d4df8b82b, 20.09
0, 0, 0, 1576467734, 0xf749353c3734bf33b9fe286549c47e4d8d53e64d, 0xf1b018b8af075d3053d2f06203baa54d4df8b82b, 20.09
0, 0, 0, 1576768702, 0xf1b018b8af075d3053d2f06203baa54d4df8b82b, 0x5d1989c4e7805a150b73f7816d7460fed4a85e14, 0.01
0, 0, 0, 1576850324, 0xf1b018b8af075d3053d2f06203baa54d4df8b82b, 0x5d1989c4e7805a150b73f7816d7460fed4a85e14, 60.169000000000004
