, TxHash, BlockHeight, TimesStamp, From, To, Value
0, 0, 0, 1578675662, 0x111f76006af0306fe02d8ed5b306f34d8f64798a, 0xf1d63d9a3b8983bace9be110ce3542f6039bd405, 7707.991968054001
0, 0, 0, 1578675684, 0x83053c32b7819f420dcfed2d218335fe430fe3b5, 0xf1d63d9a3b8983bace9be110ce3542f6039bd405, 0.0
0, 0, 0, 1578675684, 0xf1d63d9a3b8983bace9be110ce3542f6039bd405, 0xd40885c8d582a2b8d7c5e3627d6f116dc37772dc, 7707.991569054001
