, TxHash, BlockHeight, TimesStamp, From, To, Value
0, 0, 0, 1575678646, 0x046c3f2e193ddc2129bfd61da788c78c67690adc, 0xf1e56a1706d573c03b8c4e2ba6427680ea11a817, 15.000252000000001
0, 0, 0, 1575678657, 0xf1e56a1706d573c03b8c4e2ba6427680ea11a817, 0x69889d755aa7be685d253bf98ae42d6d1f0dc341, 15.000000000000002
0, 0, 0, 1575678945, 0x83053c32b7819f420dcfed2d218335fe430fe3b5, 0xf1e56a1706d573c03b8c4e2ba6427680ea11a817, 0.0
