, TxHash, BlockHeight, TimesStamp, From, To, Value
0, 0, 0, 1575294734, 0x75bada55d5378334225eba166a9ae1bc85808f76, 0xf1bf959e38bb4f0b38616ebfeafe2b99050ac2c8, 20.100392262562817
0, 0, 0, 1575294850, 0xf1bf959e38bb4f0b38616ebfeafe2b99050ac2c8, 0xac52bd664b3c0f365cbb1b725d6ad5ca300169df, 20.099959662562817
0, 0, 0, 1575299164, 0x75bada55d5378334225eba166a9ae1bc85808f76, 0xf1bf959e38bb4f0b38616ebfeafe2b99050ac2c8, 33.829394323410014
0, 0, 0, 1575299206, 0xf1bf959e38bb4f0b38616ebfeafe2b99050ac2c8, 0x6bb5e0aa55225272867708b21824983587236d36, 33.829016323410016
0, 0, 0, 1575465771, 0x83053c32b7819f420dcfed2d218335fe430fe3b5, 0xf1bf959e38bb4f0b38616ebfeafe2b99050ac2c8, 0.0
