, TxHash, BlockHeight, TimesStamp, From, To, Value
0, 0, 0, 1575446917, 0x2b61f5e26260ef2fbe4cf3f6df5bc46dc491e788, 0xf2a49019c506ca17f344d7cb04d8f1a9a82c20db, 10.0
0, 0, 0, 1575465691, 0x83053c32b7819f420dcfed2d218335fe430fe3b5, 0xf2a49019c506ca17f344d7cb04d8f1a9a82c20db, 0.0
0, 0, 0, 1576070843, 0xf2a49019c506ca17f344d7cb04d8f1a9a82c20db, 0x12e072838c93762e88f7c5fa4f9c14d5aa7acdc1, 9.230091254517056
0, 0, 0, 1577358780, 0xf2a49019c506ca17f344d7cb04d8f1a9a82c20db, 0x3c52513110dc2e2a33d93996aeca62ee7edfcdfc, 0.7438930950107784
0, 0, 0, 1579255286, 0xf2a49019c506ca17f344d7cb04d8f1a9a82c20db, 0xbf21232d01f70e4dd58e46a7aa26773e8083d708, 0.025627150472166536
