, TxHash, BlockHeight, TimesStamp, From, To, Value
0, 0, 0, 1575682886, 0x1b73b2f8a96e4ed6e057a5c91adcbcb2f54cc6a4, 0xf2d1a80e8637a17d7417b5ecc891fb048350a749, 15.000462
0, 0, 0, 1575682907, 0xf2d1a80e8637a17d7417b5ecc891fb048350a749, 0x69889d755aa7be685d253bf98ae42d6d1f0dc341, 15.000000000000002
0, 0, 0, 1575683064, 0x83053c32b7819f420dcfed2d218335fe430fe3b5, 0xf2d1a80e8637a17d7417b5ecc891fb048350a749, 0.0
