, TxHash, BlockHeight, TimesStamp, From, To, Value
0, 0, 0, 1576925043, 0x27e6b7a248ac8f2321f1dd29695aaf38b07e9c1c, 0xf3fe2154e7fc92e3e43dd3be39ca29d110a5c47d, 3000.0
0, 0, 0, 1576925047, 0x83053c32b7819f420dcfed2d218335fe430fe3b5, 0xf3fe2154e7fc92e3e43dd3be39ca29d110a5c47d, 0.0
0, 0, 0, 1576925134, 0xf3fe2154e7fc92e3e43dd3be39ca29d110a5c47d, 0xc292a9d5e489d4ed867da36c058e6c64b6948cbc, 1500.0007140000002
0, 0, 0, 1576926300, 0xf3fe2154e7fc92e3e43dd3be39ca29d110a5c47d, 0x9927a5fd12d56d30a0ddb3e239e61fdd435a6457, 1499.998509
