, TxHash, BlockHeight, TimesStamp, From, To, Value
0, 0, 0, 1575463531, 0xf52baeb41abf6a9001f42246d5a3a9e2677bc8f5, 0xf3fcaa12cda574bf806d4b986ed9e414c13ba421, 1001.0000000000001
0, 0, 0, 1575464896, 0xf52baeb41abf6a9001f42246d5a3a9e2677bc8f5, 0xf3fcaa12cda574bf806d4b986ed9e414c13ba421, 10000.0
0, 0, 0, 1575465659, 0x83053c32b7819f420dcfed2d218335fe430fe3b5, 0xf3fcaa12cda574bf806d4b986ed9e414c13ba421, 0.0
0, 0, 0, 1576810042, 0xf3fcaa12cda574bf806d4b986ed9e414c13ba421, 0x7cf95087195e1f4ddb66ef7da1d01fb40684cbdd, 10000.0
0, 0, 0, 1577261636, 0x987f8cfb36086c78becc03e4e3369c69e195d476, 0xf3fcaa12cda574bf806d4b986ed9e414c13ba421, 10045.768811599215
0, 0, 0, 1577607902, 0x51a2176a38db9e5ebdecadd2b6142d13f2382c86, 0xf3fcaa12cda574bf806d4b986ed9e414c13ba421, 0.001
0, 0, 0, 1577617513, 0xd1bfd64896ff02e8e33123ed1575d7d1efa6cb42, 0xf3fcaa12cda574bf806d4b986ed9e414c13ba421, 0.001
0, 0, 0, 1577673828, 0xd1bfd64896ff02e8e33123ed1575d7d1efa6cb42, 0xf3fcaa12cda574bf806d4b986ed9e414c13ba421, 0.001
0, 0, 0, 1577867892, 0xd1bfd64896ff02e8e33123ed1575d7d1efa6cb42, 0xf3fcaa12cda574bf806d4b986ed9e414c13ba421, 0.001
0, 0, 0, 1577961556, 0xd1bfd64896ff02e8e33123ed1575d7d1efa6cb42, 0xf3fcaa12cda574bf806d4b986ed9e414c13ba421, 0.001
0, 0, 0, 1578062974, 0xd1bfd64896ff02e8e33123ed1575d7d1efa6cb42, 0xf3fcaa12cda574bf806d4b986ed9e414c13ba421, 0.0001
0, 0, 0, 1578149270, 0xd1bfd64896ff02e8e33123ed1575d7d1efa6cb42, 0xf3fcaa12cda574bf806d4b986ed9e414c13ba421, 0.0001
0, 0, 0, 1578882547, 0xf3fcaa12cda574bf806d4b986ed9e414c13ba421, 0xc95a9bc103090dd780ebb59eeb6759db7d48c203, 200.00000000000003
0, 0, 0, 1578883653, 0xf3fcaa12cda574bf806d4b986ed9e414c13ba421, 0xc95a9bc103090dd780ebb59eeb6759db7d48c203, 1800.0000000000002
0, 0, 0, 1578887423, 0xf3fcaa12cda574bf806d4b986ed9e414c13ba421, 0xc95a9bc103090dd780ebb59eeb6759db7d48c203, 3000.0
0, 0, 0, 1578901786, 0xf3fcaa12cda574bf806d4b986ed9e414c13ba421, 0xc95a9bc103090dd780ebb59eeb6759db7d48c203, 6046.771995599215
