, TxHash, BlockHeight, TimesStamp, From, To, Value
0, 0, 0, 1575642519, 0x541f5c20e1504bf749ea65328fb4fdda5cc3e6b9, 0xf4c37cecd8422b03e5c8b42de4d40a01b42828a6, 10.000588
0, 0, 0, 1575642527, 0xf4c37cecd8422b03e5c8b42de4d40a01b42828a6, 0x976603f5f240cf2a3f3ed076711659e8a776711c, 10.000294
0, 0, 0, 1575642585, 0x83053c32b7819f420dcfed2d218335fe430fe3b5, 0xf4c37cecd8422b03e5c8b42de4d40a01b42828a6, 0.0
