, TxHash, BlockHeight, TimesStamp, From, To, Value
0, 0, 0, 1576898959, 0x148e741f7316f8d472c7363957c344d0458a95d8, 0xf5ef2fd1a0a512bd145b34a8de8652bc0f289415, 1000.0000000000001
0, 0, 0, 1576898993, 0x83053c32b7819f420dcfed2d218335fe430fe3b5, 0xf5ef2fd1a0a512bd145b34a8de8652bc0f289415, 0.0
0, 0, 0, 1576899109, 0xf5ef2fd1a0a512bd145b34a8de8652bc0f289415, 0x558c7fe59cff5b39e17be3de8e66a0e2e11be127, 999.999622
