, TxHash, BlockHeight, TimesStamp, From, To, Value
0, 0, 0, 1575472518, 0x4d53dad4b3552710ac276fa7f7ba944554c1cace, 0xf627e65cb54d7e6491dc295842463d9ff0c5cc26, 1001.0000000000001
0, 0, 0, 1575472582, 0x4d53dad4b3552710ac276fa7f7ba944554c1cace, 0xf627e65cb54d7e6491dc295842463d9ff0c5cc26, 10000.0
0, 0, 0, 1575474382, 0x83053c32b7819f420dcfed2d218335fe430fe3b5, 0xf627e65cb54d7e6491dc295842463d9ff0c5cc26, 0.0
0, 0, 0, 1577607920, 0x51a2176a38db9e5ebdecadd2b6142d13f2382c86, 0xf627e65cb54d7e6491dc295842463d9ff0c5cc26, 0.001
0, 0, 0, 1577617692, 0xd1bfd64896ff02e8e33123ed1575d7d1efa6cb42, 0xf627e65cb54d7e6491dc295842463d9ff0c5cc26, 0.001
0, 0, 0, 1577673963, 0xd1bfd64896ff02e8e33123ed1575d7d1efa6cb42, 0xf627e65cb54d7e6491dc295842463d9ff0c5cc26, 0.001
0, 0, 0, 1577867944, 0xd1bfd64896ff02e8e33123ed1575d7d1efa6cb42, 0xf627e65cb54d7e6491dc295842463d9ff0c5cc26, 0.001
0, 0, 0, 1577961882, 0xd1bfd64896ff02e8e33123ed1575d7d1efa6cb42, 0xf627e65cb54d7e6491dc295842463d9ff0c5cc26, 0.001
0, 0, 0, 1578063093, 0xd1bfd64896ff02e8e33123ed1575d7d1efa6cb42, 0xf627e65cb54d7e6491dc295842463d9ff0c5cc26, 0.0001
0, 0, 0, 1578149432, 0xd1bfd64896ff02e8e33123ed1575d7d1efa6cb42, 0xf627e65cb54d7e6491dc295842463d9ff0c5cc26, 0.0001
0, 0, 0, 1578972999, 0xf627e65cb54d7e6491dc295842463d9ff0c5cc26, 0xebecdfdebb0b0fe5f16739a7ca1232d6309e0b00, 5001.0
0, 0, 0, 1578982795, 0xf627e65cb54d7e6491dc295842463d9ff0c5cc26, 0xebecdfdebb0b0fe5f16739a7ca1232d6309e0b00, 3000.0
0, 0, 0, 1578988735, 0xf627e65cb54d7e6491dc295842463d9ff0c5cc26, 0xebecdfdebb0b0fe5f16739a7ca1232d6309e0b00, 3000.0041080000005
