, TxHash, BlockHeight, TimesStamp, From, To, Value
0, 0, 0, 1576729219, 0x5a7490fc0e568df765e781ce54f43c4011549814, 0xf6e36a3e5aaa7a55c434e3161a968acb6a3b4824, 499.99932800000005
0, 0, 0, 1576729235, 0x83053c32b7819f420dcfed2d218335fe430fe3b5, 0xf6e36a3e5aaa7a55c434e3161a968acb6a3b4824, 0.0
0, 0, 0, 1576729235, 0xf6e36a3e5aaa7a55c434e3161a968acb6a3b4824, 0xd54feefce2b6ffc4421ea719aae30da6b1350a75, 499.99899200000004
