, TxHash, BlockHeight, TimesStamp, From, To, Value
0, 0, 0, 1575637611, 0x541f5c20e1504bf749ea65328fb4fdda5cc3e6b9, 0xf704cf7b9a0eb7b15bf50691af915b4f6f6174a3, 15.000546000000002
0, 0, 0, 1575637633, 0xf704cf7b9a0eb7b15bf50691af915b4f6f6174a3, 0x8e7bfbd29021d86e5ef074375b9765f1aa3d9ea1, 15.000273000000002
0, 0, 0, 1575637872, 0x83053c32b7819f420dcfed2d218335fe430fe3b5, 0xf704cf7b9a0eb7b15bf50691af915b4f6f6174a3, 0.0
