, TxHash, BlockHeight, TimesStamp, From, To, Value
0, 0, 0, 1575661384, 0x541f5c20e1504bf749ea65328fb4fdda5cc3e6b9, 0xf7c609a9c35e888c62e3506f26a9a85ee0e036a7, 20.000546
0, 0, 0, 1575661423, 0xf7c609a9c35e888c62e3506f26a9a85ee0e036a7, 0x7432afee03fdabf31fc6cdc610760c548f9c7a03, 20.000273
0, 0, 0, 1575661493, 0x83053c32b7819f420dcfed2d218335fe430fe3b5, 0xf7c609a9c35e888c62e3506f26a9a85ee0e036a7, 0.0
