, TxHash, BlockHeight, TimesStamp, From, To, Value
0, 0, 0, 1576829084, 0x8427e26bffa966cf4ada8b00ad1f8f3324c087dd, 0xf8b781628af53646657ee6247131ea880e6f3336, 999.9995380000001
0, 0, 0, 1576829114, 0x83053c32b7819f420dcfed2d218335fe430fe3b5, 0xf8b781628af53646657ee6247131ea880e6f3336, 0.0
0, 0, 0, 1576829114, 0xf8b781628af53646657ee6247131ea880e6f3336, 0x7635cb2cc6e6edb8db8a92d23eedbcfb534fc793, 999.9990760000001
