, TxHash, BlockHeight, TimesStamp, From, To, Value
0, 0, 0, 1575704691, 0x52c2e3a608f7e6f32a829b017788c24309dd33ce, 0xf898f55fce9083076280764555b955bbc76f13c5, 40.000714
0, 0, 0, 1575704928, 0x83053c32b7819f420dcfed2d218335fe430fe3b5, 0xf898f55fce9083076280764555b955bbc76f13c5, 0.0
0, 0, 0, 1575705043, 0xf898f55fce9083076280764555b955bbc76f13c5, 0xab1facf1c14585c1918506a4f36a8707df77e555, 40.000294000000004
