, TxHash, BlockHeight, TimesStamp, From, To, Value
0, 0, 0, 1575532690, 0xec305a14191fa627b151f16f59183e7e274d81ed, 0xf8f590827430ea32513bb0ff60038a4234abfa4c, 199.999643
0, 0, 0, 1575532724, 0x83053c32b7819f420dcfed2d218335fe430fe3b5, 0xf8f590827430ea32513bb0ff60038a4234abfa4c, 0.0
0, 0, 0, 1575532724, 0xf8f590827430ea32513bb0ff60038a4234abfa4c, 0xe9788439b1a493b36e5abfc49757060a985e02d0, 199.999286
