, TxHash, BlockHeight, TimesStamp, From, To, Value
0, 0, 0, 1575635509, 0xaa7e35303f77a329bc2c53bbeae7f50a28e63caf, 0xf84cab478f36f7ece15723e8c1317d6ecc93aaba, 15.000357000000001
0, 0, 0, 1575635593, 0x83053c32b7819f420dcfed2d218335fe430fe3b5, 0xf84cab478f36f7ece15723e8c1317d6ecc93aaba, 0.0
0, 0, 0, 1575635802, 0xf84cab478f36f7ece15723e8c1317d6ecc93aaba, 0x69889d755aa7be685d253bf98ae42d6d1f0dc341, 14.999937000000001
