, TxHash, BlockHeight, TimesStamp, From, To, Value
0, 0, 0, 1575640778, 0x541f5c20e1504bf749ea65328fb4fdda5cc3e6b9, 0xf94c03d6bbaa46c74a994f4501f1523f6fb569ce, 10.000672000000002
0, 0, 0, 1575640803, 0x83053c32b7819f420dcfed2d218335fe430fe3b5, 0xf94c03d6bbaa46c74a994f4501f1523f6fb569ce, 0.0
0, 0, 0, 1575640803, 0xf94c03d6bbaa46c74a994f4501f1523f6fb569ce, 0xeff7ac910c5406c7bdced176729a1c4d30481655, 10.000336
