, TxHash, BlockHeight, TimesStamp, From, To, Value
0, 0, 0, 1577090849, 0x20d962e8dc9479483cc2202a25e853ee670d38ba, 0xf95e75dbdf381acc99eb40d27f551b3c2df85f62, 500.00025200000005
0, 0, 0, 1577090894, 0x83053c32b7819f420dcfed2d218335fe430fe3b5, 0xf95e75dbdf381acc99eb40d27f551b3c2df85f62, 0.0
0, 0, 0, 1577090894, 0xf95e75dbdf381acc99eb40d27f551b3c2df85f62, 0x84f4bcc4e841afdfde7899662f8bbd7d6a71c112, 500.00000000000006
