, TxHash, BlockHeight, TimesStamp, From, To, Value
0, 0, 0, 1576634566, 0x32ebef4025480287ab18b9ce61a5792862070307, 0xf92001bc5afd794f901425119a6f5ae42da25d35, 1.0
0, 0, 0, 1576634648, 0x83053c32b7819f420dcfed2d218335fe430fe3b5, 0xf92001bc5afd794f901425119a6f5ae42da25d35, 0.0
0, 0, 0, 1576635870, 0x32ebef4025480287ab18b9ce61a5792862070307, 0xf92001bc5afd794f901425119a6f5ae42da25d35, 6999.000000000001
0, 0, 0, 1576675521, 0xf92001bc5afd794f901425119a6f5ae42da25d35, 0x3e1929966029de6d4cd41c25d5b9aaea2cb5de5f, 1000.0000000000001
0, 0, 0, 1576675564, 0xf92001bc5afd794f901425119a6f5ae42da25d35, 0x4d2a3eb78ca3aa419af771517a5254724eae75e2, 1000.0000000000001
0, 0, 0, 1576675617, 0xf92001bc5afd794f901425119a6f5ae42da25d35, 0x2f2899d9aacf16cbcfd92215468ecce62cc73d4f, 1000.0000000000001
0, 0, 0, 1576675629, 0xf92001bc5afd794f901425119a6f5ae42da25d35, 0xdf826ed6d476333f36ed7054d1253a3e7cb474b3, 1000.0000000000001
0, 0, 0, 1576675707, 0xf92001bc5afd794f901425119a6f5ae42da25d35, 0x069bd2cf884d663bcdfbf7e5a43f4a884b061e50, 1000.0000000000001
0, 0, 0, 1576675719, 0xf92001bc5afd794f901425119a6f5ae42da25d35, 0x240ad1544e79ada5a0416e0a8db6ae463ad38433, 1000.0000000000001
0, 0, 0, 1576675719, 0xf92001bc5afd794f901425119a6f5ae42da25d35, 0xc9bc266cc6a6952532a987631922d17ceb36be4c, 999.99758164
