, TxHash, BlockHeight, TimesStamp, From, To, Value
0, 0, 0, 1577077334, 0x8322f6c3fa6820207e31b15d1b305cd55f626903, 0xfa053dd188ca5a25dd7980fd3bbb175ea5b9cc86, 999.9993280000001
0, 0, 0, 1577077355, 0x83053c32b7819f420dcfed2d218335fe430fe3b5, 0xfa053dd188ca5a25dd7980fd3bbb175ea5b9cc86, 0.0
0, 0, 0, 1577077358, 0xfa053dd188ca5a25dd7980fd3bbb175ea5b9cc86, 0xaa469498af7bfdf498aa485545df306464cde2a2, 999.998992
