, TxHash, BlockHeight, TimesStamp, From, To, Value
0, 0, 0, 1575661127, 0x541f5c20e1504bf749ea65328fb4fdda5cc3e6b9, 0xfa45dedf71cd3cee1fe6be2539c8fb92fba80080, 30.000546000000003
0, 0, 0, 1575661181, 0xfa45dedf71cd3cee1fe6be2539c8fb92fba80080, 0x02bede6c2bf2e6285b1fec0b53bd02046af5e13a, 30.000273000000004
0, 0, 0, 1575661257, 0x83053c32b7819f420dcfed2d218335fe430fe3b5, 0xfa45dedf71cd3cee1fe6be2539c8fb92fba80080, 0.0
