, TxHash, BlockHeight, TimesStamp, From, To, Value
0, 0, 0, 1576945746, 0x054cd0c54aaaf3adbab18dbfcf6fcc6a4978ab38, 0xfddb6f58441cc6b5bfb7af662c078a7a4e37ce0f, 5000.0
0, 0, 0, 1576945765, 0x83053c32b7819f420dcfed2d218335fe430fe3b5, 0xfddb6f58441cc6b5bfb7af662c078a7a4e37ce0f, 0.0
0, 0, 0, 1576945850, 0xfddb6f58441cc6b5bfb7af662c078a7a4e37ce0f, 0xeea340f20dd5d7502e76d9c276cc0e1802355113, 2500.000966
0, 0, 0, 1576945942, 0xfddb6f58441cc6b5bfb7af662c078a7a4e37ce0f, 0xabe39b36812dfb800727433066de833ddfadd4b2, 2499.998215
