, TxHash, BlockHeight, TimesStamp, From, To, Value
0, 0, 0, 1575676541, 0xa780a3dd6a7e588ddc16fcf8f5a5f6940782c26b, 0xfd9e9cdf2d691a8c9ab83b5a791a481c6ddbbd0a, 40.000462000000006
0, 0, 0, 1575676575, 0x83053c32b7819f420dcfed2d218335fe430fe3b5, 0xfd9e9cdf2d691a8c9ab83b5a791a481c6ddbbd0a, 0.0
0, 0, 0, 1575700142, 0xfd9e9cdf2d691a8c9ab83b5a791a481c6ddbbd0a, 0x46c0a9c5039f44d2639335575a69f36d06f4cde7, 40.000042
