, TxHash, BlockHeight, TimesStamp, From, To, Value
0, 0, 0, 1576286665, 0x630cf30ee39403cd677ea1fb564b219867b6e568, 0xfddb61d4886bd552f121bcc5873e822c7c20de3c, 1000.5000000000001
0, 0, 0, 1576286698, 0x83053c32b7819f420dcfed2d218335fe430fe3b5, 0xfddb61d4886bd552f121bcc5873e822c7c20de3c, 0.0
0, 0, 0, 1576314019, 0xfddb61d4886bd552f121bcc5873e822c7c20de3c, 0x5b9bdbc6e3dc257383711f5edb1a286d023bc7c2, 500.00000000000006
0, 0, 0, 1576485236, 0xfddb61d4886bd552f121bcc5873e822c7c20de3c, 0x1f295ca49f7f75af6785fe41a3451ac882e57b79, 500.00000000000006
0, 0, 0, 1576486011, 0xfddb61d4886bd552f121bcc5873e822c7c20de3c, 0x630cf30ee39403cd677ea1fb564b219867b6e568, 0.49867700000000004
0, 0, 0, 1578837106, 0xd2c308dab69a5a88e3d17d34ac7ec6c8432712e3, 0xfddb61d4886bd552f121bcc5873e822c7c20de3c, 1.0000000000000001e-11
