, TxHash, BlockHeight, TimesStamp, From, To, Value
0, 0, 0, 1578152095, 0x542724a5d04516cd1b14ee9a6f348c40cf8efd16, 0xfdb2dd9254118eabbc09f6b569e29095439da3d5, 288.64527
0, 0, 0, 1578152103, 0x83053c32b7819f420dcfed2d218335fe430fe3b5, 0xfdb2dd9254118eabbc09f6b569e29095439da3d5, 0.0
0, 0, 0, 1578152634, 0xfdb2dd9254118eabbc09f6b569e29095439da3d5, 0x313e3bff872fbd49b99f48fcfe11e1513e0ce859, 288.635018
0, 0, 0, 1578155025, 0x542724a5d04516cd1b14ee9a6f348c40cf8efd16, 0xfdb2dd9254118eabbc09f6b569e29095439da3d5, 577.8292700000001
0, 0, 0, 1578155326, 0xfdb2dd9254118eabbc09f6b569e29095439da3d5, 0x313e3bff872fbd49b99f48fcfe11e1513e0ce859, 577.829018
0, 0, 0, 1578155461, 0xc55e41763796698b533f343ca9fc3c4b4ed40693, 0xfdb2dd9254118eabbc09f6b569e29095439da3d5, 173.20616
0, 0, 0, 1578155670, 0xfdb2dd9254118eabbc09f6b569e29095439da3d5, 0x313e3bff872fbd49b99f48fcfe11e1513e0ce859, 173.205908
