, TxHash, BlockHeight, TimesStamp, From, To, Value
0, 0, 0, 1575365608, 0xdfe60534291bb4a3b308b7c31684cec69d3cde05, 0xfee290961c481cacde8ae48244a0f4b1b92f06cb, 9.997060000000001
0, 0, 0, 1575465691, 0x83053c32b7819f420dcfed2d218335fe430fe3b5, 0xfee290961c481cacde8ae48244a0f4b1b92f06cb, 0.0
0, 0, 0, 1575536216, 0xfee290961c481cacde8ae48244a0f4b1b92f06cb, 0xcd476307999272fe506233672f77b89d6002a2d5, 9.791580000000002
