, TxHash, BlockHeight, TimesStamp, From, To, Value
0, 0, 0, 1575654972, 0xca917f264471447d72d29b8e08ce94c0b018742a, 0xfeeb46f6ce0cf801e80849fe55248958b9be014b, 15.000294
0, 0, 0, 1575654993, 0xfeeb46f6ce0cf801e80849fe55248958b9be014b, 0xc1292d5598a4887b8eb5a557688f21f8f9661bcf, 15.000000000000002
0, 0, 0, 1575655058, 0x83053c32b7819f420dcfed2d218335fe430fe3b5, 0xfeeb46f6ce0cf801e80849fe55248958b9be014b, 0.0
