, TxHash, BlockHeight, TimesStamp, From, To, Value
0, 0, 0, 1575707384, 0x52c2e3a608f7e6f32a829b017788c24309dd33ce, 0xfe7cba1b9dae84063f32c5afc7ffe40dcde27ccb, 20.000504000000003
0, 0, 0, 1575707428, 0xfe7cba1b9dae84063f32c5afc7ffe40dcde27ccb, 0x5988ed36cf47caa9621771ed4b8568b1a6beed59, 20.000252
0, 0, 0, 1575707592, 0x83053c32b7819f420dcfed2d218335fe430fe3b5, 0xfe7cba1b9dae84063f32c5afc7ffe40dcde27ccb, 0.0
