, TxHash, BlockHeight, TimesStamp, From, To, Value
0, 0, 0, 1575726328, 0xfb8d950cd3c1e5221d3a04d4f8ef656f521e3a00, 0xfeefc9b1c8bcde0a900bfb9c1486e4a740144f55, 15.000336
0, 0, 0, 1575726563, 0xfeefc9b1c8bcde0a900bfb9c1486e4a740144f55, 0x52c2e3a608f7e6f32a829b017788c24309dd33ce, 14.999916
0, 0, 0, 1575726574, 0x83053c32b7819f420dcfed2d218335fe430fe3b5, 0xfeefc9b1c8bcde0a900bfb9c1486e4a740144f55, 0.0
