, TxHash, BlockHeight, TimesStamp, From, To, Value
0, 0, 0, 1576566449, 0x03ca479de5e6e0b9688b5af488c197ec7b0b128a, 0xff315e16e2110ea8ac00502f568e357cdfdb9f47, 524.3653330748581
0, 0, 0, 1576566468, 0xff315e16e2110ea8ac00502f568e357cdfdb9f47, 0xd04b69d1b837c5cfdab3023080609cf76ac17030, 524.365060074858
0, 0, 0, 1576566497, 0x83053c32b7819f420dcfed2d218335fe430fe3b5, 0xff315e16e2110ea8ac00502f568e357cdfdb9f47, 0.0
