, TxHash, BlockHeight, TimesStamp, From, To, Value
0, 0, 0, 1457979026, 0x1a4a1797cfc41bf5c17a647575e9b9df30942d49, , 0.037000000000000005
0, 0, 0, 1459540405, 0x1a4a1797cfc41bf5c17a647575e9b9df30942d49, 0x24ec083b6a022099003e3d035fed48b9a58296e5, 3.0
0, 0, 0, 1473722642, 0x6f68a1cc664e0be72ae8ec9fdb66ee2366f92311, 0x24ec083b6a022099003e3d035fed48b9a58296e5, 0.9879000000000001
0, 0, 0, 1473723185, 0x6f68a1cc664e0be72ae8ec9fdb66ee2366f92311, 0x24ec083b6a022099003e3d035fed48b9a58296e5, 0.9879000000000001
0, 0, 0, 1473723665, 0x6f68a1cc664e0be72ae8ec9fdb66ee2366f92311, 0x24ec083b6a022099003e3d035fed48b9a58296e5, 0.0001
0, 0, 0, 1473724114, 0x6f68a1cc664e0be72ae8ec9fdb66ee2366f92311, 0x24ec083b6a022099003e3d035fed48b9a58296e5, 0.5
0, 0, 0, 1501283797, 0xc456b92394df10a4635ed5930e74d7bc43d9db57, 0x24ec083b6a022099003e3d035fed48b9a58296e5, 0.0
0, 0, 0, 1501284644, 0xc597ce61d5264d69d96128aaa8b65b1c8b87df50, 0x24ec083b6a022099003e3d035fed48b9a58296e5, 0.0
0, 0, 0, 1501284951, 0xc597ce61d5264d69d96128aaa8b65b1c8b87df50, 0x24ec083b6a022099003e3d035fed48b9a58296e5, 0.0
0, 0, 0, 1501285051, 0xc597ce61d5264d69d96128aaa8b65b1c8b87df50, 0x24ec083b6a022099003e3d035fed48b9a58296e5, 0.0
0, 0, 0, 1501285502, 0xc597ce61d5264d69d96128aaa8b65b1c8b87df50, 0x24ec083b6a022099003e3d035fed48b9a58296e5, 0.0
0, 0, 0, 1501286502, 0xc597ce61d5264d69d96128aaa8b65b1c8b87df50, 0x24ec083b6a022099003e3d035fed48b9a58296e5, 0.0
0, 0, 0, 1501286751, 0xc597ce61d5264d69d96128aaa8b65b1c8b87df50, 0x24ec083b6a022099003e3d035fed48b9a58296e5, 0.0
0, 0, 0, 1501287470, 0xc597ce61d5264d69d96128aaa8b65b1c8b87df50, 0x24ec083b6a022099003e3d035fed48b9a58296e5, 0.01
0, 0, 0, 1502548434, 0x00b302f95c8dde66de9fe93d040694d8602ae1ca, 0x24ec083b6a022099003e3d035fed48b9a58296e5, 0.001
