, TxHash, BlockHeight, TimesStamp, From, To, Value
0, 0, 0, 1460221350, 0xebb8cd1cee016ad4b5b54d9f686523223e4ed273, , 0.0
0, 0, 0, 1460221549, 0xebb8cd1cee016ad4b5b54d9f686523223e4ed273, 0x2a53f42ad8bba138c21b50a4e5711f18381a61e9, 200.00000000000003
0, 0, 0, 1460221687, 0x6d6d757644f1fc61aa4361365819d66acf017b57, 0x2a53f42ad8bba138c21b50a4e5711f18381a61e9, 100.00000000000001
0, 0, 0, 1460287573, 0x2ff080a723010c7ddbd923f50a1083f93173030c, 0x2a53f42ad8bba138c21b50a4e5711f18381a61e9, 100.00000000000001
0, 0, 0, 1460287665, 0xebb8cd1cee016ad4b5b54d9f686523223e4ed273, 0x2a53f42ad8bba138c21b50a4e5711f18381a61e9, 100.00000000000001
0, 0, 0, 1464524236, 0x005c3e23a55125f5ffaeb3e979ba5ac6deecf285, 0x2a53f42ad8bba138c21b50a4e5711f18381a61e9, 0.0
0, 0, 0, 1469481645, 0xebb8cd1cee016ad4b5b54d9f686523223e4ed273, 0x2a53f42ad8bba138c21b50a4e5711f18381a61e9, 100.00000000000001
