, TxHash, BlockHeight, TimesStamp, From, To, Value
0, 0, 0, 1459815044, 0x89a64c31240eee15e8884667ad1877761c63afe6, , 0.0
0, 0, 0, 1459815256, 0xa6e2e910515e6cf485462eeb6e454df33c60cb0e, 0x4229a873bbd207deef8f41e807e563c26033d118, 1.0
0, 0, 0, 1459815272, 0x89a64c31240eee15e8884667ad1877761c63afe6, 0x4229a873bbd207deef8f41e807e563c26033d118, 1.0
0, 0, 0, 1459815288, 0xd678de961ca01bbaea3e0b347141cd1ed8f10c36, 0x4229a873bbd207deef8f41e807e563c26033d118, 3.0
0, 0, 0, 1459815313, 0x9d3baa3b83a3e4e7171d2dd73cdbd8ef5dae4012, 0x4229a873bbd207deef8f41e807e563c26033d118, 6.0
0, 0, 0, 1459815345, 0xa6e2e910515e6cf485462eeb6e454df33c60cb0e, 0x4229a873bbd207deef8f41e807e563c26033d118, 10.0
0, 0, 0, 1459815377, 0x9d3baa3b83a3e4e7171d2dd73cdbd8ef5dae4012, 0x4229a873bbd207deef8f41e807e563c26033d118, 12.0
0, 0, 0, 1459815397, 0xa6e2e910515e6cf485462eeb6e454df33c60cb0e, 0x4229a873bbd207deef8f41e807e563c26033d118, 6.0
0, 0, 0, 1459815535, 0x89a64c31240eee15e8884667ad1877761c63afe6, 0x4229a873bbd207deef8f41e807e563c26033d118, 10.0
0, 0, 0, 1459815590, 0x5dec981c2216c6390475dd891909a4b023919267, 0x4229a873bbd207deef8f41e807e563c26033d118, 3.0
0, 0, 0, 1459815605, 0x06046ea78a22369223573f2ddbd692351d062b91, 0x4229a873bbd207deef8f41e807e563c26033d118, 27.000000000000004
0, 0, 0, 1459815624, 0x18106ec466f97192f0d65a350d251004309a4a6b, 0x4229a873bbd207deef8f41e807e563c26033d118, 4.0
0, 0, 0, 1459815655, 0x07e2eb7b824df3252f4a1c2da2ad99bcd6b5b7cd, 0x4229a873bbd207deef8f41e807e563c26033d118, 4.0
0, 0, 0, 1459815655, 0xb98320de78c369553d75636ad95a36bb4e001bf4, 0x4229a873bbd207deef8f41e807e563c26033d118, 10.0
0, 0, 0, 1459816602, 0x00b6c88764f96755cf7f5e3d708c3997bcaf6eed, 0x4229a873bbd207deef8f41e807e563c26033d118, 2.0
0, 0, 0, 1460072098, 0x06046ea78a22369223573f2ddbd692351d062b91, 0x4229a873bbd207deef8f41e807e563c26033d118, 30.000000000000004
0, 0, 0, 1460072193, 0x06046ea78a22369223573f2ddbd692351d062b91, 0x4229a873bbd207deef8f41e807e563c26033d118, 5.0
0, 0, 0, 1460072259, 0x06046ea78a22369223573f2ddbd692351d062b91, 0x4229a873bbd207deef8f41e807e563c26033d118, 1.0
0, 0, 0, 1460072373, 0x06046ea78a22369223573f2ddbd692351d062b91, 0x4229a873bbd207deef8f41e807e563c26033d118, 3.0
0, 0, 0, 1460094842, 0x89a64c31240eee15e8884667ad1877761c63afe6, 0x4229a873bbd207deef8f41e807e563c26033d118, 0.0
