, TxHash, BlockHeight, TimesStamp, From, To, Value
0, 0, 0, 1459726698, 0xb5735aa45cc756430151bf460a647a33ec2c057d, , 0.0
0, 0, 0, 1459730032, 0xb5735aa45cc756430151bf460a647a33ec2c057d, 0x49f053b866c33185fa1151e71fc80d5fe6b08a92, 1.0
0, 0, 0, 1459755348, 0xba098847cd67facb8745e73f36fb0e04f748d805, 0x49f053b866c33185fa1151e71fc80d5fe6b08a92, 0.10226311636363639
0, 0, 0, 1459761934, 0xb5735aa45cc756430151bf460a647a33ec2c057d, 0x49f053b866c33185fa1151e71fc80d5fe6b08a92, 1.0
0, 0, 0, 1459980549, 0xb5735aa45cc756430151bf460a647a33ec2c057d, 0x49f053b866c33185fa1151e71fc80d5fe6b08a92, 0.12000000000000001
