, TxHash, BlockHeight, TimesStamp, From, To, Value
0, 0, 0, 1503392065, 0x288ae6c4fcb11771359f9ee33855043e76c0a8fa, , 0.0
0, 0, 0, 1503392482, 0xdaa94edde204934138ef1487303bc08a1afa45dc, 0x53344c813fbc35890a7304187dc920358b5acf4a, 0.001
0, 0, 0, 1503394733, 0xd92241320e226ffdb2a80e5c08ac5eee6dbc8a93, 0x53344c813fbc35890a7304187dc920358b5acf4a, 0.005
0, 0, 0, 1503396716, 0x288ae6c4fcb11771359f9ee33855043e76c0a8fa, 0x53344c813fbc35890a7304187dc920358b5acf4a, 0.0
0, 0, 0, 1503454332, 0x288ae6c4fcb11771359f9ee33855043e76c0a8fa, 0x53344c813fbc35890a7304187dc920358b5acf4a, 0.0
0, 0, 0, 1503454416, 0x288ae6c4fcb11771359f9ee33855043e76c0a8fa, 0x53344c813fbc35890a7304187dc920358b5acf4a, 0.0
0, 0, 0, 1503843287, 0xeaaae01d520d791d1f595e3eda90b46af3b4797d, 0x53344c813fbc35890a7304187dc920358b5acf4a, 0.05
0, 0, 0, 1503910274, 0x9da30fa822cfd6c796db789b9d2fdfd448056d2e, 0x53344c813fbc35890a7304187dc920358b5acf4a, 0.013000000000000001
0, 0, 0, 1503910415, 0x9da30fa822cfd6c796db789b9d2fdfd448056d2e, 0x53344c813fbc35890a7304187dc920358b5acf4a, 0.02
0, 0, 0, 1503910503, 0x9da30fa822cfd6c796db789b9d2fdfd448056d2e, 0x53344c813fbc35890a7304187dc920358b5acf4a, 0.060000000000000005
0, 0, 0, 1503910913, 0x9da30fa822cfd6c796db789b9d2fdfd448056d2e, 0x53344c813fbc35890a7304187dc920358b5acf4a, 0.02
0, 0, 0, 1503911141, 0x9da30fa822cfd6c796db789b9d2fdfd448056d2e, 0x53344c813fbc35890a7304187dc920358b5acf4a, 0.02
0, 0, 0, 1503911709, 0x9da30fa822cfd6c796db789b9d2fdfd448056d2e, 0x53344c813fbc35890a7304187dc920358b5acf4a, 0.0
0, 0, 0, 1503913172, 0xdaa94edde204934138ef1487303bc08a1afa45dc, 0x53344c813fbc35890a7304187dc920358b5acf4a, 0.0
0, 0, 0, 1503916378, 0xa6e1d5cf810b3cd6900c22432b54721defb9c4e0, 0x53344c813fbc35890a7304187dc920358b5acf4a, 0.0
