, TxHash, BlockHeight, TimesStamp, From, To, Value
0, 0, 0, 1480542993, 0x000a37ae471d9a507379e4f6decde48f264cec72, , 0.0
0, 0, 0, 1480543384, 0x000a37ae471d9a507379e4f6decde48f264cec72, 0x6adf9e666e3e85876b1ba25edb31799faad8417b, 110.00000000000001
0, 0, 0, 1480610719, 0xb7b8f253f9df281efe9e34f07f598f9817d6eb83, 0x6adf9e666e3e85876b1ba25edb31799faad8417b, 100.00000000000001
