, TxHash, BlockHeight, TimesStamp, From, To, Value
0, 0, 0, 1460299493, 0xab914e7b04f1b6ed397dbce175eec827563c91bd, , 0.0
0, 0, 0, 1460299610, 0x390a5a3ebd56435644788f3cf4ccedad09177127, 0x78d4f849aab2b0a5a66f76b9b1ff47da5a9ae492, 0.1
0, 0, 0, 1460299704, 0x390a5a3ebd56435644788f3cf4ccedad09177127, 0x78d4f849aab2b0a5a66f76b9b1ff47da5a9ae492, 0.1
0, 0, 0, 1460300022, 0xab914e7b04f1b6ed397dbce175eec827563c91bd, 0x78d4f849aab2b0a5a66f76b9b1ff47da5a9ae492, 0.0
0, 0, 0, 1460300130, 0xab914e7b04f1b6ed397dbce175eec827563c91bd, 0x78d4f849aab2b0a5a66f76b9b1ff47da5a9ae492, 0.0
0, 0, 0, 1460300222, 0xab914e7b04f1b6ed397dbce175eec827563c91bd, 0x78d4f849aab2b0a5a66f76b9b1ff47da5a9ae492, 0.10001
0, 0, 0, 1460300333, 0xab914e7b04f1b6ed397dbce175eec827563c91bd, 0x78d4f849aab2b0a5a66f76b9b1ff47da5a9ae492, 0.0
0, 0, 0, 1460327518, 0xab914e7b04f1b6ed397dbce175eec827563c91bd, 0x78d4f849aab2b0a5a66f76b9b1ff47da5a9ae492, 0.0
0, 0, 0, 1460327553, 0x390a5a3ebd56435644788f3cf4ccedad09177127, 0x78d4f849aab2b0a5a66f76b9b1ff47da5a9ae492, 0.05
0, 0, 0, 1460327609, 0x390a5a3ebd56435644788f3cf4ccedad09177127, 0x78d4f849aab2b0a5a66f76b9b1ff47da5a9ae492, 0.060000000000000005
0, 0, 0, 1460327997, 0xab914e7b04f1b6ed397dbce175eec827563c91bd, 0x78d4f849aab2b0a5a66f76b9b1ff47da5a9ae492, 0.0
