, TxHash, BlockHeight, TimesStamp, From, To, Value
0, 0, 0, 1459836441, 0x56f0bf1ff1c7526687fdf61b0e6889a105dfcfc5, , 0.0
0, 0, 0, 1459836541, 0x2e10093233c94d02552b927cc78e5a31a9a40789, 0x89c2352cb600df56fe4bfb5882caadef3e96213f, 1.0010000000000001
0, 0, 0, 1459836567, 0xab914e7b04f1b6ed397dbce175eec827563c91bd, 0x89c2352cb600df56fe4bfb5882caadef3e96213f, 1.0010000000000001
