, TxHash, BlockHeight, TimesStamp, From, To, Value
0, 0, 0, 1501733751, 0x998e85922db63cd170fc7acb6f7d6ecdaff12afe, , 0.0
0, 0, 0, 1501734455, 0x998e85922db63cd170fc7acb6f7d6ecdaff12afe, 0x934e65cead3c1c2824ed75d54768d53fa44e4e17, 0.0
0, 0, 0, 1501736509, 0x998e85922db63cd170fc7acb6f7d6ecdaff12afe, 0x934e65cead3c1c2824ed75d54768d53fa44e4e17, 0.0
0, 0, 0, 1501736691, 0x998e85922db63cd170fc7acb6f7d6ecdaff12afe, 0x934e65cead3c1c2824ed75d54768d53fa44e4e17, 0.01
0, 0, 0, 1501737427, 0x998e85922db63cd170fc7acb6f7d6ecdaff12afe, 0x934e65cead3c1c2824ed75d54768d53fa44e4e17, 0.01
0, 0, 0, 1503867918, 0x0d842469a9bfb51f50290939bf9117da2de44a64, 0x934e65cead3c1c2824ed75d54768d53fa44e4e17, 0.030000000000000002
0, 0, 0, 1503868336, 0x0d842469a9bfb51f50290939bf9117da2de44a64, 0x934e65cead3c1c2824ed75d54768d53fa44e4e17, 0.09000000000000001
