, TxHash, BlockHeight, TimesStamp, From, To, Value
0, 0, 0, 1459999178, 0x7e6f7232ddddc7d5a075150db12e5235455d9432, , 0.0
0, 0, 0, 1460007654, 0x7e6f7232ddddc7d5a075150db12e5235455d9432, 0x99d982e49bcb5465a6b4c1e0ec4341c912d9ba42, 5.010000000000001
0, 0, 0, 1460007696, 0x7e6f7232ddddc7d5a075150db12e5235455d9432, 0x99d982e49bcb5465a6b4c1e0ec4341c912d9ba42, 5.010000000000001
0, 0, 0, 1460010971, 0x7e6f7232ddddc7d5a075150db12e5235455d9432, 0x99d982e49bcb5465a6b4c1e0ec4341c912d9ba42, 0.0
