, TxHash, BlockHeight, TimesStamp, From, To, Value
0, 0, 0, 1459810280, 0x6b2cb4517b00888ad000f72bfb7b38503aa045b0, , 0.0
0, 0, 0, 1459810746, 0x6b2cb4517b00888ad000f72bfb7b38503aa045b0, 0xa259e6bcade86c770cb5214c789ee107662831a6, 0.41000000000000003
0, 0, 0, 1459810815, 0x6b2cb4517b00888ad000f72bfb7b38503aa045b0, 0xa259e6bcade86c770cb5214c789ee107662831a6, 0.41000000000000003
0, 0, 0, 1459820487, 0xb5735aa45cc756430151bf460a647a33ec2c057d, 0xa259e6bcade86c770cb5214c789ee107662831a6, 0.49881826480004304
