, TxHash, BlockHeight, TimesStamp, From, To, Value
0, 0, 0, 1459941051, 0xb5735aa45cc756430151bf460a647a33ec2c057d, , 0.0
0, 0, 0, 1459941738, 0xb5735aa45cc756430151bf460a647a33ec2c057d, 0xbe46324018124b2d604c2f3eae91d3de9b388b09, 0.01
0, 0, 0, 1459980399, 0x9437ae025732c6591d0ff58840b99a5046c229f2, 0xbe46324018124b2d604c2f3eae91d3de9b388b09, 0.05790435000000001
0, 0, 0, 1459997892, 0x1c6256ea8168aba7f69ce01424682d9da588f89a, 0xbe46324018124b2d604c2f3eae91d3de9b388b09, 0.0082842
0, 0, 0, 1460026787, 0xba098847cd67facb8745e73f36fb0e04f748d805, 0xbe46324018124b2d604c2f3eae91d3de9b388b09, 0.001748232181904309
0, 0, 0, 1460027137, 0xb5735aa45cc756430151bf460a647a33ec2c057d, 0xbe46324018124b2d604c2f3eae91d3de9b388b09, 1.42207589583508
0, 0, 0, 1460027294, 0x9437ae025732c6591d0ff58840b99a5046c229f2, 0xbe46324018124b2d604c2f3eae91d3de9b388b09, 0.11354822
0, 0, 0, 1460211376, 0xba098847cd67facb8745e73f36fb0e04f748d805, 0xbe46324018124b2d604c2f3eae91d3de9b388b09, 0.003184456545712927
0, 0, 0, 1460211496, 0x1c6256ea8168aba7f69ce01424682d9da588f89a, 0xbe46324018124b2d604c2f3eae91d3de9b388b09, 0.022692240000000002
0, 0, 0, 1460211642, 0xb5735aa45cc756430151bf460a647a33ec2c057d, 0xbe46324018124b2d604c2f3eae91d3de9b388b09, 0.41747244000000006
0, 0, 0, 1460240634, 0xb5735aa45cc756430151bf460a647a33ec2c057d, 0xbe46324018124b2d604c2f3eae91d3de9b388b09, 0.19695725
0, 0, 0, 1460343828, 0xb5735aa45cc756430151bf460a647a33ec2c057d, 0xbe46324018124b2d604c2f3eae91d3de9b388b09, 0.19453708
0, 0, 0, 1460343966, 0xb5735aa45cc756430151bf460a647a33ec2c057d, 0xbe46324018124b2d604c2f3eae91d3de9b388b09, 0.5
0, 0, 0, 1460344131, 0x9437ae025732c6591d0ff58840b99a5046c229f2, 0xbe46324018124b2d604c2f3eae91d3de9b388b09, 0.20212631600000003
0, 0, 0, 1460344254, 0xba098847cd67facb8745e73f36fb0e04f748d805, 0xbe46324018124b2d604c2f3eae91d3de9b388b09, 0.007493129637138781
0, 0, 0, 1460344482, 0x1c6256ea8168aba7f69ce01424682d9da588f89a, 0xbe46324018124b2d604c2f3eae91d3de9b388b09, 0.043224120000000005
0, 0, 0, 1460344568, 0xb5735aa45cc756430151bf460a647a33ec2c057d, 0xbe46324018124b2d604c2f3eae91d3de9b388b09, 1.6263636037526201
0, 0, 0, 1460345270, 0xb5735aa45cc756430151bf460a647a33ec2c057d, 0xbe46324018124b2d604c2f3eae91d3de9b388b09, 0.16
