, TxHash, BlockHeight, TimesStamp, From, To, Value
0, 0, 0, 1461585775, 0xd6ecf6ef121dba857fa6e539fa3e20943b9f9f4c, , 0.0
0, 0, 0, 1461585879, 0xd6ecf6ef121dba857fa6e539fa3e20943b9f9f4c, 0xc357a046c5c13bb4e6d918a208b8b4a0ab2f2efd, 0.5
0, 0, 0, 1461586368, 0xa87bf61080e36165cca813bbe52e08bd55462c16, 0xc357a046c5c13bb4e6d918a208b8b4a0ab2f2efd, 0.29400000000000004
0, 0, 0, 1461586775, 0xfdad1a1750abc67e4d2ba70b5b06906bb3528fbe, 0xc357a046c5c13bb4e6d918a208b8b4a0ab2f2efd, 0.796
0, 0, 0, 1461841507, 0xd6ecf6ef121dba857fa6e539fa3e20943b9f9f4c, 0xc357a046c5c13bb4e6d918a208b8b4a0ab2f2efd, 1.0000000000000001e-07
