, TxHash, BlockHeight, TimesStamp, From, To, Value
0, 0, 0, 1504262542, 0x288ae6c4fcb11771359f9ee33855043e76c0a8fa, , 0.0
0, 0, 0, 1504263277, 0x288ae6c4fcb11771359f9ee33855043e76c0a8fa, 0xd92d62ce8504e5c61aa17d9a9b13c65dbd77c268, 0.0
0, 0, 0, 1504333792, 0x9da30fa822cfd6c796db789b9d2fdfd448056d2e, 0xd92d62ce8504e5c61aa17d9a9b13c65dbd77c268, 0.02
0, 0, 0, 1504511220, 0x85768ecbb7dae80818ece7382e671f8640ddd8b7, 0xd92d62ce8504e5c61aa17d9a9b13c65dbd77c268, 0.018000000000000002
0, 0, 0, 1504512114, 0xa6e1d5cf810b3cd6900c22432b54721defb9c4e0, 0xd92d62ce8504e5c61aa17d9a9b13c65dbd77c268, 0.0
0, 0, 0, 1504512649, 0x85768ecbb7dae80818ece7382e671f8640ddd8b7, 0xd92d62ce8504e5c61aa17d9a9b13c65dbd77c268, 0.013000000000000001
0, 0, 0, 1504515591, 0xa6e1d5cf810b3cd6900c22432b54721defb9c4e0, 0xd92d62ce8504e5c61aa17d9a9b13c65dbd77c268, 0.0
0, 0, 0, 1504516147, 0xa6e1d5cf810b3cd6900c22432b54721defb9c4e0, 0xd92d62ce8504e5c61aa17d9a9b13c65dbd77c268, 0.0
0, 0, 0, 1504516322, 0xa6e1d5cf810b3cd6900c22432b54721defb9c4e0, 0xd92d62ce8504e5c61aa17d9a9b13c65dbd77c268, 0.0
0, 0, 0, 1504521642, 0x85768ecbb7dae80818ece7382e671f8640ddd8b7, 0xd92d62ce8504e5c61aa17d9a9b13c65dbd77c268, 0.0
0, 0, 0, 1504604876, 0xa6e1d5cf810b3cd6900c22432b54721defb9c4e0, 0xd92d62ce8504e5c61aa17d9a9b13c65dbd77c268, 0.0
0, 0, 0, 1504605163, 0xa6e1d5cf810b3cd6900c22432b54721defb9c4e0, 0xd92d62ce8504e5c61aa17d9a9b13c65dbd77c268, 0.0
0, 0, 0, 1504605760, 0xa6e1d5cf810b3cd6900c22432b54721defb9c4e0, 0xd92d62ce8504e5c61aa17d9a9b13c65dbd77c268, 0.0
0, 0, 0, 1504606412, 0x85768ecbb7dae80818ece7382e671f8640ddd8b7, 0xd92d62ce8504e5c61aa17d9a9b13c65dbd77c268, 0.0
0, 0, 0, 1504606874, 0x85768ecbb7dae80818ece7382e671f8640ddd8b7, 0xd92d62ce8504e5c61aa17d9a9b13c65dbd77c268, 0.0
0, 0, 0, 1504608201, 0x9da30fa822cfd6c796db789b9d2fdfd448056d2e, 0xd92d62ce8504e5c61aa17d9a9b13c65dbd77c268, 0.0
0, 0, 0, 1504776413, 0x9da30fa822cfd6c796db789b9d2fdfd448056d2e, 0xd92d62ce8504e5c61aa17d9a9b13c65dbd77c268, 0.0
