, TxHash, BlockHeight, TimesStamp, From, To, Value
0, 0, 0, 1502202689, 0xd5b1e4a1eea2bc3139fab6fdf505f52ce09f495e, , 0.0
0, 0, 0, 1502205425, 0xd5b1e4a1eea2bc3139fab6fdf505f52ce09f495e, 0xfc3c1c0550188c649f70e78787c8cd9ff9d3b8d4, 0.004425107204121056
0, 0, 0, 1502205425, 0xd5b1e4a1eea2bc3139fab6fdf505f52ce09f495e, 0xfc3c1c0550188c649f70e78787c8cd9ff9d3b8d4, 0.002212553602060528
0, 0, 0, 1502205425, 0xd5b1e4a1eea2bc3139fab6fdf505f52ce09f495e, 0xfc3c1c0550188c649f70e78787c8cd9ff9d3b8d4, 0.002212553602060528
0, 0, 0, 1502205425, 0xd5b1e4a1eea2bc3139fab6fdf505f52ce09f495e, 0xfc3c1c0550188c649f70e78787c8cd9ff9d3b8d4, 0.002212553602060528
0, 0, 0, 1502205425, 0xd5b1e4a1eea2bc3139fab6fdf505f52ce09f495e, 0xfc3c1c0550188c649f70e78787c8cd9ff9d3b8d4, 0.002212553602060528
0, 0, 0, 1502205425, 0xd5b1e4a1eea2bc3139fab6fdf505f52ce09f495e, 0xfc3c1c0550188c649f70e78787c8cd9ff9d3b8d4, 0.002212553602060528
0, 0, 0, 1502205800, 0xd5b1e4a1eea2bc3139fab6fdf505f52ce09f495e, 0xfc3c1c0550188c649f70e78787c8cd9ff9d3b8d4, 0.006017292644869971
0, 0, 0, 1502206172, 0xd5b1e4a1eea2bc3139fab6fdf505f52ce09f495e, 0xfc3c1c0550188c649f70e78787c8cd9ff9d3b8d4, 0.003738004820005562
0, 0, 0, 1502206257, 0xd5b1e4a1eea2bc3139fab6fdf505f52ce09f495e, 0xfc3c1c0550188c649f70e78787c8cd9ff9d3b8d4, 0.003738004820005562
0, 0, 0, 1502476015, 0xd5b1e4a1eea2bc3139fab6fdf505f52ce09f495e, 0xfc3c1c0550188c649f70e78787c8cd9ff9d3b8d4, 0.0043295750075640635
0, 0, 0, 1502478675, 0xd5b1e4a1eea2bc3139fab6fdf505f52ce09f495e, 0xfc3c1c0550188c649f70e78787c8cd9ff9d3b8d4, 0.011917279626964589
0, 0, 0, 1504011128, 0x215cf560ffc1b9a75ccaf00a59fe36444ee4275c, 0xfc3c1c0550188c649f70e78787c8cd9ff9d3b8d4, 0.004010431025141931
0, 0, 0, 1504059276, 0x215cf560ffc1b9a75ccaf00a59fe36444ee4275c, 0xfc3c1c0550188c649f70e78787c8cd9ff9d3b8d4, 0.001542130517437145
0, 0, 0, 1516713816, 0x9d67c181b56a8194301553eda5a91b1331acb025, 0xfc3c1c0550188c649f70e78787c8cd9ff9d3b8d4, 0.005
