, TxHash, BlockHeight, TimesStamp, From, To, Value
0, 0, 0, 1459281723, 0xab092d201ccdbd22a08c13e717841d09bf61fb84, , 0.0
0, 0, 0, 1459281805, 0xab092d201ccdbd22a08c13e717841d09bf61fb84, 0xfe3672eff595cfd36ed05aaf4622d1aec3b5e852, 0.02
0, 0, 0, 1459281943, 0x2ff080a723010c7ddbd923f50a1083f93173030c, 0xfe3672eff595cfd36ed05aaf4622d1aec3b5e852, 0.060000000000000005
0, 0, 0, 1459351682, 0xb3e3429824d31ba87edea73fac823a67f44c6015, 0xfe3672eff595cfd36ed05aaf4622d1aec3b5e852, 1.0
0, 0, 0, 1459450309, 0x2ff080a723010c7ddbd923f50a1083f93173030c, 0xfe3672eff595cfd36ed05aaf4622d1aec3b5e852, 5.0
0, 0, 0, 1459632578, 0xebb8cd1cee016ad4b5b54d9f686523223e4ed273, 0xfe3672eff595cfd36ed05aaf4622d1aec3b5e852, 2.5
0, 0, 0, 1459632700, 0xebb8cd1cee016ad4b5b54d9f686523223e4ed273, 0xfe3672eff595cfd36ed05aaf4622d1aec3b5e852, 1.0
0, 0, 0, 1459632827, 0xebb8cd1cee016ad4b5b54d9f686523223e4ed273, 0xfe3672eff595cfd36ed05aaf4622d1aec3b5e852, 0.5
0, 0, 0, 1459632934, 0xebb8cd1cee016ad4b5b54d9f686523223e4ed273, 0xfe3672eff595cfd36ed05aaf4622d1aec3b5e852, 0.5
0, 0, 0, 1459633108, 0xebb8cd1cee016ad4b5b54d9f686523223e4ed273, 0xfe3672eff595cfd36ed05aaf4622d1aec3b5e852, 0.5
0, 0, 0, 1510498811, 0x2299286a1631f06e54e3600cb846eaead97c9d10, 0xfe3672eff595cfd36ed05aaf4622d1aec3b5e852, 0.0
0, 0, 0, 1526238676, 0x293493dc8a6379a9913b1b1f579a0c90f7d99a49, 0xfe3672eff595cfd36ed05aaf4622d1aec3b5e852, 0.0
0, 0, 0, 1535651580, 0x7b5f9141e26e581862205ec32f2aca8878bc708c, 0xfe3672eff595cfd36ed05aaf4622d1aec3b5e852, 0.0
0, 0, 0, 1548589648, 0x2e14a7f1695b732474ff817236d32d7d3fffc9ab, 0xfe3672eff595cfd36ed05aaf4622d1aec3b5e852, 2e-17
0, 0, 0, 1548589733, 0x2e14a7f1695b732474ff817236d32d7d3fffc9ab, 0xfe3672eff595cfd36ed05aaf4622d1aec3b5e852, 2e-17
0, 0, 0, 1548589741, 0x2e14a7f1695b732474ff817236d32d7d3fffc9ab, 0xfe3672eff595cfd36ed05aaf4622d1aec3b5e852, 2e-17
0, 0, 0, 1548589867, 0x2e14a7f1695b732474ff817236d32d7d3fffc9ab, 0xfe3672eff595cfd36ed05aaf4622d1aec3b5e852, 2e-17
0, 0, 0, 1548589945, 0x2e14a7f1695b732474ff817236d32d7d3fffc9ab, 0xfe3672eff595cfd36ed05aaf4622d1aec3b5e852, 2e-17
0, 0, 0, 1548590090, 0x2e14a7f1695b732474ff817236d32d7d3fffc9ab, 0xfe3672eff595cfd36ed05aaf4622d1aec3b5e852, 2.1000000000000002e-17
